country,crop,year,area_ha,production_t,yield_raw,yield_t_ha,producer_price_usd_t,output_value_usd
Benin,Cassava,1961,74000.0,280000.0,3783.8,3.7837837837837838,,
Benin,Cassava,1962,82000.0,320000.0,3902.4,3.902439024390244,,
Benin,Cassava,1963,84000.0,330000.0,3928.6,3.9285714285714284,,
Benin,Cassava,1964,90000.0,350000.0,3888.9,3.888888888888889,,
Benin,Cassava,1965,98000.0,400000.0,4081.6,4.081632653061225,,
Benin,Cassava,1966,91000.0,550000.0,6044.0,6.043956043956044,,
Benin,Cassava,1967,75000.0,450000.0,6000.0,6.0,,
Benin,Cassava,1968,70000.0,425000.0,6071.4,6.071428571428571,,
Benin,Cassava,1969,107950.0,500000.0,4631.8,4.6317739694302915,,
Benin,Cassava,1970,115910.0,510000.0,4400.0,4.399965490466742,,
Benin,Cassava,1971,107613.0,600000.0,5575.5,5.575534554375401,,
Benin,Cassava,1972,100500.0,615000.0,6119.4,6.119402985074627,,
Benin,Cassava,1973,96800.0,599300.0,6191.1,6.191115702479339,,
Benin,Cassava,1974,96500.0,577500.0,5984.5,5.984455958549223,,
Benin,Cassava,1975,76800.0,561800.0,7315.1,7.315104166666667,,
Benin,Cassava,1976,79400.0,623600.0,7853.9,7.853904282115869,,
Benin,Cassava,1977,84900.0,624562.0,7356.4,7.3564428739693755,,
Benin,Cassava,1978,110700.0,721201.0,6514.9,6.514914182475158,,
Benin,Cassava,1979,113300.0,735224.0,6489.2,6.489179170344219,,
Benin,Cassava,1980,88479.0,582700.0,6585.7,6.585743509759378,,
Benin,Cassava,1981,93609.0,575235.0,6145.1,6.145082203634266,,
Benin,Cassava,1982,94409.0,609909.0,6460.3,6.460284506773719,,
Benin,Cassava,1983,86572.0,580167.0,6701.6,6.701554775216005,,
Benin,Cassava,1984,98640.0,684707.0,6941.5,6.9414740470397405,,
Benin,Cassava,1985,101547.0,699174.0,6885.2,6.885225560577861,,
Benin,Cassava,1986,103220.0,724262.0,7016.7,7.016682813408254,,
Benin,Cassava,1987,86640.0,571540.0,6596.7,6.596722068328717,,
Benin,Cassava,1988,118443.0,879680.0,7427.0,7.4270324122151585,,
Benin,Cassava,1989,121710.0,976804.0,8025.7,8.025667570454358,,
Benin,Cassava,1990,117500.0,937313.0,7977.1,7.977131914893617,,
Benin,Cassava,1991,126015.0,1046448.0,8304.2,8.304154267349125,,
Benin,Cassava,1992,124238.0,1040842.0,8377.8,8.3778071121557,,
Benin,Cassava,1993,135000.0,1146600.0,8493.3,8.493333333333334,,
Benin,Cassava,1994,140674.0,1145800.0,8145.1,8.14507300567269,,
Benin,Cassava,1995,157950.0,1237846.0,7836.9,7.836948401392846,,
Benin,Cassava,1996,167076.0,1456610.0,8718.2,8.718247982953866,,
Benin,Cassava,1997,185784.0,1918440.0,10326.2,10.326185247384059,,
Benin,Cassava,1998,189400.0,1989020.0,10501.7,10.50168954593453,,
Benin,Cassava,1999,202117.0,2112960.0,10454.1,10.454142897430696,,
Benin,Cassava,2000,219404.0,2350210.0,10711.8,10.711791945452225,,
Benin,Cassava,2001,240048.0,2703460.0,11262.2,11.262164233819902,,
Benin,Cassava,2002,261750.0,3154910.0,12053.1,12.053142311365807,,
Benin,Cassava,2003,237894.0,3054781.0,12840.9,12.84093335687323,,
Benin,Cassava,2004,226434.0,2955015.0,13050.2,13.050226556082567,,
Benin,Cassava,2005,222419.0,2861369.0,12864.8,12.864768747274288,,
Benin,Cassava,2006,218270.0,2808892.0,12868.9,12.868887158106931,,
Benin,Cassava,2007,167100.0,2284057.0,13668.8,13.668803111909037,,
Benin,Cassava,2008,265500.0,3144550.8,11843.9,11.843882485875705,,
Benin,Cassava,2009,257407.0,3787917.8,14715.7,14.715675175888768,429.9,1628425862.2199998
Benin,Cassava,2010,285765.0,3444949.8,12055.2,12.055184504750406,446.2,1537136600.76
Benin,Cassava,2011,209812.0,3645924.0,17377.1,17.377099498598746,531.9,1939266975.6
Benin,Cassava,2012,247754.0,3645978.06,14716.1,14.716121878960582,,
Benin,Cassava,2013,265697.0,3910035.7,14716.1,14.716145458925016,,
Benin,Cassava,2014,296641.0,4066710.54,13709.2,13.709199132958695,,
Benin,Cassava,2015,284033.0,3420665.0,12043.2,12.043195685008433,,
Benin,Cassava,2016,297978.0,3892287.41,13062.3,13.062331480847579,281.8,1096846592.138
Benin,Cassava,2017,306703.0,3959450.03,12909.7,12.90972057658386,309.3,1224657894.279
Benin,Cassava,2018,280810.0,3819804.45,13602.8,13.602807770378549,232.5,888104534.625
Benin,Cassava,2019,319299.0,4525450.0,14173.1,14.17307915151629,231.9,1049451855.0
Benin,Cassava,2020,346382.0,4161659.98,12014.6,12.014654283421194,341.5,1421206883.17
Benin,Cassava,2021,362000.0,4218991.63,11654.7,11.654673011049724,400.1,1688018551.163
Benin,Cassava,2022,388908.0,4350053.57,11185.3,11.18530235942691,304.5,1324591312.065
Benin,Cassava,2023,330090.0,4449430.0,13479.4,13.479444999848527,235.7,1048730651.0
Benin,Cassava,2024,298564.0,4448391.32,14899.3,14.899288996664033,215.4,958183490.3280001
Benin,Cowpea,1991,96934.0,55163.0,569.1,0.5690779293127283,,
Benin,Cowpea,1992,99221.0,62225.0,627.1,0.6271353846463954,,
Benin,Cowpea,1993,91369.0,58213.0,637.1,0.6371198108767744,,
Benin,Cowpea,1994,98671.0,63458.0,643.1,0.6431271599558127,,
Benin,Cowpea,1995,98267.0,56648.0,576.5,0.5764702290697793,,
Benin,Cowpea,1996,96046.0,60971.0,634.8,0.6348104033483956,,
Benin,Cowpea,1997,104164.0,73749.0,708.0,0.7080085250182405,,
Benin,Cowpea,1998,113298.0,75452.0,666.0,0.6659605641758901,,
Benin,Cowpea,1999,112580.0,74237.0,659.4,0.6594155267365429,,
Benin,Cowpea,2000,119111.0,85613.0,718.8,0.71876652870012,,
Benin,Cowpea,2001,115908.0,78353.0,676.0,0.675993028953998,,
Benin,Cowpea,2002,134681.0,95332.0,707.8,0.7078355521565773,,
Benin,Cowpea,2003,119460.0,81823.0,684.9,0.6849405658797924,,
Benin,Cowpea,2004,122560.0,93789.0,765.2,0.7652496736292428,,
Benin,Cowpea,2005,127628.0,104564.0,819.3,0.819287303726455,,
Benin,Cowpea,2006,118327.0,87898.0,742.8,0.7428397576208304,,
Benin,Cowpea,2007,169483.0,130630.0,770.8,0.7707557690151815,,
Benin,Cowpea,2008,122108.0,98566.0,807.2,0.8072034592328103,,
Benin,Cowpea,2009,106762.0,88154.0,825.7,0.8257057754631798,,
Benin,Cowpea,2010,128079.0,107363.0,838.3,0.8382560763278913,,
Benin,Cowpea,2011,98930.0,85498.0,864.2,0.8642272313757202,,
Benin,Cowpea,2012,111197.0,94655.0,851.2,0.8512369938037897,,
Benin,Cowpea,2013,120762.0,102797.0,851.2,0.8512363160596876,,
Benin,Cowpea,2014,116559.0,95794.0,821.8,0.8218498786022529,,
Benin,Cowpea,2015,120612.0,99104.0,821.7,0.8216761184625079,,
Benin,Cowpea,2016,121485.0,101821.0,838.1,0.8381363954397663,,
Benin,Cowpea,2017,130680.0,106502.0,815.0,0.814983164983165,,
Benin,Cowpea,2018,160547.0,140495.0,875.1,0.8751019950544078,,
Benin,Cowpea,2019,143291.0,132500.0,924.7,0.9246917112728643,,
Benin,Cowpea,2020,144017.0,134940.0,937.0,0.9369727184985106,,
Benin,Cowpea,2021,144222.0,136585.0,947.0,0.9470469137856915,,
Benin,Cowpea,2022,147808.0,142002.0,960.7,0.9607193115392942,,
Benin,Cowpea,2023,171865.0,122744.0,714.2,0.7141884618741454,,
Benin,Cowpea,2024,220485.0,184466.0,836.6,0.8366374129759394,,
Benin,Groundnut,1961,73848.0,26343.0,356.7,0.3567192070198245,,
Benin,Groundnut,1962,77722.0,27525.0,354.1,0.35414683101309796,,
Benin,Groundnut,1963,80454.0,28632.0,355.9,0.3558803788500261,,
Benin,Groundnut,1964,62703.0,24872.0,396.7,0.39666363650862,,
Benin,Groundnut,1965,78591.0,33000.0,419.9,0.4198954078711303,,
Benin,Groundnut,1966,77900.0,32300.0,414.6,0.4146341463414634,,
Benin,Groundnut,1967,89100.0,47500.0,533.1,0.5331088664421998,,
Benin,Groundnut,1968,93700.0,49000.0,522.9,0.5229455709711847,,
Benin,Groundnut,1969,92700.0,50100.0,540.5,0.540453074433657,,
Benin,Groundnut,1970,93828.0,47247.0,503.5,0.5035490471927356,,
Benin,Groundnut,1971,84785.0,42237.0,498.2,0.49816594916553636,,
Benin,Groundnut,1972,82814.0,41772.0,504.4,0.5044074673364407,,
Benin,Groundnut,1973,63866.0,60034.0,940.0,0.9399993736886606,,
Benin,Groundnut,1974,58316.0,41680.0,714.7,0.7147266616366006,,
Benin,Groundnut,1975,57950.0,34650.0,597.9,0.5979292493528904,,
Benin,Groundnut,1976,77018.0,61108.0,793.4,0.7934249136565478,,
Benin,Groundnut,1977,77937.0,64246.0,824.3,0.8243324736646266,,
Benin,Groundnut,1978,85520.0,63727.0,745.2,0.7451707202993452,,
Benin,Groundnut,1979,97143.0,66102.0,680.5,0.6804607640282881,,
Benin,Groundnut,1980,86980.0,62839.0,722.5,0.7224534375718557,,
Benin,Groundnut,1981,86610.0,51800.0,598.1,0.5980833621983604,,
Benin,Groundnut,1982,64735.0,35438.0,547.4,0.5474318374913107,,
Benin,Groundnut,1983,61997.0,33595.0,541.9,0.5418810587609078,,
Benin,Groundnut,1984,79616.0,57505.0,722.3,0.722279441318328,,
Benin,Groundnut,1985,92368.0,66082.0,715.4,0.7154209249956694,,
Benin,Groundnut,1986,90702.0,60329.0,665.1,0.6651341756521356,,
Benin,Groundnut,1987,82908.0,52595.0,634.4,0.6343778646210257,,
Benin,Groundnut,1988,98632.0,71609.0,726.0,0.7260219806959202,,
Benin,Groundnut,1989,94177.0,69229.0,735.1,0.7350945559956252,,
Benin,Groundnut,1990,94892.0,63931.0,673.7,0.6737238123340218,,
Benin,Groundnut,1991,101440.0,74141.0,730.9,0.7308852523659306,,
Benin,Groundnut,1992,94801.0,73694.0,777.4,0.7773546692545438,,
Benin,Groundnut,1993,98860.0,73822.0,746.7,0.7467327533886304,,
Benin,Groundnut,1994,101559.0,77626.0,764.3,0.76434387892752,,
Benin,Groundnut,1995,128320.0,103343.0,805.4,0.8053538029925187,,
Benin,Groundnut,1996,108069.0,84787.0,784.6,0.7845635658699535,,
Benin,Groundnut,1997,120872.0,102341.0,846.7,0.8466890595009597,,
Benin,Groundnut,1998,122503.0,99160.0,809.4,0.8094495645004612,,
Benin,Groundnut,1999,125414.0,101943.0,812.9,0.8128518347233961,,
Benin,Groundnut,2000,138586.0,121159.0,874.3,0.8742513673819866,,
Benin,Groundnut,2001,145572.0,125377.0,861.3,0.8612713983458358,,
Benin,Groundnut,2002,152774.0,130008.0,851.0,0.8509824970217446,,
Benin,Groundnut,2003,154005.0,143516.0,931.9,0.9318918216941008,,
Benin,Groundnut,2004,160504.0,154551.0,962.9,0.9629105816677466,,
Benin,Groundnut,2005,148494.0,140329.0,945.0,0.9450146133850525,,
Benin,Groundnut,2006,116901.0,112520.0,962.5,0.9625238449628318,,
Benin,Groundnut,2007,121326.0,114459.0,943.4,0.9434004253004302,,
Benin,Groundnut,2008,147936.0,136796.0,924.7,0.924697166342202,,
Benin,Groundnut,2009,144776.0,129814.0,896.7,0.896654141570426,,
Benin,Groundnut,2010,175430.0,154403.0,880.1,0.8801402268711167,,
Benin,Groundnut,2011,136699.0,131790.0,964.1,0.9640889838257778,,
Benin,Groundnut,2012,140014.0,129109.05,922.1,0.9221152884711529,,
Benin,Groundnut,2013,162412.0,149762.28,922.1,0.9221133906361599,,
Benin,Groundnut,2014,163009.0,144730.89,887.9,0.887870547025011,,
Benin,Groundnut,2015,158009.0,134323.4,850.1,0.8500996778664506,,
Benin,Groundnut,2016,159414.0,137214.44,860.7,0.8607427202127793,,
Benin,Groundnut,2017,167819.0,143005.26,852.1,0.8521398649735727,,
Benin,Groundnut,2018,226130.0,225744.09,998.3,0.9982934152920886,,
Benin,Groundnut,2019,174628.0,170452.0,976.1,0.9760863091829489,,
Benin,Groundnut,2020,172783.0,172640.76,999.2,0.9991767708628743,,
Benin,Groundnut,2021,169351.0,177876.49,1050.3,1.0503421296597009,,
Benin,Groundnut,2022,158638.0,163836.51,1032.8,1.032769639052434,,
Benin,Groundnut,2023,242695.0,178953.7,737.4,0.7373604730216939,,
Benin,Groundnut,2024,236816.0,221118.55,933.7,0.9337145716505642,,
Benin,Maize,1961,375650.0,219593.0,584.6,0.5845680819912152,,
Benin,Maize,1962,450000.0,222470.0,494.4,0.4943777777777778,,
Benin,Maize,1963,413504.0,204922.0,495.6,0.4955744079863798,,
Benin,Maize,1964,419260.0,228378.0,544.7,0.54471688212565,,
Benin,Maize,1965,383664.0,218783.0,570.2,0.570246361399558,,
Benin,Maize,1966,369508.0,203864.0,551.7,0.5517174188380225,,
Benin,Maize,1967,405695.0,245411.0,604.9,0.6049150223690211,,
Benin,Maize,1968,373998.0,221666.0,592.7,0.5926930090535244,,
Benin,Maize,1969,350600.0,199800.0,569.9,0.5698802053622362,,
Benin,Maize,1970,378900.0,230700.0,608.9,0.6088677751385589,,
Benin,Maize,1971,348900.0,174800.0,501.0,0.5010031527658355,,
Benin,Maize,1972,378200.0,207100.0,547.6,0.5475938656795346,,
Benin,Maize,1973,330300.0,238200.0,721.2,0.7211625794732062,,
Benin,Maize,1974,301644.0,228300.0,756.9,0.7568524485817719,,
Benin,Maize,1975,319600.0,226500.0,708.7,0.7086983729662077,,
Benin,Maize,1976,261700.0,181800.0,694.7,0.6946885747038594,,
Benin,Maize,1977,307500.0,224800.0,731.1,0.7310569105691057,,
Benin,Maize,1978,441053.0,343098.0,777.9,0.7779065101019605,,
Benin,Maize,1979,424373.0,307262.0,724.0,0.7240375801476532,,
Benin,Maize,1980,364807.0,271300.0,743.7,0.7436809052457874,,
Benin,Maize,1981,432553.0,287491.0,664.6,0.6646376282212816,,
Benin,Maize,1982,420874.0,272913.0,648.4,0.6484434771451788,,
Benin,Maize,1983,453075.0,281895.0,622.2,0.6221817579870882,,
Benin,Maize,1984,469478.0,379199.0,807.7,0.8077034493629095,,
Benin,Maize,1985,488945.0,434675.0,889.0,0.88900592091135,,
Benin,Maize,1986,442875.0,378347.0,854.3,0.854297488004516,,
Benin,Maize,1987,391840.0,277237.0,707.5,0.7075260310330748,,
Benin,Maize,1988,486103.0,423490.0,871.2,0.8711939650650171,,
Benin,Maize,1989,478995.0,424042.0,885.3,0.8852743765592542,,
Benin,Maize,1990,457903.0,409994.0,895.4,0.895373037521047,,
Benin,Maize,1991,464405.0,431004.0,928.1,0.928077863072103,205.6,88614422.39999999
Benin,Maize,1992,470297.0,459546.0,977.1,0.9771399775035775,234.2,107625673.19999999
Benin,Maize,1993,494372.0,483400.0,977.8,0.9778061864345068,187.2,90492480.0
Benin,Maize,1994,480586.0,491546.0,1022.8,1.0228054916289697,93.7,46057860.2
Benin,Maize,1995,491098.0,576425.0,1173.7,1.1737473986862093,180.3,103929427.5
Benin,Maize,1996,513753.0,555755.0,1081.8,1.0817552403586939,260.0,144496300.0
Benin,Maize,1997,583254.0,701046.0,1202.0,1.2019566089559608,,
Benin,Maize,1998,594277.0,662227.0,1114.3,1.1143406189369605,,
Benin,Maize,1999,625482.0,782974.0,1251.8,1.251793017225116,,
Benin,Maize,2000,653630.0,750442.0,1148.1,1.1481143766350994,,
Benin,Maize,2001,623412.0,685902.0,1100.2,1.1002386864545437,,
Benin,Maize,2002,684882.0,797496.0,1164.4,1.1644283248793224,,
Benin,Maize,2003,662533.0,788320.0,1189.9,1.1898577127478933,,
Benin,Maize,2004,714154.0,842017.0,1179.0,1.1790412152000829,,
Benin,Maize,2005,755397.0,864698.0,1144.7,1.1446934525818875,,
Benin,Maize,2006,704610.0,864772.0,1227.3,1.227305885525326,,
Benin,Maize,2007,698120.0,931600.0,1334.4,1.3344410703030998,,
Benin,Maize,2008,867154.0,978063.0,1127.9,1.1279000039208722,,
Benin,Maize,2009,862281.0,1205200.0,1397.7,1.3976882246042763,379.1,456891320.0
Benin,Maize,2010,918237.0,1012630.0,1102.8,1.102798079362953,250.4,253562552.0
Benin,Maize,2011,820161.0,1165957.0,1421.6,1.421619657603812,313.6,365644115.20000005
Benin,Maize,2012,938846.0,1185019.9,1262.2,1.2622090310871004,,
Benin,Maize,2013,1006289.0,1316597.69,1308.4,1.308369355125615,,
Benin,Maize,2014,968030.0,1354344.16,1399.1,1.399072508083427,,
Benin,Maize,2015,1003715.0,1286059.66,1281.3,1.2812996318676118,,
Benin,Maize,2016,1000361.0,1376682.55,1376.2,1.3761857469453527,269.3,370740610.71500003
Benin,Maize,2017,1100513.0,1454284.09,1321.5,1.3214601644869257,277.8,404000120.202
Benin,Maize,2018,1157805.0,1509758.35,1304.0,1.3039832700670666,245.0,369890795.75
Benin,Maize,2019,1470250.0,1580750.0,1075.2,1.0751572861758205,239.3,378273475.0
Benin,Maize,2020,1267159.0,1611615.13,1271.8,1.2718333926523822,289.4,466401418.6219999
Benin,Maize,2021,1349543.0,1628148.88,1206.4,1.2064446112498823,383.6,624557910.368
Benin,Maize,2022,1391073.0,1619605.06,1164.3,1.164284735596191,322.7,522646552.862
Benin,Maize,2023,2075990.0,2059254.0,991.9,0.991938304134413,297.4,612422139.5999999
Benin,Maize,2024,1759588.0,2094824.35,1190.5,1.1905197978163071,407.5,853640922.625
Benin,Millet,1961,22980.0,7010.0,305.0,0.3050478677110531,,
Benin,Millet,1962,18910.0,6235.0,329.7,0.3297197250132205,,
Benin,Millet,1963,20685.0,7420.0,358.7,0.3587140439932318,,
Benin,Millet,1964,18600.0,6260.0,336.6,0.3365591397849462,,
Benin,Millet,1965,16100.0,5526.0,343.2,0.34322981366459626,,
Benin,Millet,1966,16900.0,5980.0,353.8,0.35384615384615387,,
Benin,Millet,1967,18220.0,6939.0,380.8,0.3808452250274424,,
Benin,Millet,1968,18620.0,7325.0,393.4,0.39339419978517726,,
Benin,Millet,1969,17650.0,6290.0,356.4,0.35637393767705383,,
Benin,Millet,1970,15906.0,4782.0,300.6,0.3006412674462467,,
Benin,Millet,1971,15829.0,7479.0,472.5,0.47248720702508057,,
Benin,Millet,1972,17000.0,5700.0,335.3,0.3352941176470588,,
Benin,Millet,1973,41300.0,18200.0,440.7,0.4406779661016949,,
Benin,Millet,1974,42300.0,15300.0,361.7,0.3617021276595745,,
Benin,Millet,1975,13000.0,5000.0,384.6,0.38461538461538464,,
Benin,Millet,1976,9829.0,4100.0,417.1,0.41713297385288434,,
Benin,Millet,1977,11956.0,5200.0,434.9,0.4349280695884911,,
Benin,Millet,1978,13106.0,3325.0,253.7,0.2537005951472608,,
Benin,Millet,1979,13400.0,6425.0,479.5,0.47947761194029853,,
Benin,Millet,1980,13200.0,6525.0,494.3,0.4943181818181818,,
Benin,Millet,1981,12348.0,6628.0,536.8,0.5367670877874959,,
Benin,Millet,1982,13988.0,8216.0,587.4,0.587360594795539,,
Benin,Millet,1983,14856.0,5857.0,394.3,0.3942514808831449,,
Benin,Millet,1984,13916.0,10788.0,775.2,0.775222765162403,,
Benin,Millet,1985,16171.0,8749.0,541.0,0.5410302393172964,,
Benin,Millet,1986,28498.0,17526.0,615.0,0.6149905256509228,,
Benin,Millet,1987,30771.0,20900.0,679.2,0.6792109453706412,,
Benin,Millet,1988,35451.0,23042.0,650.0,0.6499675608586499,,
Benin,Millet,1989,33917.0,22692.0,669.0,0.6690450216705487,,
Benin,Millet,1990,36960.0,21767.0,588.9,0.5889339826839827,,
Benin,Millet,1991,43789.0,27031.0,617.3,0.6173011486903104,,
Benin,Millet,1992,40127.0,26153.0,651.8,0.6517556757295586,,
Benin,Millet,1993,35751.0,23546.0,658.6,0.658610947945512,,
Benin,Millet,1994,36529.0,24836.0,679.9,0.6798981631032878,,
Benin,Millet,1995,29485.0,22059.0,748.1,0.7481431236221807,,
Benin,Millet,1996,34072.0,24281.0,712.6,0.7126379431791501,,
Benin,Millet,1997,35332.0,26830.0,759.4,0.7593682780482283,,
Benin,Millet,1998,39345.0,29427.0,747.9,0.7479222264582539,,
Benin,Millet,1999,37958.0,29519.0,777.7,0.777675325359608,,
Benin,Millet,2000,44259.0,36352.0,821.3,0.8213470706522967,,
Benin,Millet,2001,46211.0,34969.0,756.7,0.7567245893834801,,
Benin,Millet,2002,50905.0,40751.0,800.5,0.8005303997642668,,
Benin,Millet,2003,45361.0,35457.0,781.7,0.7816626617578978,,
Benin,Millet,2004,44762.0,36817.0,822.5,0.8225056967963897,,
Benin,Millet,2005,45517.0,37707.0,828.4,0.8284157567502252,,
Benin,Millet,2006,43368.0,34995.0,806.9,0.8069313779745434,,
Benin,Millet,2007,37242.0,35303.0,947.9,0.9479351270071424,,
Benin,Millet,2008,44714.0,36283.0,811.4,0.8114460795276647,,
Benin,Millet,2009,34008.0,27432.0,806.6,0.8066337332392378,478.6,13128955.200000001
Benin,Millet,2010,31794.0,26926.0,846.9,0.8468893501918601,353.3,9512955.8
Benin,Millet,2011,28388.0,24690.0,869.7,0.8697336902916726,,
Benin,Millet,2012,34464.0,29580.65,858.3,0.8583057683379759,,
Benin,Millet,2013,27374.0,23495.42,858.3,0.8583115364944838,,
Benin,Millet,2014,27724.0,23668.29,853.7,0.8537112249314673,,
Benin,Millet,2015,26670.0,21640.16,811.4,0.8114045744281965,,
Benin,Millet,2016,29390.0,25182.16,856.8,0.8568274923443348,518.9,13067022.824
Benin,Millet,2017,28696.0,24716.7,861.3,0.8613291051017564,606.3,14985735.209999999
Benin,Millet,2018,28856.0,26142.8,906.0,0.9059744940393679,545.6,14263511.68
Benin,Millet,2019,29135.0,26250.0,901.0,0.900978204908186,511.9,13437375.0
Benin,Millet,2020,23807.0,27293.54,1146.4,1.1464502037215945,431.7,11782621.218
Benin,Millet,2021,23222.0,23455.56,1010.1,1.0100577039014729,641.3,15042050.628
Benin,Millet,2022,25654.0,23990.04,935.2,0.9351383799797303,622.5,14933799.9
Benin,Millet,2023,47732.0,34229.06,717.1,0.7171092767954411,659.9,22587756.694
Benin,Millet,2024,41528.0,30400.0,732.0,0.7320362165286072,809.8,24617920.0
Benin,Rice,1961,2125.0,756.0,355.8,0.3557647058823529,,
Benin,Rice,1962,1558.0,738.0,473.7,0.47368421052631576,,
Benin,Rice,1963,2099.0,872.0,415.4,0.41543592186755596,,
Benin,Rice,1964,2254.0,1007.0,446.8,0.44676131322094054,,
Benin,Rice,1965,2784.0,1479.0,531.3,0.53125,,
Benin,Rice,1966,2383.0,1526.0,640.4,0.6403692824171213,,
Benin,Rice,1967,1781.0,1253.0,703.5,0.7035373385738349,,
Benin,Rice,1968,2270.0,1779.0,783.7,0.7837004405286344,,
Benin,Rice,1969,2676.0,2605.0,973.5,0.9734678624813154,,
Benin,Rice,1970,3300.0,4840.0,1466.7,1.4666666666666666,,
Benin,Rice,1971,3800.0,5400.0,1421.1,1.4210526315789473,,
Benin,Rice,1972,4366.0,6615.0,1515.1,1.5151168117269813,,
Benin,Rice,1973,4500.0,8000.0,1777.8,1.7777777777777777,,
Benin,Rice,1974,5850.0,9910.0,1694.0,1.694017094017094,,
Benin,Rice,1975,7300.0,13504.0,1849.9,1.84986301369863,,
Benin,Rice,1976,10200.0,18400.0,1803.9,1.803921568627451,,
Benin,Rice,1977,8900.0,18400.0,2067.4,2.067415730337079,,
Benin,Rice,1978,9100.0,7500.0,824.2,0.8241758241758241,,
Benin,Rice,1979,8200.0,10300.0,1256.1,1.2560975609756098,,
Benin,Rice,1980,8367.0,10186.0,1217.4,1.2174016971435402,,
Benin,Rice,1981,8196.0,8530.0,1040.8,1.0407515861395802,,
Benin,Rice,1982,7783.0,8792.0,1129.6,1.1296415264037003,,
Benin,Rice,1983,7390.0,5300.0,717.2,0.7171853856562923,,
Benin,Rice,1984,6229.0,7500.0,1204.0,1.2040455931931289,,
Benin,Rice,1985,5279.0,6748.0,1278.3,1.278272400075772,,
Benin,Rice,1986,7045.0,8538.0,1211.9,1.2119233498935416,,
Benin,Rice,1987,6956.0,8141.0,1170.4,1.1703565267395055,,
Benin,Rice,1988,7120.0,9708.0,1363.5,1.3634831460674157,,
Benin,Rice,1989,6527.0,8976.0,1375.2,1.3752106633981922,,
Benin,Rice,1990,7836.0,10940.0,1396.1,1.3961204696273608,,
Benin,Rice,1991,7660.0,10282.0,1342.3,1.3422976501305484,,
Benin,Rice,1992,7786.0,10390.0,1334.4,1.3344464423323914,,
Benin,Rice,1993,7555.0,9955.0,1317.7,1.3176704169424223,,
Benin,Rice,1994,8736.0,13686.0,1566.6,1.566620879120879,,
Benin,Rice,1995,10339.0,17219.0,1665.4,1.6654415320630622,,
Benin,Rice,1996,12033.0,22259.0,1849.8,1.8498296351699492,,
Benin,Rice,1997,14283.0,26891.0,1882.7,1.8827277182664706,,
Benin,Rice,1998,17079.0,35562.0,2082.2,2.0822062181626557,,
Benin,Rice,1999,17561.0,34040.0,1938.4,1.938386196685838,,
Benin,Rice,2000,23323.0,49245.0,2111.4,2.111435064099816,,
Benin,Rice,2001,26504.0,54901.0,2071.4,2.07142318140658,,
Benin,Rice,2002,28787.0,63219.0,2196.1,2.19609545975614,,
Benin,Rice,2003,23440.0,54183.0,2311.6,2.311561433447099,,
Benin,Rice,2004,24754.0,64699.0,2613.7,2.6136785973984002,,
Benin,Rice,2005,28904.0,78329.0,2710.0,2.709970938278439,,
Benin,Rice,2006,26108.0,61818.0,2367.8,2.3677799908074153,,
Benin,Rice,2007,27395.0,72960.0,2663.3,2.6632597189268115,,
Benin,Rice,2008,33294.0,109371.0,3285.0,3.2850063074427824,,
Benin,Rice,2009,40274.0,150604.0,3739.5,3.739484530962904,842.9,126944111.6
Benin,Rice,2010,47058.0,124974.72,2655.8,2.6557592757873265,656.2,82008411.26400001
Benin,Rice,2011,55797.0,219626.0,3936.2,3.9361614423714535,758.7,166630246.20000002
Benin,Rice,2012,65730.0,216644.28,3296.0,3.295972615244181,,
Benin,Rice,2013,110009.0,362589.0,3296.0,3.2959939641302074,,
Benin,Rice,2014,74586.0,234144.65,3139.3,3.139257367334352,,
Benin,Rice,2015,65305.0,204309.71,3128.5,3.12854620626292,,
Benin,Rice,2016,82351.0,281427.62,3417.4,3.417415939089993,606.1,170573280.482
Benin,Rice,2017,78969.0,278717.55,3529.5,3.529455229267181,627.6,174923134.38
Benin,Rice,2018,135185.0,459313.02,3397.7,3.397662610496727,691.6,317660884.632
Benin,Rice,2019,102415.0,406082.78,3965.1,3.9650713274422693,639.4,259649329.532
Benin,Rice,2020,104586.0,411578.14,3935.3,3.935308167441149,656.4,270159891.096
Benin,Rice,2021,126748.0,519666.84,4100.0,4.100000315586834,695.7,361532220.58800006
Benin,Rice,2022,134840.0,525014.19,3893.6,3.8936086472856717,651.1,341836739.10899997
Benin,Rice,2023,132046.0,492626.2,3730.7,3.730716568468564,679.7,334838028.14000005
Benin,Rice,2024,128501.0,500605.34,3895.7,3.8957310838047956,717.6,359234391.984
Benin,Sorghum,1961,123045.0,61200.0,497.4,0.49737900768011706,,
Benin,Sorghum,1962,107000.0,55355.0,517.3,0.5173364485981309,,
Benin,Sorghum,1963,108894.0,63000.0,578.5,0.5785442724117031,,
Benin,Sorghum,1964,108340.0,56612.0,522.5,0.5225401513753,,
Benin,Sorghum,1965,109400.0,58984.0,539.2,0.5391590493601462,,
Benin,Sorghum,1966,96600.0,48738.0,504.5,0.5045341614906832,,
Benin,Sorghum,1967,109500.0,57774.0,527.6,0.5276164383561643,,
Benin,Sorghum,1968,105566.0,58602.0,555.1,0.555121914252695,,
Benin,Sorghum,1969,114165.0,63458.0,555.8,0.5558446108702317,,
Benin,Sorghum,1970,88320.0,42665.0,483.1,0.4830729166666667,,
Benin,Sorghum,1971,70956.0,48382.0,681.9,0.6818591803371103,,
Benin,Sorghum,1972,80907.0,49823.0,615.8,0.6158058017229658,,
Benin,Sorghum,1973,116882.0,78274.0,669.7,0.6696839547577899,,
Benin,Sorghum,1974,115051.0,79234.0,688.7,0.688685887128317,,
Benin,Sorghum,1975,57970.0,51575.0,889.7,0.8896843194755908,,
Benin,Sorghum,1976,95909.0,71670.0,747.3,0.7472708504936971,,
Benin,Sorghum,1977,98087.0,75672.0,771.5,0.7714783814368876,,
Benin,Sorghum,1978,94631.0,61967.0,654.8,0.6548276991683486,,
Benin,Sorghum,1979,87855.0,63161.0,718.9,0.7189232257697342,,
Benin,Sorghum,1980,89276.0,55941.0,626.6,0.6266073748823872,,
Benin,Sorghum,1981,94055.0,56986.0,605.9,0.6058795385678593,,
Benin,Sorghum,1982,93837.0,60416.0,643.8,0.6438398499525774,,
Benin,Sorghum,1983,105978.0,56717.0,535.2,0.5351771122308404,,
Benin,Sorghum,1984,110958.0,82963.0,747.7,0.7476973269164909,,
Benin,Sorghum,1985,110738.0,82346.0,743.6,0.7436110458921057,,
Benin,Sorghum,1986,110668.0,88908.0,803.4,0.8033758629414104,,
Benin,Sorghum,1987,117780.0,90715.0,770.2,0.7702071659025301,,
Benin,Sorghum,1988,132812.0,97395.0,733.3,0.733329819594615,,
Benin,Sorghum,1989,137849.0,106385.0,771.8,0.7717502484602717,,
Benin,Sorghum,1990,135528.0,99026.0,730.7,0.7306682014048758,,
Benin,Sorghum,1991,147162.0,115055.0,781.8,0.7818254712493714,,
Benin,Sorghum,1992,143432.0,110252.0,768.7,0.768670868425456,,
Benin,Sorghum,1993,138341.0,105648.0,763.7,0.763678157596085,,
Benin,Sorghum,1994,145001.0,112789.0,777.8,0.7778498079323591,,
Benin,Sorghum,1995,142844.0,117200.0,820.5,0.8204754837445045,,
Benin,Sorghum,1996,144698.0,110259.0,762.0,0.7619939460116933,,
Benin,Sorghum,1997,149086.0,120173.0,806.1,0.8060649557973251,,
Benin,Sorghum,1998,167880.0,138425.0,824.5,0.8245472956873957,,
Benin,Sorghum,1999,154564.0,126440.0,818.0,0.8180430113092312,,
Benin,Sorghum,2000,176533.0,155275.0,879.6,0.8795805883319266,,
Benin,Sorghum,2001,182644.0,165342.0,905.3,0.9052692669893344,,
Benin,Sorghum,2002,193106.0,182639.0,945.8,0.9457966091162366,,
Benin,Sorghum,2003,173695.0,163276.0,940.0,0.940015544488903,,
Benin,Sorghum,2004,181269.0,163831.0,903.8,0.9038004291963877,,
Benin,Sorghum,2005,180594.0,169235.0,937.1,0.937102007818643,,
Benin,Sorghum,2006,143947.0,133020.0,924.1,0.9240901165012122,,
Benin,Sorghum,2007,135531.0,117322.0,865.6,0.8656469737550818,,
Benin,Sorghum,2008,145699.0,142016.0,974.7,0.9747218580772689,,
Benin,Sorghum,2009,121169.0,123959.0,1023.0,1.023025691389712,364.3,45158263.7
Benin,Sorghum,2010,112105.0,168090.0,1499.4,1.4993978859105304,270.6,45485154.00000001
Benin,Sorghum,2011,111874.0,133213.0,1190.7,1.1907413697552605,351.8,46864333.4
Benin,Sorghum,2012,106903.0,143791.69,1345.1,1.3450669298335876,,
Benin,Sorghum,2013,65482.0,88077.85,1345.1,1.345069637457622,,
Benin,Sorghum,2014,101513.0,100248.91,987.5,0.9875475062307291,,
Benin,Sorghum,2015,131553.0,129674.47,985.7,0.9857203560542139,,
Benin,Sorghum,2016,131906.0,129665.44,983.0,0.983013964489864,300.4,38951498.176
Benin,Sorghum,2017,139697.0,138391.3,990.7,0.9906533425914658,320.0,44285216.0
Benin,Sorghum,2018,292898.0,319174.59,1089.7,1.0897124254860056,347.7,110977004.943
Benin,Sorghum,2019,151065.0,160000.0,1059.1,1.0591467249197366,351.0,56160000.0
Benin,Sorghum,2020,134693.0,148235.93,1100.5,1.100546650531208,365.9,54239526.78699999
Benin,Sorghum,2021,132115.0,133093.31,1007.4,1.0074049880785678,512.0,68143774.72
Benin,Sorghum,2022,127291.0,124235.65,976.0,0.9759971246985254,444.0,55160628.599999994
Benin,Sorghum,2023,172587.0,150464.9,871.8,0.8718205890362541,501.9,75518333.30999999
Benin,Sorghum,2024,212347.0,279269.34,1315.2,1.3151555708345304,596.8,166667942.112
Benin,Yam,1961,69138.0,614172.0,8883.3,8.883276924412046,,
Benin,Yam,1962,58294.0,494485.0,8482.6,8.482605413936254,,
Benin,Yam,1963,56576.0,495774.0,8763.0,8.762973699095022,,
Benin,Yam,1964,58719.0,552680.0,9412.3,9.412285631567295,,
Benin,Yam,1965,60550.0,542635.0,8961.8,8.961767134599505,,
Benin,Yam,1966,53667.0,454200.0,8463.3,8.463301470177203,,
Benin,Yam,1967,58260.0,564300.0,9685.9,9.685890834191555,,
Benin,Yam,1968,63337.0,647500.0,10223.1,10.223092347285156,,
Benin,Yam,1969,56112.0,529600.0,9438.3,9.438266324493869,,
Benin,Yam,1970,60204.0,515820.0,8567.9,8.567869244568467,,
Benin,Yam,1971,49488.0,527500.0,10659.1,10.659149692854834,,
Benin,Yam,1972,52200.0,535400.0,10256.7,10.256704980842912,,
Benin,Yam,1973,43871.0,500206.0,11401.7,11.40174602812792,,
Benin,Yam,1974,42000.0,428286.0,10197.3,10.197285714285714,,
Benin,Yam,1975,44950.0,446375.0,9930.5,9.93047830923248,,
Benin,Yam,1976,63100.0,598800.0,9489.7,9.489698890649763,,
Benin,Yam,1977,59518.0,551552.0,9267.0,9.266978057058369,,
Benin,Yam,1978,69243.0,643036.0,9286.7,9.286657135017258,,
Benin,Yam,1979,67398.0,699272.0,10375.3,10.37526336093059,,
Benin,Yam,1980,71434.0,694407.0,9721.0,9.720959207100261,,
Benin,Yam,1981,79358.0,665941.0,8391.6,8.391605131177702,,
Benin,Yam,1982,79882.0,671940.0,8411.7,8.411657194361684,,
Benin,Yam,1983,83918.0,620233.0,7390.9,7.390941156843585,,
Benin,Yam,1984,80548.0,819474.0,10173.7,10.173734915826588,,
Benin,Yam,1985,75425.0,750953.0,9956.3,9.95628770301624,,
Benin,Yam,1986,80212.0,883931.0,11019.9,11.019934673116241,,
Benin,Yam,1987,81259.0,834549.0,10270.2,10.270234681696797,,
Benin,Yam,1988,87408.0,922108.0,10549.5,10.549469156141313,,
Benin,Yam,1989,89022.0,1009910.0,11344.5,11.344499112578912,,
Benin,Yam,1990,93863.0,1046115.0,11145.1,11.145126407636662,,
Benin,Yam,1991,103320.0,1177541.0,11397.0,11.397028648857917,,
Benin,Yam,1992,106112.0,1124859.0,10600.7,10.600676643546441,,
Benin,Yam,1993,110000.0,1185100.0,10773.6,10.773636363636363,,
Benin,Yam,1994,115326.0,1250465.0,10842.9,10.84287151206146,,
Benin,Yam,1995,117255.0,1285858.0,10966.3,10.966338322459597,,
Benin,Yam,1996,130728.0,1346070.0,10296.7,10.2967229667707,,
Benin,Yam,1997,130488.0,1407680.0,10787.8,10.787811906075655,,
Benin,Yam,1998,144650.0,1583710.0,10948.6,10.948565502938127,,
Benin,Yam,1999,145368.0,1647010.0,11329.9,11.32993506136151,,
Benin,Yam,2000,155831.0,1742000.0,11178.8,11.178777008425795,,
Benin,Yam,2001,155733.0,1700982.0,10922.4,10.922424919573887,,
Benin,Yam,2002,173624.0,2151452.0,12391.4,12.391443579228678,,
Benin,Yam,2003,166921.0,2010699.0,12045.8,12.045812090749516,,
Benin,Yam,2004,172739.0,2257254.0,13067.4,13.067425422168705,,
Benin,Yam,2005,177977.0,2083785.0,11708.2,11.708170156818015,,
Benin,Yam,2006,144869.0,1577008.0,10885.8,10.885751955214712,,
Benin,Yam,2007,154320.0,1682190.0,10900.7,10.900660964230172,,
Benin,Yam,2008,180727.0,2529718.0,13997.5,13.997454724529263,,
Benin,Yam,2009,167918.0,2373799.0,14136.7,14.136655986850725,432.0,1025481168.0
Benin,Yam,2010,201194.0,2624011.0,13042.2,13.042193107150313,387.7,1017329064.6999999
Benin,Yam,2011,182203.0,2734861.0,15010.0,15.009966905045472,459.9,1257762573.8999999
Benin,Yam,2012,200395.0,2810745.09,14026.1,14.02602405249632,,
Benin,Yam,2013,210947.0,2958753.3,14026.1,14.026050619349883,,
Benin,Yam,2014,214054.0,3220654.42,15046.0,15.045990357573322,,
Benin,Yam,2015,202605.0,2650498.48,13082.1,13.082098072604328,,
Benin,Yam,2016,205658.0,3041244.64,14787.8,14.787874237812291,382.0,1161755452.48
Benin,Yam,2017,219021.0,3244479.46,14813.6,14.813554225393911,387.7,1257884686.642
Benin,Yam,2018,216592.0,2944943.56,13596.7,13.596732843318312,335.2,987145081.312
Benin,Yam,2019,235331.0,3365500.0,14301.1,14.301133297355639,380.3,1279899650.0
Benin,Yam,2020,228998.0,3150247.66,13756.7,13.756660145503455,518.2,1632458337.4120002
Benin,Yam,2021,250000.0,3203165.88,12812.7,12.81266352,550.1,1762061550.588
Benin,Yam,2022,251727.0,3214889.14,12771.4,12.771332197181868,563.7,1812233008.2180002
Benin,Yam,2023,307861.0,3321089.0,10787.6,10.787624934629589,486.9,1617038234.1
Benin,Yam,2024,209313.0,3353473.27,16021.3,16.021332979795808,475.9,1595917929.1929998
Burkina Faso,Cassava,1961,5000.0,30000.0,6000.0,6.0,,
Burkina Faso,Cassava,1962,5000.0,27000.0,5400.0,5.4,,
Burkina Faso,Cassava,1963,5000.0,26000.0,5200.0,5.2,,
Burkina Faso,Cassava,1964,5000.0,25000.0,5000.0,5.0,,
Burkina Faso,Cassava,1965,5000.0,26000.0,5200.0,5.2,,
Burkina Faso,Cassava,1966,5000.0,27000.0,5400.0,5.4,,
Burkina Faso,Cassava,1967,5000.0,30000.0,6000.0,6.0,,
Burkina Faso,Cassava,1968,5000.0,30000.0,6000.0,6.0,,
Burkina Faso,Cassava,1969,5000.0,30000.0,6000.0,6.0,,
Burkina Faso,Cassava,1970,5000.0,30000.0,6000.0,6.0,,
Burkina Faso,Cassava,1971,5000.0,30000.0,6000.0,6.0,,
Burkina Faso,Cassava,1972,5000.0,30000.0,6000.0,6.0,,
Burkina Faso,Cassava,1973,5000.0,20000.0,4000.0,4.0,,
Burkina Faso,Cassava,1974,5000.0,25000.0,5000.0,5.0,,
Burkina Faso,Cassava,1975,5000.0,26000.0,5200.0,5.2,,
Burkina Faso,Cassava,1976,5000.0,26500.0,5300.0,5.3,,
Burkina Faso,Cassava,1977,5000.0,27000.0,5400.0,5.4,,
Burkina Faso,Cassava,1978,4500.0,27500.0,6111.1,6.111111111111111,,
Burkina Faso,Cassava,1979,4000.0,28000.0,7000.0,7.0,,
Burkina Faso,Cassava,1980,3500.0,28500.0,8142.9,8.142857142857142,,
Burkina Faso,Cassava,1981,3100.0,28520.0,9200.0,9.2,,
Burkina Faso,Cassava,1982,3100.0,28520.0,9200.0,9.2,,
Burkina Faso,Cassava,1983,3450.0,31740.0,9200.0,9.2,,
Burkina Faso,Cassava,1984,3408.0,31355.0,9200.4,9.200410798122066,,
Burkina Faso,Cassava,1985,1600.0,13263.0,8289.4,8.289375,,
Burkina Faso,Cassava,1986,1065.0,6870.0,6450.7,6.450704225352113,,
Burkina Faso,Cassava,1987,1126.0,7520.0,6678.5,6.678507992895204,,
Burkina Faso,Cassava,1988,2294.0,4210.0,1835.2,1.8352223190932868,,
Burkina Faso,Cassava,1989,100.0,296.0,2960.0,2.96,,
Burkina Faso,Cassava,1990,1500.0,4440.0,2960.0,2.96,,
Burkina Faso,Cassava,1991,450.0,3000.0,6666.7,6.666666666666667,,
Burkina Faso,Cassava,1992,200.0,1500.0,7500.0,7.5,,
Burkina Faso,Cassava,1993,257.0,2126.35,8273.7,8.273735408560311,,
Burkina Faso,Cassava,1994,111.0,1000.0,9041.5,9.00900900900901,,
Burkina Faso,Cassava,1995,205.0,2000.0,9774.7,9.75609756097561,,
Burkina Faso,Cassava,1996,272.0,2845.07,10462.0,10.45981617647059,,
Burkina Faso,Cassava,1997,293.0,3250.54,11094.9,11.093993174061433,50.9,165452.486
Burkina Faso,Cassava,1998,310.0,3617.25,11668.3,11.668548387096774,57.5,207991.875
Burkina Faso,Cassava,1999,325.0,3959.04,12180.2,12.181661538461539,48.3,191221.63199999998
Burkina Faso,Cassava,2000,351.0,4433.19,12631.2,12.63017094017094,37.1,164471.349
Burkina Faso,Cassava,2001,349.0,4542.61,13024.5,13.016074498567335,33.0,149906.12999999998
Burkina Faso,Cassava,2002,365.0,4877.02,13365.7,13.361698630136987,34.7,169232.59400000004
Burkina Faso,Cassava,2003,384.0,5243.25,13663.6,13.654296875,64.6,338713.94999999995
Burkina Faso,Cassava,2004,401.0,5587.44,13929.3,13.933765586034912,74.6,416823.0239999999
Burkina Faso,Cassava,2005,410.0,5909.28,14408.2,14.412878048780486,76.9,454423.63200000004
Burkina Faso,Cassava,2006,448.0,6525.26,14563.0,14.565312500000001,79.9,521368.27400000003
Burkina Faso,Cassava,2007,313.0,4606.0,14713.0,14.715654952076678,513.4,2364720.4
Burkina Faso,Cassava,2008,603.0,8955.58,14840.1,14.851708126036485,,
Burkina Faso,Cassava,2009,755.0,11289.46,14947.6,14.95292715231788,,
Burkina Faso,Cassava,2010,906.0,13629.92,15038.4,15.044061810154526,,
Burkina Faso,Cassava,2011,1076.0,16270.41,15114.9,15.121198884758364,,
Burkina Faso,Cassava,2012,1208.0,18334.13,15179.2,15.177259933774835,,
Burkina Faso,Cassava,2013,1510.0,23000.0,15233.0,15.2317880794702,,
Burkina Faso,Cassava,2014,1505.0,23000.0,15277.8,15.282392026578073,,
Burkina Faso,Cassava,2015,1502.0,23000.0,15315.0,15.312916111850866,,
Burkina Faso,Cassava,2016,1500.0,23000.0,15333.3,15.333333333333334,,
Burkina Faso,Cassava,2017,1500.0,23000.0,15333.3,15.333333333333334,,
Burkina Faso,Cassava,2018,1100.0,17000.0,15454.5,15.454545454545455,,
Burkina Faso,Cassava,2019,1100.0,17000.0,15454.5,15.454545454545455,,
Burkina Faso,Cassava,2020,1100.0,17000.0,15457.5,15.454545454545455,,
Burkina Faso,Cassava,2021,1105.0,17254.76,15612.8,15.615167420814478,,
Burkina Faso,Cassava,2022,1108.0,17356.95,15662.3,15.665117328519857,,
Burkina Faso,Cassava,2023,1072.0,16850.26,15715.1,15.718526119402984,,
Burkina Faso,Cassava,2024,1054.0,16614.59,15768.0,15.763368121442126,,
Burkina Faso,Cowpea,1961,185500.0,74219.0,400.1,0.4001024258760108,,
Burkina Faso,Cowpea,1962,228000.0,91491.0,401.3,0.4012763157894737,,
Burkina Faso,Cowpea,1963,235000.0,93853.0,399.4,0.3993744680851064,,
Burkina Faso,Cowpea,1964,258000.0,103303.0,400.4,0.40039922480620155,,
Burkina Faso,Cowpea,1965,244000.0,97457.0,399.4,0.3994139344262295,,
Burkina Faso,Cowpea,1966,255000.0,102219.0,400.9,0.40085882352941177,,
Burkina Faso,Cowpea,1967,264500.0,105813.0,400.0,0.40004914933837427,,
Burkina Faso,Cowpea,1968,277000.0,110877.0,400.3,0.4002779783393502,,
Burkina Faso,Cowpea,1969,265000.0,106006.0,400.0,0.40002264150943395,,
Burkina Faso,Cowpea,1970,272000.0,108876.0,400.3,0.4002794117647059,,
Burkina Faso,Cowpea,1971,226000.0,90322.0,399.7,0.3996548672566372,,
Burkina Faso,Cowpea,1972,225000.0,89982.0,399.9,0.39992,,
Burkina Faso,Cowpea,1973,212000.0,84981.0,400.9,0.40085377358490565,,
Burkina Faso,Cowpea,1974,278000.0,111069.0,399.5,0.39952877697841727,,
Burkina Faso,Cowpea,1975,320000.0,128215.0,400.7,0.400671875,,
Burkina Faso,Cowpea,1976,255000.0,101792.0,399.2,0.3991843137254902,,
Burkina Faso,Cowpea,1977,283000.0,113447.0,400.9,0.4008727915194346,,
Burkina Faso,Cowpea,1978,299000.0,119582.0,399.9,0.3999397993311037,,
Burkina Faso,Cowpea,1979,302000.0,120703.0,399.7,0.3996788079470199,,
Burkina Faso,Cowpea,1980,268000.0,107125.0,399.7,0.39972014925373134,,
Burkina Faso,Cowpea,1981,324500.0,129822.0,400.1,0.4000677966101695,,
Burkina Faso,Cowpea,1982,309000.0,123682.0,400.3,0.4002653721682848,,
Burkina Faso,Cowpea,1983,286000.0,114426.0,400.1,0.4000909090909091,,
Burkina Faso,Cowpea,1984,278000.0,111354.0,400.6,0.4005539568345324,,
Burkina Faso,Cowpea,1985,404000.0,161841.0,400.6,0.40059653465346534,,
Burkina Faso,Cowpea,1986,482950.0,193180.0,400.0,0.4,,
Burkina Faso,Cowpea,1987,418300.0,167343.0,400.1,0.4000549844609132,,
Burkina Faso,Cowpea,1988,537000.0,214718.0,399.8,0.39984729981378025,,
Burkina Faso,Cowpea,1989,499000.0,199498.0,399.8,0.39979559118236474,,
Burkina Faso,Cowpea,1990,388000.0,155159.0,399.9,0.3998943298969072,,
Burkina Faso,Cowpea,1991,584000.0,250938.0,429.7,0.42968835616438356,,
Burkina Faso,Cowpea,1992,590000.0,253361.0,429.4,0.42942542372881354,,
Burkina Faso,Cowpea,1993,527000.0,245991.0,466.8,0.4667760910815939,,
Burkina Faso,Cowpea,1994,457000.0,201054.0,439.9,0.43994310722100655,,
Burkina Faso,Cowpea,1995,465000.0,195444.0,420.3,0.4203096774193548,,
Burkina Faso,Cowpea,1996,605000.0,254157.0,420.1,0.42009421487603305,,
Burkina Faso,Cowpea,1997,418000.0,183077.0,438.0,0.43798325358851675,,
Burkina Faso,Cowpea,1998,650000.0,338102.0,520.2,0.5201569230769231,293.2,99131506.39999999
Burkina Faso,Cowpea,1999,619000.0,309466.0,499.9,0.49994507269789984,232.3,71888951.8
Burkina Faso,Cowpea,2000,272000.0,127682.0,469.4,0.46941911764705885,212.1,27081352.2
Burkina Faso,Cowpea,2001,800500.0,376225.0,470.0,0.4699875078076202,270.1,101618372.50000001
Burkina Faso,Cowpea,2002,708000.0,330210.0,466.4,0.4663983050847458,,
Burkina Faso,Cowpea,2003,972000.0,456600.0,469.8,0.4697530864197531,,
Burkina Faso,Cowpea,2004,588000.0,276349.0,470.0,0.4699812925170068,,
Burkina Faso,Cowpea,2005,946000.0,444712.0,470.1,0.47009725158562365,,
Burkina Faso,Cowpea,2006,928000.0,436156.0,470.0,0.4699956896551724,276.9,120771596.39999999
Burkina Faso,Cowpea,2007,538700.0,253190.0,470.0,0.47000185632077224,,
Burkina Faso,Cowpea,2008,1144000.0,537680.0,470.0,0.47,,
Burkina Faso,Cowpea,2009,965200.0,453629.0,470.0,0.4699844591794447,,
Burkina Faso,Cowpea,2010,1332200.0,626113.0,470.0,0.46998423660111094,,
Burkina Faso,Cowpea,2011,938000.0,441015.0,470.2,0.47016524520255865,,
Burkina Faso,Cowpea,2012,1273500.0,598524.0,470.0,0.46998351001177857,,
Burkina Faso,Cowpea,2013,1200500.0,599804.0,499.6,0.49962848812994587,,
Burkina Faso,Cowpea,2014,1150585.0,562729.0,489.1,0.4890807719551359,,
Burkina Faso,Cowpea,2015,1188798.0,571304.0,480.6,0.48057281388427636,,
Burkina Faso,Cowpea,2016,1152708.0,554286.0,480.9,0.4808555158808649,,
Burkina Faso,Cowpea,2017,1152818.0,555833.0,482.2,0.48215156251897523,,
Burkina Faso,Cowpea,2018,1414472.0,683174.0,483.0,0.48298870532608634,,
Burkina Faso,Cowpea,2019,1463299.0,708000.0,483.8,0.48383823128424197,,
Burkina Faso,Cowpea,2020,1456536.0,704539.0,483.7,0.4837086072709497,,
Burkina Faso,Cowpea,2021,938880.0,454840.0,484.4,0.4844495569188821,,
Burkina Faso,Cowpea,2022,1715884.0,829204.07,483.3,0.48325182238426373,,
Burkina Faso,Cowpea,2023,1516468.0,733576.02,483.7,0.4837398613093056,,
Burkina Faso,Cowpea,2024,1520787.0,736407.85,484.2,0.48422813319682506,,
Burkina Faso,Groundnut,1961,130000.0,70000.0,538.5,0.5384615384615384,,
Burkina Faso,Groundnut,1962,120000.0,60000.0,500.0,0.5,,
Burkina Faso,Groundnut,1963,100000.0,50000.0,500.0,0.5,,
Burkina Faso,Groundnut,1964,127000.0,70000.0,551.2,0.5511811023622047,,
Burkina Faso,Groundnut,1965,130000.0,73000.0,561.5,0.5615384615384615,,
Burkina Faso,Groundnut,1966,140000.0,78000.0,557.1,0.5571428571428572,,
Burkina Faso,Groundnut,1967,142000.0,80000.0,563.4,0.5633802816901409,,
Burkina Faso,Groundnut,1968,150000.0,85000.0,566.7,0.5666666666666667,,
Burkina Faso,Groundnut,1969,136802.0,71019.0,519.1,0.5191371471177322,,
Burkina Faso,Groundnut,1970,139994.0,67702.0,483.6,0.48360644027601185,,
Burkina Faso,Groundnut,1971,144360.0,66182.0,458.5,0.4584510944860072,,
Burkina Faso,Groundnut,1972,104697.0,60408.0,577.0,0.5769792830740136,,
Burkina Faso,Groundnut,1973,167025.0,62865.0,376.4,0.3763807813201617,,
Burkina Faso,Groundnut,1974,180000.0,88900.0,493.9,0.4938888888888889,,
Burkina Faso,Groundnut,1975,163600.0,87200.0,533.0,0.5330073349633252,,
Burkina Faso,Groundnut,1976,160000.0,72686.0,454.3,0.4542875,,
Burkina Faso,Groundnut,1977,165000.0,57073.0,345.9,0.3458969696969697,,
Burkina Faso,Groundnut,1978,152300.0,73858.0,485.0,0.48495075508864083,,
Burkina Faso,Groundnut,1979,153953.0,77831.0,505.6,0.5055503952504985,,
Burkina Faso,Groundnut,1980,105677.0,53943.0,510.5,0.5104516593014563,,
Burkina Faso,Groundnut,1981,128086.0,77667.0,606.4,0.6063660353200193,,
Burkina Faso,Groundnut,1982,155052.0,70658.0,455.7,0.4557051827773908,,
Burkina Faso,Groundnut,1983,137451.0,82316.0,598.9,0.5988752355384828,,
Burkina Faso,Groundnut,1984,112300.0,83000.0,739.1,0.7390917186108638,,
Burkina Faso,Groundnut,1985,166541.0,123464.0,741.3,0.7413429726013414,,
Burkina Faso,Groundnut,1986,210800.0,152211.0,722.1,0.7220635673624288,,
Burkina Faso,Groundnut,1987,193900.0,114817.0,592.1,0.5921454357916451,,
Burkina Faso,Groundnut,1988,230600.0,164200.0,712.1,0.7120555073720729,,
Burkina Faso,Groundnut,1989,181000.0,130549.0,721.3,0.7212651933701657,,
Burkina Faso,Groundnut,1990,189200.0,134235.0,709.5,0.7094873150105708,,
Burkina Faso,Groundnut,1991,177300.0,98800.0,557.2,0.5572476029328821,,
Burkina Faso,Groundnut,1992,232814.0,143400.0,615.9,0.6159423402372709,,
Burkina Faso,Groundnut,1993,217341.0,206322.0,949.3,0.9493008682209063,,
Burkina Faso,Groundnut,1994,242401.0,202976.0,837.4,0.8373562815334921,,
Burkina Faso,Groundnut,1995,274349.0,180532.0,658.0,0.6580377548305261,,
Burkina Faso,Groundnut,1996,211552.0,220534.0,1042.5,1.0424576463469974,,
Burkina Faso,Groundnut,1997,232663.0,152128.0,653.9,0.6538555765205469,173.6,26409420.8
Burkina Faso,Groundnut,1998,215160.0,214807.0,998.4,0.9983593604759249,171.2,36774958.4
Burkina Faso,Groundnut,1999,271469.0,282754.0,1041.6,1.0415701240288946,165.1,46682685.4
Burkina Faso,Groundnut,2000,236880.0,169146.0,714.1,0.7140577507598784,151.8,25676362.8
Burkina Faso,Groundnut,2001,330904.0,301092.0,909.9,0.9099074051688707,191.0,57508572.0
Burkina Faso,Groundnut,2002,342637.0,323642.0,944.6,0.9445623210569787,129.1,41782182.199999996
Burkina Faso,Groundnut,2003,404110.0,358121.0,886.2,0.8861968275964465,131.6,47128723.6
Burkina Faso,Groundnut,2004,352528.0,245307.0,695.9,0.6958511096990877,144.8,35520453.6
Burkina Faso,Groundnut,2005,274603.0,220525.0,803.1,0.8030684296966895,145.0,31976125.0
Burkina Faso,Groundnut,2006,310597.0,215447.0,693.7,0.6936544783111234,277.2,59721908.4
Burkina Faso,Groundnut,2007,415171.0,244922.0,589.9,0.5899304142148657,307.0,75191054.0
Burkina Faso,Groundnut,2008,369125.0,346292.0,938.1,0.9381429055198104,,
Burkina Faso,Groundnut,2009,458222.0,330624.0,721.5,0.7215367223747441,,
Burkina Faso,Groundnut,2010,409922.0,340166.0,829.8,0.8298310410273174,,
Burkina Faso,Groundnut,2011,388704.0,265322.0,682.6,0.6825810899810653,,
Burkina Faso,Groundnut,2012,397762.0,311273.2,782.6,0.7825614312076066,,
Burkina Faso,Groundnut,2013,448767.0,349688.0,779.2,0.7792195058905846,,
Burkina Faso,Groundnut,2014,375040.0,335223.0,893.8,0.8938326578498293,,
Burkina Faso,Groundnut,2015,432665.0,365887.0,845.7,0.8456588815827488,,
Burkina Faso,Groundnut,2016,591873.0,519345.0,877.5,0.8774601983871541,,
Burkina Faso,Groundnut,2017,554832.0,334328.0,602.6,0.6025751939325777,,
Burkina Faso,Groundnut,2018,394031.0,329783.41,836.9,0.8369478797353507,,
Burkina Faso,Groundnut,2019,485703.0,396128.74,815.6,0.8155781207857477,,
Burkina Faso,Groundnut,2020,670798.0,630526.0,940.0,0.9399640428266035,,
Burkina Faso,Groundnut,2021,646303.0,477254.0,738.4,0.7384369250955047,,
Burkina Faso,Groundnut,2022,623769.0,559064.39,896.3,0.8962683140713951,,
Burkina Faso,Groundnut,2023,754457.0,683183.07,905.5,0.9055295000245209,,
Burkina Faso,Groundnut,2024,730410.0,611270.54,836.9,0.8368868717569584,,
Burkina Faso,Maize,1961,149430.0,74985.0,501.8,0.5018068660911463,,
Burkina Faso,Maize,1962,160921.0,78306.0,486.6,0.486611442881911,,
Burkina Faso,Maize,1963,158000.0,108788.0,688.5,0.6885316455696202,,
Burkina Faso,Maize,1964,166800.0,127000.0,761.4,0.7613908872901679,,
Burkina Faso,Maize,1965,150000.0,108707.0,724.7,0.7247133333333333,,
Burkina Faso,Maize,1966,150000.0,110000.0,733.3,0.7333333333333333,,
Burkina Faso,Maize,1967,225454.0,124000.0,550.0,0.5500013306483806,,
Burkina Faso,Maize,1968,228333.0,137000.0,600.0,0.6000008759136874,,
Burkina Faso,Maize,1969,99216.0,59530.0,600.0,0.6000040316078052,,
Burkina Faso,Maize,1970,85854.0,55348.0,644.7,0.6446758450392527,,
Burkina Faso,Maize,1971,89795.0,66394.0,739.4,0.7393952892700039,,
Burkina Faso,Maize,1972,80939.0,58676.0,724.9,0.7249410049543483,,
Burkina Faso,Maize,1973,88680.0,58330.0,657.8,0.6577582318448354,,
Burkina Faso,Maize,1974,130000.0,73136.0,562.6,0.5625846153846153,,
Burkina Faso,Maize,1975,143860.0,84490.0,587.3,0.5873071041290143,,
Burkina Faso,Maize,1976,71000.0,60041.0,845.6,0.8456478873239437,,
Burkina Faso,Maize,1977,90000.0,73748.0,819.4,0.8194222222222223,,
Burkina Faso,Maize,1978,115664.0,107713.0,931.3,0.9312577811592198,,
Burkina Faso,Maize,1979,109720.0,99487.0,906.7,0.9067353262850893,,
Burkina Faso,Maize,1980,115747.0,104510.0,902.9,0.9029175702178026,,
Burkina Faso,Maize,1981,142897.0,118563.0,829.7,0.8297095110464181,,
Burkina Faso,Maize,1982,135155.0,111294.0,823.5,0.8234545521808294,,
Burkina Faso,Maize,1983,125280.0,70743.0,564.7,0.5646791187739464,,
Burkina Faso,Maize,1984,120783.0,77399.0,640.8,0.6408103789440567,,
Burkina Faso,Maize,1985,143069.0,141782.0,991.0,0.9910043405629452,,
Burkina Faso,Maize,1986,165070.0,154960.0,938.8,0.9387532561943418,,
Burkina Faso,Maize,1987,176156.0,130502.0,740.8,0.7408319898271987,,
Burkina Faso,Maize,1988,276668.0,226715.0,819.4,0.8194478580826117,,
Burkina Faso,Maize,1989,221034.0,256913.0,1162.3,1.1623234434521386,,
Burkina Faso,Maize,1990,176500.0,257900.0,1461.2,1.4611898016997167,,
Burkina Faso,Maize,1991,186800.0,315100.0,1686.8,1.686830835117773,,
Burkina Faso,Maize,1992,224900.0,342700.0,1523.8,1.5237883503779457,234.3,80294610.0
Burkina Faso,Maize,1993,197298.0,270723.0,1372.2,1.3721527841133716,183.3,49623525.900000006
Burkina Faso,Maize,1994,218367.0,350315.0,1604.2,1.6042488104887642,133.5,46767052.5
Burkina Faso,Maize,1995,185731.0,212493.0,1144.1,1.1440901088132838,148.5,31555210.5
Burkina Faso,Maize,1996,189235.0,293707.0,1552.1,1.5520754617274817,187.1,54952579.699999996
Burkina Faso,Maize,1997,241333.0,366467.0,1518.5,1.5185117659002292,154.2,56509211.4
Burkina Faso,Maize,1998,271405.0,377758.0,1391.9,1.391860872128369,169.5,64029981.0
Burkina Faso,Maize,1999,288745.0,468948.0,1624.1,1.6240904604408735,146.2,68560197.6
Burkina Faso,Maize,2000,241401.0,423494.0,1754.3,1.7543175048984885,91.3,38665002.199999996
Burkina Faso,Maize,2001,334682.0,606291.0,1811.5,1.8115434950191525,111.9,67843962.9
Burkina Faso,Maize,2002,375755.0,653081.0,1738.1,1.7380500592141155,144.9,94631436.9
Burkina Faso,Maize,2003,435425.0,665508.0,1528.4,1.5284101739679623,149.7,99626547.6
Burkina Faso,Maize,2004,380124.0,481474.0,1266.6,1.2666235228504383,168.8,81272811.2
Burkina Faso,Maize,2005,442497.0,799052.0,1805.8,1.8057794742111246,192.0,153417984.0
Burkina Faso,Maize,2006,445732.0,866664.0,1944.4,1.944361185645186,199.5,172899468.0
Burkina Faso,Maize,2007,471927.0,553874.0,1173.6,1.173643381285665,275.1,152370737.4
Burkina Faso,Maize,2008,608368.0,1013634.0,1666.2,1.6661527233516555,,
Burkina Faso,Maize,2009,585230.0,894558.0,1528.6,1.5285580028364916,,
Burkina Faso,Maize,2010,790321.0,1133452.0,1434.2,1.4341666234352877,,
Burkina Faso,Maize,2011,701196.0,1076753.0,1535.6,1.5355948978602274,,
Burkina Faso,Maize,2012,846488.0,1556316.0,1838.6,1.8385564827853438,,
Burkina Faso,Maize,2013,913630.0,1585418.0,1735.3,1.7352954697196896,,
Burkina Faso,Maize,2014,749935.0,1433085.0,1910.9,1.9109456152866582,,
Burkina Faso,Maize,2015,820117.0,1469612.0,1792.0,1.7919540748454184,,
Burkina Faso,Maize,2016,911728.0,1602525.0,1757.7,1.757678825263675,,
Burkina Faso,Maize,2017,956386.0,1533431.0,1603.4,1.6033599404424574,,
Burkina Faso,Maize,2018,1019181.0,1700127.04,1668.1,1.6681306264539861,,
Burkina Faso,Maize,2019,1014907.0,1710897.56,1685.8,1.6857678191203727,,
Burkina Faso,Maize,2020,1089389.0,1920101.0,1762.5,1.7625485478557246,215.4,413589755.40000004
Burkina Faso,Maize,2021,1218764.0,1853510.0,1520.8,1.5208112481169447,308.4,571622484.0
Burkina Faso,Maize,2022,1090429.0,1810276.28,1660.2,1.6601505279114916,371.9,673241748.532
Burkina Faso,Maize,2023,1219167.0,1995359.46,1636.7,1.6366580296218647,,
Burkina Faso,Maize,2024,1100000.0,1850000.0,1681.8,1.6818181818181819,,
Burkina Faso,Millet,1961,615285.0,194940.0,316.8,0.31682878665984054,,
Burkina Faso,Millet,1962,596972.0,261473.0,438.0,0.4379987671113553,,
Burkina Faso,Millet,1963,823384.0,315765.0,383.5,0.3834966431215569,,
Burkina Faso,Millet,1964,806500.0,378000.0,468.7,0.46869187848729077,,
Burkina Faso,Millet,1965,800000.0,315000.0,393.8,0.39375,,
Burkina Faso,Millet,1966,800000.0,310000.0,387.5,0.3875,,
Burkina Faso,Millet,1967,700000.0,254000.0,362.9,0.3628571428571429,,
Burkina Faso,Millet,1968,612347.0,367717.0,600.5,0.6005042892346987,,
Burkina Faso,Millet,1969,867358.0,381564.0,439.9,0.4399152368456854,,
Burkina Faso,Millet,1970,850159.0,399212.0,469.6,0.4695733386343025,,
Burkina Faso,Millet,1971,811695.0,297690.0,366.8,0.3667510579712823,,
Burkina Faso,Millet,1972,711417.0,265646.0,373.4,0.37340406540748955,,
Burkina Faso,Millet,1973,719750.0,252525.0,350.9,0.350850989927058,,
Burkina Faso,Millet,1974,850000.0,334336.0,393.3,0.3933364705882353,,
Burkina Faso,Millet,1975,910750.0,385696.0,423.5,0.42349272577545977,,
Burkina Faso,Millet,1976,810000.0,347312.0,428.8,0.42878024691358024,,
Burkina Faso,Millet,1977,900000.0,354673.0,394.1,0.3940811111111111,,
Burkina Faso,Millet,1978,767551.0,377882.0,492.3,0.4923216828588589,,
Burkina Faso,Millet,1979,767891.0,377734.0,491.9,0.4919109613213334,,
Burkina Faso,Millet,1980,719947.0,350718.0,487.1,0.4871441925586189,,
Burkina Faso,Millet,1981,922274.0,442771.0,480.1,0.4800861782940861,,
Burkina Faso,Millet,1982,909445.0,441367.0,485.3,0.48531466993605993,,
Burkina Faso,Millet,1983,928403.0,391344.0,421.5,0.42152384255544195,,
Burkina Faso,Millet,1984,722633.0,371958.0,514.7,0.514726008914622,,
Burkina Faso,Millet,1985,974108.0,586589.0,602.2,0.6021806616925434,,
Burkina Faso,Millet,1986,1171426.0,679514.0,580.1,0.5800742001628784,,
Burkina Faso,Millet,1987,1167737.0,631832.0,541.1,0.5410738890691996,,
Burkina Faso,Millet,1988,1276908.0,816650.0,639.6,0.6395527320684027,,
Burkina Faso,Millet,1989,1277714.0,649326.0,508.2,0.5081935393992709,,
Burkina Faso,Millet,1990,1022000.0,449000.0,439.3,0.43933463796477495,,
Burkina Faso,Millet,1991,1208500.0,848500.0,702.1,0.7021100537856847,,
Burkina Faso,Millet,1992,1203600.0,783500.0,651.0,0.6509637753406448,246.5,193132750.0
Burkina Faso,Millet,1993,1293270.0,899197.0,695.3,0.6952894600508788,197.8,177861166.60000002
Burkina Faso,Millet,1994,1311579.0,831422.0,633.9,0.6339092040967415,137.5,114320525.0
Burkina Faso,Millet,1995,1019406.0,733704.0,719.7,0.7197367878941265,152.9,112183341.60000001
Burkina Faso,Millet,1996,1078118.0,811497.0,752.7,0.752697756646304,214.3,173903807.10000002
Burkina Faso,Millet,1997,1154596.0,603932.0,523.1,0.5230678089998579,137.1,82799077.2
Burkina Faso,Millet,1998,1243853.0,972768.0,782.1,0.7820602595322759,161.0,156615648.0
Burkina Faso,Millet,1999,1283701.0,945001.0,736.2,0.7361535123833354,138.1,130504638.1
Burkina Faso,Millet,2000,1138581.0,725613.0,637.3,0.6372958972615914,84.3,61169175.9
Burkina Faso,Millet,2001,1322953.0,1009044.0,762.7,0.7627209734586187,163.7,165180502.79999998
Burkina Faso,Millet,2002,1389618.0,994661.0,715.8,0.7157801640450829,173.6,172673149.6
Burkina Faso,Millet,2003,1406438.0,1184283.0,842.0,0.8420442280427577,154.9,183445436.70000002
Burkina Faso,Millet,2004,1205420.0,937630.0,777.8,0.7778450664498681,174.6,163710198.0
Burkina Faso,Millet,2005,1309710.0,1196253.0,913.4,0.9133724259568912,178.4,213411535.20000002
Burkina Faso,Millet,2006,1223585.0,1175040.0,960.3,0.9603256005917039,183.6,215737344.0
Burkina Faso,Millet,2007,1182665.0,966016.0,816.8,0.8168128760046167,220.2,212716723.2
Burkina Faso,Millet,2008,1577220.0,1255189.0,795.8,0.7958236644222112,,
Burkina Faso,Millet,2009,1255085.0,970927.0,773.6,0.7735946170976468,,
Burkina Faso,Millet,2010,1361835.0,1147894.0,842.9,0.8429024074135266,,
Burkina Faso,Millet,2011,1143410.0,828741.0,724.8,0.7247977540864606,,
Burkina Faso,Millet,2012,1272901.0,1078374.0,847.2,0.8471782173161935,,
Burkina Faso,Millet,2013,1327078.0,1078570.0,812.7,0.8127404719240316,,
Burkina Faso,Millet,2014,1192006.0,972539.0,815.9,0.8158843160185435,,
Burkina Faso,Millet,2015,1160718.0,946184.0,815.2,0.8151712991441504,,
Burkina Faso,Millet,2016,1187397.0,905071.0,762.2,0.7622311661558855,,
Burkina Faso,Millet,2017,1222575.0,828234.0,677.5,0.6774504631617693,,
Burkina Faso,Millet,2018,1393878.0,1189078.56,853.1,0.8530721913969516,,
Burkina Faso,Millet,2019,1176512.0,970175.88,824.6,0.8246204713594082,,
Burkina Faso,Millet,2020,1065735.0,957253.0,898.2,0.8982092171130722,326.6,312638829.8
Burkina Faso,Millet,2021,976335.0,705344.0,722.4,0.7224405557518679,403.9,284888441.59999996
Burkina Faso,Millet,2022,1043257.0,907744.77,870.1,0.8701065700973011,524.2,475839808.4340001
Burkina Faso,Millet,2023,963108.0,861038.55,894.0,0.8940207640264644,,
Burkina Faso,Millet,2024,1097359.0,931108.86,848.5,0.8484997708133801,,
Burkina Faso,Rice,1961,53835.0,30171.0,560.4,0.5604346614655893,,
Burkina Faso,Rice,1962,66843.0,45220.0,676.5,0.676510629385276,,
Burkina Faso,Rice,1963,32800.0,25000.0,762.2,0.7621951219512195,,
Burkina Faso,Rice,1964,34800.0,34000.0,977.0,0.9770114942528736,,
Burkina Faso,Rice,1965,33000.0,24700.0,748.5,0.7484848484848485,,
Burkina Faso,Rice,1966,34500.0,30000.0,869.6,0.8695652173913043,,
Burkina Faso,Rice,1967,35827.0,43540.0,1215.3,1.2152845619225723,,
Burkina Faso,Rice,1968,46021.0,40905.0,888.8,0.888833358684079,,
Burkina Faso,Rice,1969,40128.0,39068.0,973.6,0.9735845295055822,,
Burkina Faso,Rice,1970,40315.0,36285.0,900.0,0.9000372069949151,,
Burkina Faso,Rice,1971,40002.0,36879.0,921.9,0.9219289035548223,,
Burkina Faso,Rice,1972,40454.0,33604.0,830.7,0.8306718742275176,,
Burkina Faso,Rice,1973,38940.0,31100.0,798.7,0.7986646122239343,,
Burkina Faso,Rice,1974,32590.0,35200.0,1080.1,1.0800859159251304,,
Burkina Faso,Rice,1975,41300.0,39900.0,966.1,0.9661016949152542,,
Burkina Faso,Rice,1976,45000.0,45449.0,1010.0,1.0099777777777779,,
Burkina Faso,Rice,1977,31896.0,37610.0,1179.1,1.1791447203411085,,
Burkina Faso,Rice,1978,35000.0,39721.0,1134.9,1.1348857142857143,,
Burkina Faso,Rice,1979,40000.0,46922.0,1173.0,1.17305,,
Burkina Faso,Rice,1980,36586.0,40212.0,1099.1,1.099108948778221,,
Burkina Faso,Rice,1981,39471.0,45238.0,1146.1,1.1461072686276,,
Burkina Faso,Rice,1982,25118.0,42800.0,1704.0,1.70395732144279,,
Burkina Faso,Rice,1983,21542.0,40000.0,1856.8,1.8568378052177141,,
Burkina Faso,Rice,1984,21037.0,40993.0,1948.6,1.9486143461520178,,
Burkina Faso,Rice,1985,27741.0,50334.0,1814.4,1.8144263004217585,,
Burkina Faso,Rice,1986,22586.0,37949.0,1680.2,1.6802001239706013,,
Burkina Faso,Rice,1987,18922.0,21790.0,1151.6,1.1515696015220378,,
Burkina Faso,Rice,1988,21872.0,39080.0,1786.8,1.7867593269934163,,
Burkina Faso,Rice,1989,20370.0,41841.0,2054.1,2.0540500736377023,,
Burkina Faso,Rice,1990,23000.0,47800.0,2078.3,2.0782608695652174,,
Burkina Faso,Rice,1991,18000.0,38600.0,2144.4,2.1444444444444444,,
Burkina Faso,Rice,1992,24800.0,46700.0,1883.1,1.8830645161290323,,
Burkina Faso,Rice,1993,24877.0,53809.0,2163.0,2.163001969690879,,
Burkina Faso,Rice,1994,31155.0,61009.0,1958.2,1.9582410528005136,,
Burkina Faso,Rice,1995,43652.0,84025.0,1924.9,1.9248831668652067,,
Burkina Faso,Rice,1996,46814.0,111807.0,2388.3,2.3883240056393387,,
Burkina Faso,Rice,1997,56837.0,89516.0,1575.0,1.5749599732568573,196.7,17607797.2
Burkina Faso,Rice,1998,45904.0,88998.0,1938.8,1.938785291042175,222.0,19757556.0
Burkina Faso,Rice,1999,37951.0,94209.0,2482.4,2.482385180891149,186.4,17560557.6
Burkina Faso,Rice,2000,40150.0,103087.0,2567.5,2.567546699875467,119.4,12308587.8
Burkina Faso,Rice,2001,58456.0,109868.0,1879.5,1.879499110442042,127.6,14019156.799999999
Burkina Faso,Rice,2002,46871.0,89104.0,1901.0,1.901047556058117,135.9,12109233.6
Burkina Faso,Rice,2003,47755.0,95494.0,1999.7,1.9996649565490525,167.5,15995245.0
Burkina Faso,Rice,2004,49513.0,74501.0,1504.7,1.5046755397572356,188.0,14006188.0
Burkina Faso,Rice,2005,52563.0,93516.0,1779.1,1.7791221962216768,391.5,36611514.0
Burkina Faso,Rice,2006,44200.0,113700.0,2572.4,2.572398190045249,404.8,46025760.0
Burkina Faso,Rice,2007,40534.0,68916.0,1700.2,1.7002022993042878,451.6,31122465.6
Burkina Faso,Rice,2008,80106.0,195102.0,2435.5,2.4355478990337804,,
Burkina Faso,Rice,2009,92243.0,213584.0,2315.4,2.315449410795399,,
Burkina Faso,Rice,2010,133737.0,270658.0,2023.8,2.0238079215176055,,
Burkina Faso,Rice,2011,136268.0,240866.0,1767.6,1.767590336689465,,
Burkina Faso,Rice,2012,136864.0,319390.0,2333.6,2.3336304652794015,,
Burkina Faso,Rice,2013,138852.0,305382.0,2199.3,2.1993345432546882,,
Burkina Faso,Rice,2014,144261.0,347501.0,2408.8,2.4088353747721145,,
Burkina Faso,Rice,2015,142715.0,325138.0,2278.2,2.278232841677469,,
Burkina Faso,Rice,2016,170158.0,384690.0,2260.8,2.2607811563370515,,
Burkina Faso,Rice,2017,165086.0,325566.0,1972.1,1.972099390620646,,
Burkina Faso,Rice,2018,160949.0,350392.0,2177.0,2.177037446644589,,
Burkina Faso,Rice,2019,177256.0,376527.25,2124.2,2.124200309157377,,
Burkina Faso,Rice,2020,201734.0,451421.0,2237.7,2.237704105406129,,
Burkina Faso,Rice,2021,221052.0,451014.0,2040.3,2.040307258020737,,
Burkina Faso,Rice,2022,198473.0,438982.38,2211.8,2.2117989852524023,,
Burkina Faso,Rice,2023,212294.0,504254.0,2375.3,2.375262607515992,,
Burkina Faso,Rice,2024,230187.0,513234.03,2229.6,2.2296395104849536,,
Burkina Faso,Sorghum,1961,907585.0,410725.0,452.5,0.45254714434460686,,
Burkina Faso,Sorghum,1962,1041577.0,508343.0,488.1,0.48805129145516846,,
Burkina Faso,Sorghum,1963,907500.0,460000.0,506.9,0.5068870523415978,,
Burkina Faso,Sorghum,1964,910000.0,460000.0,505.5,0.5054945054945055,,
Burkina Faso,Sorghum,1965,964000.0,495000.0,513.5,0.5134854771784232,,
Burkina Faso,Sorghum,1966,1018000.0,540000.0,530.5,0.5304518664047151,,
Burkina Faso,Sorghum,1967,1312000.0,604000.0,460.4,0.4603658536585366,,
Burkina Faso,Sorghum,1968,830600.0,529674.0,637.7,0.637700457500602,,
Burkina Faso,Sorghum,1969,1093758.0,546879.0,500.0,0.5,,
Burkina Faso,Sorghum,1970,1041270.0,563183.0,540.9,0.5408616401125549,,
Burkina Faso,Sorghum,1971,1026395.0,474445.0,462.2,0.46224406782963673,,
Burkina Faso,Sorghum,1972,1050744.0,512358.0,487.6,0.48761449030401316,,
Burkina Faso,Sorghum,1973,1036910.0,481410.0,464.3,0.4642736592375423,,
Burkina Faso,Sorghum,1974,1200000.0,637328.0,531.1,0.5311066666666666,,
Burkina Faso,Sorghum,1975,1138390.0,735233.0,645.9,0.6458533542986147,,
Burkina Faso,Sorghum,1976,1055000.0,534021.0,506.2,0.5061810426540284,,
Burkina Faso,Sorghum,1977,1064000.0,634812.0,596.6,0.5966278195488722,,
Burkina Faso,Sorghum,1978,1098444.0,634959.0,578.1,0.5780531369828594,,
Burkina Faso,Sorghum,1979,1106329.0,653199.0,590.4,0.5904202095398385,,
Burkina Faso,Sorghum,1980,956710.0,546881.0,571.6,0.5716267207408724,,
Burkina Faso,Sorghum,1981,1089121.0,658786.0,604.9,0.6048786131201216,,
Burkina Faso,Sorghum,1982,1047648.0,608723.0,581.0,0.5810377149576957,,
Burkina Faso,Sorghum,1983,1083391.0,610972.0,563.9,0.5639441346660624,,
Burkina Faso,Sorghum,1984,965298.0,594160.0,615.5,0.615519766952796,,
Burkina Faso,Sorghum,1985,1076730.0,797523.0,740.7,0.7406898665403583,,
Burkina Faso,Sorghum,1986,1329996.0,1010919.0,760.1,0.7600917596744652,,
Burkina Faso,Sorghum,1987,1176042.0,847740.0,720.8,0.7208416025958256,,
Burkina Faso,Sorghum,1988,1295386.0,1008857.0,778.8,0.7788080155258741,,
Burkina Faso,Sorghum,1989,1362294.0,991169.0,727.6,0.7275734900102327,,
Burkina Faso,Sorghum,1990,1287900.0,750500.0,582.7,0.5827315785387064,,
Burkina Faso,Sorghum,1991,1362000.0,1238300.0,909.2,0.9091776798825257,,
Burkina Faso,Sorghum,1992,1369200.0,1292100.0,943.7,0.9436897458369851,232.7,300671670.0
Burkina Faso,Sorghum,1993,1161728.0,1281072.0,1102.7,1.102729726751873,177.3,227134065.60000002
Burkina Faso,Sorghum,1994,1248502.0,972911.0,779.3,0.7792626683817887,120.8,117527648.8
Burkina Faso,Sorghum,1995,1445695.0,1266156.0,875.8,0.8758112879964308,134.4,170171366.4
Burkina Faso,Sorghum,1996,1378730.0,1253955.0,909.5,0.9095000471448362,183.8,230476929.0
Burkina Faso,Sorghum,1997,1385758.0,942885.0,680.4,0.6804110097145389,137.1,129269533.5
Burkina Faso,Sorghum,1998,1408200.0,1202808.0,854.1,0.8541457179377929,152.6,183548500.79999998
Burkina Faso,Sorghum,1999,1330479.0,1178385.0,885.7,0.8856847796921259,121.8,143527293.0
Burkina Faso,Sorghum,2000,1225223.0,1016275.0,829.5,0.8294612490950627,84.3,85671982.5
Burkina Faso,Sorghum,2001,1478359.0,1371569.0,927.8,0.9277645010447395,141.9,194625641.1
Burkina Faso,Sorghum,2002,1484369.0,1373331.0,925.2,0.9251951502625021,159.3,218771628.3
Burkina Faso,Sorghum,2003,1676735.0,1610255.0,960.4,0.9603515164888906,154.9,249428499.5
Burkina Faso,Sorghum,2004,1438055.0,1399302.0,973.1,0.9730517956545472,174.6,244318129.2
Burkina Faso,Sorghum,2005,1422272.0,1552911.0,1091.9,1.0918523320433784,178.4,277039322.40000004
Burkina Faso,Sorghum,2006,1330414.0,1515770.0,1139.3,1.1393220456188826,187.2,283752144.0
Burkina Faso,Sorghum,2007,1607741.0,1507162.0,937.4,0.937440794257284,193.6,291786563.2
Burkina Faso,Sorghum,2008,1901776.0,1875046.0,985.9,0.9859447169382725,,
Burkina Faso,Sorghum,2009,1653115.0,1521468.0,920.4,0.920364281976753,,
Burkina Faso,Sorghum,2010,1983122.0,1990227.0,1003.6,1.0035827346981174,,
Burkina Faso,Sorghum,2011,1681881.0,1505543.0,895.2,0.8951542945071619,,
Burkina Faso,Sorghum,2012,1788695.0,1923805.0,1075.5,1.0755355161164983,,
Burkina Faso,Sorghum,2013,1806529.0,1880465.0,1040.9,1.0409271038549617,,
Burkina Faso,Sorghum,2014,1548404.0,1707613.0,1102.8,1.1028213567001894,,
Burkina Faso,Sorghum,2015,1444937.0,1435640.0,993.6,0.9935658094435951,,
Burkina Faso,Sorghum,2016,1734170.0,1663844.0,959.4,0.9594468823702406,,
Burkina Faso,Sorghum,2017,1667193.0,1365898.0,819.3,0.8192800713534666,,
Burkina Faso,Sorghum,2018,1907650.0,1929834.25,1011.6,1.0116290986292034,,
Burkina Faso,Sorghum,2019,1890172.0,1871791.17,990.3,0.9902755780955383,,
Burkina Faso,Sorghum,2020,1734614.0,1839571.0,1060.5,1.0605074097176663,236.3,434690627.3
Burkina Faso,Sorghum,2021,1827172.0,1643722.0,899.6,0.8995989430661153,312.0,512841264.0
Burkina Faso,Sorghum,2022,1958672.0,2013868.96,1028.2,1.0281808082210804,413.6,832936201.8560001
Burkina Faso,Sorghum,2023,1793783.0,1772021.68,987.9,0.9878684768447465,,
Burkina Faso,Sorghum,2024,1900000.0,1900000.0,1000.0,1.0,,
Burkina Faso,Yam,1961,8755.0,22530.0,2573.4,2.573386636207881,,
Burkina Faso,Yam,1962,8946.0,22530.0,2518.4,2.518443997317237,,
Burkina Faso,Yam,1963,8700.0,22000.0,2528.7,2.528735632183908,,
Burkina Faso,Yam,1964,5000.0,20000.0,4000.0,4.0,,
Burkina Faso,Yam,1965,5000.0,20000.0,4000.0,4.0,,
Burkina Faso,Yam,1966,5000.0,24000.0,4800.0,4.8,,
Burkina Faso,Yam,1967,6000.0,30000.0,5000.0,5.0,,
Burkina Faso,Yam,1968,7604.0,34166.0,4493.2,4.493161493950552,,
Burkina Faso,Yam,1969,7000.0,35000.0,5000.0,5.0,,
Burkina Faso,Yam,1970,6000.0,35000.0,5833.3,5.833333333333333,,
Burkina Faso,Yam,1971,6000.0,40000.0,6666.7,6.666666666666667,,
Burkina Faso,Yam,1972,6000.0,40000.0,6666.7,6.666666666666667,,
Burkina Faso,Yam,1973,6000.0,45000.0,7500.0,7.5,,
Burkina Faso,Yam,1974,4830.0,41110.0,8511.4,8.511387163561077,,
Burkina Faso,Yam,1975,5000.0,45000.0,9000.0,9.0,,
Burkina Faso,Yam,1976,5000.0,50000.0,10000.0,10.0,,
Burkina Faso,Yam,1977,5500.0,55000.0,10000.0,10.0,,
Burkina Faso,Yam,1978,6000.0,60000.0,10000.0,10.0,,
Burkina Faso,Yam,1979,6500.0,65000.0,10000.0,10.0,,
Burkina Faso,Yam,1980,7000.0,70000.0,10000.0,10.0,,
Burkina Faso,Yam,1981,7900.0,77420.0,9800.0,9.8,,
Burkina Faso,Yam,1982,7980.0,78204.0,9800.0,9.8,,
Burkina Faso,Yam,1983,8125.0,79625.0,9800.0,9.8,,
Burkina Faso,Yam,1984,8274.0,88699.0,10720.2,10.720207880106358,,
Burkina Faso,Yam,1985,7900.0,70440.0,8916.5,8.916455696202531,,
Burkina Faso,Yam,1986,12600.0,112065.0,8894.0,8.894047619047619,,
Burkina Faso,Yam,1987,10900.0,88646.0,8132.7,8.132660550458716,,
Burkina Faso,Yam,1988,9300.0,83997.0,9031.9,9.031935483870967,,
Burkina Faso,Yam,1989,7012.0,51446.0,7336.9,7.336851112378779,,
Burkina Faso,Yam,1990,5600.0,37100.0,6625.0,6.625,,
Burkina Faso,Yam,1991,6000.0,36500.0,6083.3,6.083333333333333,,
Burkina Faso,Yam,1992,11242.0,12900.0,1147.5,1.1474826543319694,,
Burkina Faso,Yam,1993,7002.0,41734.0,5960.3,5.960297057983433,,
Burkina Faso,Yam,1994,6871.0,36446.0,5304.3,5.304322514917771,,
Burkina Faso,Yam,1995,9253.0,64042.0,6921.2,6.921214741165028,,
Burkina Faso,Yam,1996,6680.0,49298.0,7379.9,7.379940119760479,,
Burkina Faso,Yam,1997,5268.0,36438.0,6916.9,6.9168564920273345,123.1,4485517.8
Burkina Faso,Yam,1998,6802.0,45525.0,6692.9,6.6928844457512495,149.0,6783225.0
Burkina Faso,Yam,1999,6580.0,43000.0,6535.0,6.5349544072948325,119.9,5155700.0
Burkina Faso,Yam,2000,6628.0,54965.0,8292.8,8.292848521424261,92.1,5062276.5
Burkina Faso,Yam,2001,10171.0,70669.0,6948.1,6.948087700324452,156.9,11087966.1
Burkina Faso,Yam,2002,3021.0,25187.0,8337.3,8.337305527970871,166.3,4188598.1
Burkina Faso,Yam,2003,2955.0,35487.0,12009.1,12.009137055837563,123.7,4389741.9
Burkina Faso,Yam,2004,12087.0,89695.0,7420.8,7.420782659055183,140.2,12575238.999999998
Burkina Faso,Yam,2005,2433.0,18322.0,7530.6,7.530620632963419,144.6,2649361.1999999997
Burkina Faso,Yam,2006,2592.0,22157.0,8548.2,8.548225308641975,150.2,3327981.4
Burkina Faso,Yam,2007,3019.0,19684.0,6520.0,6.520039748261014,252.3,4966273.2
Burkina Faso,Yam,2008,6022.0,43295.29,7189.5,7.189520092992361,,
Burkina Faso,Yam,2009,8586.0,80868.0,9418.6,9.418588399720475,,
Burkina Faso,Yam,2010,14677.0,97630.0,6651.8,6.651904340124004,,
Burkina Faso,Yam,2011,13328.0,99730.0,7482.7,7.482743097238895,,
Burkina Faso,Yam,2012,12485.0,113345.0,9078.5,9.078494193031638,,
Burkina Faso,Yam,2013,15629.0,91577.0,5859.4,5.859427986435472,,
Burkina Faso,Yam,2014,6725.0,43953.0,6535.8,6.5357620817843864,,
Burkina Faso,Yam,2015,7809.0,28762.0,3683.2,3.6831860673581764,,
Burkina Faso,Yam,2016,7964.0,47662.0,5984.7,5.984681064791562,,
Burkina Faso,Yam,2017,6723.0,46735.0,6951.5,6.951509742674402,,
Burkina Faso,Yam,2018,5579.0,35909.09,6436.1,6.436474278544542,,
Burkina Faso,Yam,2019,7180.0,50152.12,6985.4,6.984974930362117,,
Burkina Faso,Yam,2020,7335.0,62186.0,8478.0,8.477982276755283,,
Burkina Faso,Yam,2021,6369.0,74284.0,11663.4,11.663369445752865,,
Burkina Faso,Yam,2022,3974.0,62661.86,15767.8,15.767956718671364,,
Burkina Faso,Yam,2023,4798.0,63643.88,13264.5,13.264668611921634,,
Burkina Faso,Yam,2024,5704.0,64046.89,11229.4,11.228416900420758,,
Cameroon,Cassava,1961,109000.0,580000.0,5321.1,5.321100917431193,,
Cameroon,Cassava,1962,113000.0,600000.0,5309.7,5.3097345132743365,,
Cameroon,Cassava,1963,117000.0,620000.0,5299.1,5.299145299145299,,
Cameroon,Cassava,1964,122600.0,650000.0,5301.8,5.301794453507341,,
Cameroon,Cassava,1965,125000.0,675000.0,5400.0,5.4,,
Cameroon,Cassava,1966,130600.0,705000.0,5398.2,5.398162327718223,,
Cameroon,Cassava,1967,140000.0,756452.0,5403.2,5.4032285714285715,,
Cameroon,Cassava,1968,137800.0,757947.0,5500.3,5.500341074020319,,
Cameroon,Cassava,1969,108100.0,594672.0,5501.1,5.5011285846438485,,
Cameroon,Cassava,1970,118900.0,654274.0,5502.7,5.502724978973927,,
Cameroon,Cassava,1971,118200.0,662071.0,5601.3,5.601277495769882,,
Cameroon,Cassava,1972,128400.0,719000.0,5599.7,5.599688473520249,,
Cameroon,Cassava,1973,130700.0,732082.0,5601.2,5.60123947972456,,
Cameroon,Cassava,1974,142300.0,811103.0,5700.0,5.699950808151792,,
Cameroon,Cassava,1975,143900.0,820000.0,5698.4,5.698401667824879,,
Cameroon,Cassava,1976,145600.0,830000.0,5700.5,5.700549450549451,,
Cameroon,Cassava,1977,155170.0,900000.0,5800.1,5.800090223625701,,
Cameroon,Cassava,1978,160300.0,930000.0,5801.6,5.801621958827199,,
Cameroon,Cassava,1979,163800.0,950000.0,5799.8,5.7997557997558,,
Cameroon,Cassava,1980,166100.0,980000.0,5900.1,5.900060204695967,,
Cameroon,Cassava,1981,169500.0,1000000.0,5899.7,5.899705014749262,,
Cameroon,Cassava,1982,183300.0,1100000.0,6001.1,6.001091107474086,,
Cameroon,Cassava,1983,100000.0,1143122.0,11431.2,11.43122,,
Cameroon,Cassava,1984,95235.0,1374145.0,14429.0,14.428991442221871,,
Cameroon,Cassava,1985,93945.0,1498749.0,15953.5,15.95347277662462,,
Cameroon,Cassava,1986,101000.0,1495801.0,14809.9,14.809910891089109,,
Cameroon,Cassava,1987,94404.0,1336115.0,14153.2,14.153160883013431,,
Cameroon,Cassava,1988,94307.0,1176253.0,12472.6,12.472594823289894,,
Cameroon,Cassava,1989,76709.0,1209814.0,15771.5,15.771474012175885,,
Cameroon,Cassava,1990,96594.0,1587872.0,16438.6,16.438619375944675,,
Cameroon,Cassava,1991,100000.0,1622000.0,16220.0,16.22,,
Cameroon,Cassava,1992,120000.0,1636000.0,13633.3,13.633333333333333,188.9,309040400.0
Cameroon,Cassava,1993,125000.0,1648000.0,13184.0,13.184,,
Cameroon,Cassava,1994,135000.0,1715000.0,12703.7,12.703703703703704,,
Cameroon,Cassava,1995,150000.0,1780000.0,11866.7,11.866666666666667,72.1,128337999.99999999
Cameroon,Cassava,1996,160000.0,1848000.0,11550.0,11.55,72.3,133610400.0
Cameroon,Cassava,1997,180000.0,1918000.0,10655.6,10.655555555555555,74.5,142891000.0
Cameroon,Cassava,1998,218340.0,1965950.0,9004.1,9.004076211413391,76.3,150001985.0
Cameroon,Cassava,1999,138307.0,1889191.0,13659.4,13.659402633272357,73.1,138099862.1
Cameroon,Cassava,2000,144242.0,1918300.0,13299.2,13.299177770690923,,
Cameroon,Cassava,2001,237709.0,1947266.0,8191.8,8.19180594760821,88.7,172722494.20000002
Cameroon,Cassava,2002,261481.0,2003630.0,7662.6,7.662621758368677,93.3,186938679.0
Cameroon,Cassava,2003,287629.0,2047710.0,7119.3,7.119275177398663,120.4,246544284.0
Cameroon,Cassava,2004,316392.0,2092763.0,6614.5,6.6144624389997215,,
Cameroon,Cassava,2005,226320.0,2393801.0,10577.1,10.577063449982326,,
Cameroon,Cassava,2006,246604.0,2652176.0,10754.8,10.754797164685082,,
Cameroon,Cassava,2007,197675.0,2767455.0,14000.0,14.000025294043253,,
Cameroon,Cassava,2008,205910.0,2882734.0,14000.0,13.9999708610558,268.9,775167172.5999999
Cameroon,Cassava,2009,239418.0,3340562.0,13952.8,13.952843979984797,316.0,1055617592.0
Cameroon,Cassava,2010,270787.0,3808239.0,14063.6,14.063596110596151,418.5,1593748021.5
Cameroon,Cassava,2011,280189.0,4082903.0,14572.0,14.57196035533158,333.8,1362873021.4
Cameroon,Cassava,2012,371543.0,4287177.0,11538.8,11.538844763593985,286.1,1226561339.7
Cameroon,Cassava,2013,310788.0,4596383.0,14789.4,14.789448112539738,,
Cameroon,Cassava,2014,322703.0,4500000.0,13944.7,13.944710771204482,,
Cameroon,Cassava,2015,357009.0,4500000.0,12604.7,12.604724250649143,,
Cameroon,Cassava,2016,366175.0,5166736.0,14110.0,14.110018433808971,,
Cameroon,Cassava,2017,371938.0,5322429.1,14310.0,14.30999010587786,,
Cameroon,Cassava,2018,392661.0,5658753.1,14411.3,14.411293966041955,,
Cameroon,Cassava,2019,398855.0,5676050.0,14230.9,14.230860839152072,,
Cameroon,Cassava,2020,401959.0,5779726.5,14378.9,14.378895608756117,,
Cameroon,Cassava,2021,422781.0,5908941.72,13976.3,13.97636535227458,,
Cameroon,Cassava,2022,495411.0,6267889.85,12651.9,12.651898827438227,,
Cameroon,Cassava,2023,533152.0,6459348.36,12115.4,12.11539741011944,,
Cameroon,Cassava,2024,466886.0,6658482.77,14261.5,14.26147447128421,,
Cameroon,Cowpea,1994,11000.0,10000.0,909.1,0.9090909090909091,288.2,2882000.0
Cameroon,Cowpea,1995,22000.0,20000.0,909.1,0.9090909090909091,340.6,6812000.0
Cameroon,Cowpea,1996,33000.0,30000.0,909.1,0.9090909090909091,283.5,8505000.0
Cameroon,Cowpea,1997,44000.0,40000.0,909.1,0.9090909090909091,257.0,10280000.0
Cameroon,Cowpea,1998,55000.0,50000.0,909.1,0.9090909090909091,339.0,16950000.0
Cameroon,Cowpea,1999,66000.0,60000.0,909.1,0.9090909090909091,519.7,31182000.000000004
Cameroon,Cowpea,2000,77000.0,70000.0,909.1,0.9090909090909091,,
Cameroon,Cowpea,2001,95809.0,87503.0,913.3,0.9133066830882276,309.7,27099679.099999998
Cameroon,Cowpea,2002,100599.0,90478.0,899.4,0.8993926380977942,325.7,29468684.599999998
Cameroon,Cowpea,2003,105629.0,93554.0,885.7,0.8856848024690189,364.8,34128499.2
Cameroon,Cowpea,2004,110910.0,96735.0,872.2,0.872193670543684,,
Cameroon,Cowpea,2005,89846.0,92609.0,1030.8,1.0307526211517486,,
Cameroon,Cowpea,2006,105161.0,108406.0,1030.9,1.0308574471524614,,
Cameroon,Cowpea,2007,111890.0,122790.0,1097.4,1.0974171060863347,,
Cameroon,Cowpea,2008,115374.0,130101.0,1127.6,1.1276457434083935,,
Cameroon,Cowpea,2009,236654.0,141206.0,596.7,0.5966770052481682,,
Cameroon,Cowpea,2010,249486.0,146145.0,585.8,0.58578437267021,,
Cameroon,Cowpea,2011,181664.0,156413.0,861.0,0.8610016293817156,,
Cameroon,Cowpea,2012,121405.0,146955.0,1210.5,1.2104526172727648,,
Cameroon,Cowpea,2013,236214.0,165350.0,700.0,0.700000846689866,,
Cameroon,Cowpea,2014,267862.0,178024.93,664.6,0.6646143536597203,,
Cameroon,Cowpea,2015,297115.0,186910.97,629.1,0.6290862797233394,,
Cameroon,Cowpea,2016,472799.0,195230.2,412.9,0.41292430821554194,,
Cameroon,Cowpea,2017,401430.0,194817.8,485.3,0.4853095184714645,,
Cameroon,Cowpea,2018,396583.0,238946.0,602.5,0.6025119584046719,,
Cameroon,Cowpea,2019,398277.0,221928.4,557.2,0.557221230450164,,
Cameroon,Cowpea,2020,404736.0,203061.7,501.7,0.5017139567520557,,
Cameroon,Cowpea,2021,430211.0,213323.17,495.9,0.4958570794331154,,
Cameroon,Cowpea,2022,472741.0,236736.57,500.8,0.5007743563600365,,
Cameroon,Cowpea,2023,515921.0,243239.08,471.5,0.4714657476629174,,
Cameroon,Cowpea,2024,555235.0,250311.75,450.8,0.4508212738750259,,
Cameroon,Groundnut,1961,101341.0,83130.0,820.3,0.820299779950859,,
Cameroon,Groundnut,1962,120281.0,102043.0,848.4,0.8483717295333427,,
Cameroon,Groundnut,1963,150162.0,115167.0,767.0,0.7669516921724537,,
Cameroon,Groundnut,1964,129611.0,120521.0,929.9,0.929867063752305,,
Cameroon,Groundnut,1965,168377.0,141319.0,839.3,0.8393010921919265,,
Cameroon,Groundnut,1966,188000.0,148081.0,787.7,0.7876648936170213,,
Cameroon,Groundnut,1967,219083.0,184090.0,840.3,0.8402751468621481,,
Cameroon,Groundnut,1968,221582.0,193350.0,872.6,0.8725889287035951,,
Cameroon,Groundnut,1969,215063.0,200980.0,934.5,0.9345168625007556,,
Cameroon,Groundnut,1970,258320.0,199100.0,770.7,0.7707494580365438,,
Cameroon,Groundnut,1971,259155.0,218600.0,843.5,0.8435106403503695,,
Cameroon,Groundnut,1972,286341.0,237100.0,828.0,0.8280337080613674,,
Cameroon,Groundnut,1973,300499.0,248600.0,827.3,0.8272906066243149,,
Cameroon,Groundnut,1974,296321.0,235700.0,795.4,0.7954211817589708,,
Cameroon,Groundnut,1975,382321.0,245700.0,642.7,0.6426536863002555,,
Cameroon,Groundnut,1976,335861.0,287100.0,854.8,0.8548179157449064,,
Cameroon,Groundnut,1977,341149.0,267100.0,782.9,0.7829423507030653,,
Cameroon,Groundnut,1978,387241.0,115159.0,297.4,0.2973832832783719,,
Cameroon,Groundnut,1979,338347.0,155000.0,458.1,0.4581095738989854,,
Cameroon,Groundnut,1980,362966.0,125760.0,346.5,0.34647873354529074,,
Cameroon,Groundnut,1981,311030.0,129600.0,416.7,0.4166800630164293,,
Cameroon,Groundnut,1982,312113.0,141000.0,451.8,0.451759458913919,,
Cameroon,Groundnut,1983,273160.0,120000.0,439.3,0.43930297261678136,,
Cameroon,Groundnut,1984,330000.0,99209.0,300.6,0.3006333333333333,,
Cameroon,Groundnut,1985,320000.0,96492.0,301.5,0.3015375,,
Cameroon,Groundnut,1986,325000.0,97680.0,300.6,0.30055384615384617,,
Cameroon,Groundnut,1987,320000.0,97517.0,304.7,0.304740625,,
Cameroon,Groundnut,1988,320000.0,98000.0,306.3,0.30625,,
Cameroon,Groundnut,1989,320000.0,74766.0,233.6,0.23364375,,
Cameroon,Groundnut,1990,320000.0,87622.0,273.8,0.27381875,,
Cameroon,Groundnut,1991,320000.0,95000.0,296.9,0.296875,709.0,67355000.0
Cameroon,Groundnut,1992,320000.0,90000.0,281.3,0.28125,642.3,57806999.99999999
Cameroon,Groundnut,1993,320000.0,99000.0,309.4,0.309375,,
Cameroon,Groundnut,1994,320000.0,117000.0,365.6,0.365625,288.2,33719400.0
Cameroon,Groundnut,1995,320000.0,117000.0,365.6,0.365625,500.9,58605300.0
Cameroon,Groundnut,1996,320000.0,171238.0,535.1,0.53511875,488.7,83684010.6
Cameroon,Groundnut,1997,320000.0,90000.0,281.3,0.28125,471.2,42408000.0
Cameroon,Groundnut,1998,320000.0,129000.0,403.1,0.403125,466.1,60126900.0
Cameroon,Groundnut,1999,192186.0,184364.0,959.3,0.9592998449418793,503.5,92827274.0
Cameroon,Groundnut,2000,204158.0,196702.0,963.5,0.9634792660586409,,
Cameroon,Groundnut,2001,205000.0,197631.0,964.1,0.9640536585365853,360.1,71166923.10000001
Cameroon,Groundnut,2002,290136.0,210712.0,726.3,0.7262525160614333,378.8,79817705.60000001
Cameroon,Groundnut,2003,295939.0,218027.0,736.7,0.7367295287204457,,
Cameroon,Groundnut,2004,301858.0,225720.0,747.8,0.7477688184510598,,
Cameroon,Groundnut,2005,209347.0,346448.0,1654.9,1.6548983267016006,,
Cameroon,Groundnut,2006,236951.0,414046.0,1747.4,1.7473908107583425,,
Cameroon,Groundnut,2007,330802.0,449123.0,1357.7,1.3576792159660462,,
Cameroon,Groundnut,2008,345756.0,484199.0,1400.4,1.400406645148602,800.2,387456039.8
Cameroon,Groundnut,2009,366501.0,503175.0,1372.9,1.3729157628492146,760.6,382714905.0
Cameroon,Groundnut,2010,377496.0,536187.0,1420.4,1.42037796426982,638.6,342409018.2
Cameroon,Groundnut,2011,505469.0,564230.0,1116.3,1.116250452550008,845.4,477000042.0
Cameroon,Groundnut,2012,422464.0,633799.0,1500.2,1.5002438077564006,812.6,515025067.40000004
Cameroon,Groundnut,2013,463209.0,635947.0,1372.9,1.3729158975753926,,
Cameroon,Groundnut,2014,413951.0,578626.0,1397.8,1.397812784604941,,
Cameroon,Groundnut,2015,435556.0,608731.0,1397.6,1.3975952575558597,,
Cameroon,Groundnut,2016,453826.0,601104.0,1324.5,1.3245252585792793,,
Cameroon,Groundnut,2017,477682.0,595960.8,1247.6,1.2476099162204146,,
Cameroon,Groundnut,2018,524636.0,664127.7,1265.9,1.2658828216134614,,
Cameroon,Groundnut,2019,539452.0,725825.1,1345.5,1.3454859746557617,,
Cameroon,Groundnut,2020,516904.0,801632.3,1550.8,1.5508340039930046,,
Cameroon,Groundnut,2021,520000.0,520000.0,1000.0,1.0,,
Cameroon,Groundnut,2022,530000.0,530000.0,1000.0,1.0,,
Cameroon,Groundnut,2023,540000.0,540000.0,1000.0,1.0,,
Cameroon,Groundnut,2024,540000.0,540000.0,1000.0,1.0,,
Cameroon,Maize,1961,460000.0,360000.0,782.6,0.782608695652174,,
Cameroon,Maize,1962,470000.0,350000.0,744.7,0.7446808510638298,,
Cameroon,Maize,1963,450000.0,340000.0,755.6,0.7555555555555555,,
Cameroon,Maize,1964,435000.0,330000.0,758.6,0.7586206896551724,,
Cameroon,Maize,1965,435000.0,330000.0,758.6,0.7586206896551724,,
Cameroon,Maize,1966,420000.0,320000.0,761.9,0.7619047619047619,,
Cameroon,Maize,1967,413000.0,310000.0,750.6,0.7506053268765133,,
Cameroon,Maize,1968,435000.0,355000.0,816.1,0.8160919540229885,,
Cameroon,Maize,1969,430000.0,400000.0,930.2,0.9302325581395349,,
Cameroon,Maize,1970,460000.0,412000.0,895.7,0.8956521739130435,,
Cameroon,Maize,1971,490000.0,445000.0,908.2,0.9081632653061225,,
Cameroon,Maize,1972,492500.0,448000.0,909.6,0.9096446700507614,,
Cameroon,Maize,1973,520000.0,448000.0,861.5,0.8615384615384616,,
Cameroon,Maize,1974,550000.0,500000.0,909.1,0.9090909090909091,,
Cameroon,Maize,1975,537800.0,661620.0,1230.2,1.2302342878393455,,
Cameroon,Maize,1976,523737.0,465469.0,888.7,0.8887456872437884,,
Cameroon,Maize,1977,531654.0,477338.0,897.8,0.8978358105083382,,
Cameroon,Maize,1978,536802.0,400983.0,747.0,0.7469849218147473,,
Cameroon,Maize,1979,544860.0,407638.0,748.2,0.7481518188158426,,
Cameroon,Maize,1980,497311.0,413680.0,831.8,0.8318336011067521,,
Cameroon,Maize,1981,441500.0,431495.0,977.3,0.9773386183465459,,
Cameroon,Maize,1982,460380.0,503120.0,1092.8,1.092836352578305,,
Cameroon,Maize,1983,475000.0,488800.0,1029.1,1.0290526315789474,,
Cameroon,Maize,1984,207064.0,375063.0,1811.3,1.811338523355098,,
Cameroon,Maize,1985,186092.0,309752.0,1664.5,1.6645100272983255,,
Cameroon,Maize,1986,202240.0,389269.0,1924.8,1.9247873813291139,,
Cameroon,Maize,1987,202226.0,386887.0,1913.1,1.9131417325170847,,
Cameroon,Maize,1988,187187.0,366735.0,1959.2,1.9591905420782425,,
Cameroon,Maize,1989,207790.0,387321.0,1864.0,1.8640021175224988,,
Cameroon,Maize,1990,199000.0,369000.0,1854.3,1.8542713567839195,,
Cameroon,Maize,1991,250000.0,495000.0,1980.0,1.98,283.6,140382000.0
Cameroon,Maize,1992,380000.0,531000.0,1397.4,1.3973684210526316,283.3,150432300.0
Cameroon,Maize,1993,450000.0,507000.0,1126.7,1.1266666666666667,,
Cameroon,Maize,1994,450000.0,524000.0,1164.4,1.1644444444444444,,
Cameroon,Maize,1995,400000.0,618000.0,1545.0,1.545,152.3,94121400.0
Cameroon,Maize,1996,400000.0,750000.0,1875.0,1.875,185.7,139275000.0
Cameroon,Maize,1997,375000.0,760000.0,2026.7,2.026666666666667,171.3,130188000.00000001
Cameroon,Maize,1998,419340.0,793000.0,1891.1,1.8910669146754424,171.2,135761600.0
Cameroon,Maize,1999,303003.0,785000.0,2590.7,2.5907334250816,194.9,152996500.0
Cameroon,Maize,2000,301212.0,741447.0,2461.5,2.4615453567586947,,
Cameroon,Maize,2001,302667.0,738627.0,2440.4,2.440394889432941,177.3,130958567.10000001
Cameroon,Maize,2002,416579.0,861456.0,2067.9,2.067929492365194,186.5,160661544.0
Cameroon,Maize,2003,458237.0,912280.0,1990.8,1.9908475308628504,238.3,217396324.0
Cameroon,Maize,2004,504060.0,966106.0,1916.6,1.916648811649407,,
Cameroon,Maize,2005,492347.0,1050396.0,2133.4,2.1334465326284104,,
Cameroon,Maize,2006,562235.0,1249489.0,2222.4,2.2223607566231203,,
Cameroon,Maize,2007,661080.0,1322160.0,2000.0,2.0,,
Cameroon,Maize,2008,697416.0,1394832.0,2000.0,2.0,472.4,658918636.8
Cameroon,Maize,2009,821371.0,1625213.0,1978.7,1.9786588520899813,373.3,606692012.9
Cameroon,Maize,2010,846130.0,1670321.0,1974.1,1.974071360192878,315.5,526986275.5
Cameroon,Maize,2011,776694.0,1572067.0,2024.0,2.0240493682196594,407.2,640145682.4
Cameroon,Maize,2012,1020303.0,1749976.0,1715.2,1.715153243693295,418.9,733064946.4
Cameroon,Maize,2013,832400.0,1647036.0,1978.7,1.978659298414224,,
Cameroon,Maize,2014,1110400.0,1959262.0,1764.5,1.7644650576368877,,
Cameroon,Maize,2015,1189547.0,2070572.0,1740.6,1.7406390836175452,,
Cameroon,Maize,2016,1109061.0,2195941.0,1980.0,1.9800001983660052,,
Cameroon,Maize,2017,1178927.0,2169226.1,1840.0,1.840000356256155,,
Cameroon,Maize,2018,1299661.0,2398636.7,1845.6,1.8455864259987798,,
Cameroon,Maize,2019,1163612.0,2217214.9,1905.5,1.9054589502342705,,
Cameroon,Maize,2020,1169941.0,2087957.1,1784.7,1.7846687140633588,,
Cameroon,Maize,2021,1186000.0,2100000.0,1770.7,1.7706576728499157,,
Cameroon,Maize,2022,1300000.0,2200000.0,1692.3,1.6923076923076923,,
Cameroon,Maize,2023,1200000.0,2200000.0,1833.3,1.8333333333333333,,
Cameroon,Maize,2024,1200000.0,2200000.0,1833.3,1.8333333333333333,,
Cameroon,Millet,1961,90000.0,85000.0,944.4,0.9444444444444444,,
Cameroon,Millet,1962,111000.0,83000.0,747.7,0.7477477477477478,,
Cameroon,Millet,1963,114000.0,87000.0,763.2,0.7631578947368421,,
Cameroon,Millet,1964,114000.0,87000.0,763.2,0.7631578947368421,,
Cameroon,Millet,1965,111000.0,83000.0,747.7,0.7477477477477478,,
Cameroon,Millet,1966,116000.0,97000.0,836.2,0.8362068965517241,,
Cameroon,Millet,1967,104000.0,75000.0,721.2,0.7211538461538461,,
Cameroon,Millet,1968,100000.0,68000.0,680.0,0.68,,
Cameroon,Millet,1969,128000.0,94000.0,734.4,0.734375,,
Cameroon,Millet,1970,115000.0,78000.0,678.3,0.6782608695652174,,
Cameroon,Millet,1971,126000.0,85000.0,674.6,0.6746031746031746,,
Cameroon,Millet,1972,113000.0,80000.0,708.0,0.7079646017699115,,
Cameroon,Millet,1973,119000.0,77000.0,647.1,0.6470588235294118,,
Cameroon,Millet,1974,104000.0,84000.0,807.7,0.8076923076923077,,
Cameroon,Millet,1975,124000.0,103000.0,830.6,0.8306451612903226,,
Cameroon,Millet,1976,107000.0,80000.0,747.7,0.7476635514018691,,
Cameroon,Millet,1977,109000.0,82000.0,752.3,0.7522935779816514,,
Cameroon,Millet,1978,126000.0,102000.0,809.5,0.8095238095238095,,
Cameroon,Millet,1979,128000.0,104000.0,812.5,0.8125,,
Cameroon,Millet,1980,132000.0,100000.0,757.6,0.7575757575757576,,
Cameroon,Millet,1981,129000.0,89000.0,689.9,0.689922480620155,,
Cameroon,Millet,1982,150000.0,95000.0,633.3,0.6333333333333333,,
Cameroon,Millet,1983,100000.0,61000.0,610.0,0.61,,
Cameroon,Millet,1984,27547.0,17810.0,646.5,0.6465313827277017,,
Cameroon,Millet,1985,60595.0,59295.0,978.5,0.9785460846604506,,
Cameroon,Millet,1986,58550.0,73312.0,1252.1,1.2521263877028181,,
Cameroon,Millet,1987,30070.0,26150.0,869.6,0.8696375124709013,,
Cameroon,Millet,1988,60000.0,60000.0,1000.0,1.0,,
Cameroon,Millet,1989,60000.0,65000.0,1083.3,1.0833333333333333,,
Cameroon,Millet,1990,50726.0,63000.0,1242.0,1.2419666443244095,,
Cameroon,Millet,1991,63282.0,63000.0,995.6,0.9955437565184413,,
Cameroon,Millet,1992,55000.0,55000.0,1000.0,1.0,,
Cameroon,Millet,1993,58000.0,60000.0,1034.5,1.0344827586206897,,
Cameroon,Millet,1994,50000.0,50000.0,1000.0,1.0,,
Cameroon,Millet,1995,65000.0,66000.0,1015.4,1.0153846153846153,,
Cameroon,Millet,1996,70000.0,70736.0,1010.5,1.0105142857142857,,
Cameroon,Millet,1997,68815.0,70000.0,1017.2,1.0172200828307782,,
Cameroon,Millet,1998,65000.0,65000.0,1000.0,1.0,,
Cameroon,Millet,1999,60000.0,60000.0,1000.0,1.0,,
Cameroon,Millet,2000,51000.0,51700.0,1013.7,1.0137254901960784,,
Cameroon,Millet,2001,50000.0,50000.0,1000.0,1.0,,
Cameroon,Millet,2002,50100.0,50300.0,1004.0,1.003992015968064,,
Cameroon,Millet,2003,52000.0,53000.0,1019.2,1.0192307692307692,,
Cameroon,Millet,2004,52500.0,60000.0,1142.9,1.1428571428571428,,
Cameroon,Millet,2005,53000.0,64347.0,1214.1,1.2140943396226416,,
Cameroon,Millet,2006,50000.0,65364.0,1307.3,1.30728,,
Cameroon,Millet,2007,53000.0,70250.0,1325.5,1.3254716981132075,,
Cameroon,Millet,2008,54000.0,75478.0,1397.7,1.3977407407407407,,
Cameroon,Millet,2009,56000.0,59600.0,1064.3,1.0642857142857143,,
Cameroon,Millet,2010,76177.0,89036.0,1168.8,1.168804232248579,,
Cameroon,Millet,2011,74022.0,95000.0,1283.4,1.2834022317689335,,
Cameroon,Millet,2012,74104.0,96814.0,1306.5,1.3064611896793696,,
Cameroon,Millet,2013,71789.0,95170.0,1325.7,1.3256905654069564,,
Cameroon,Millet,2014,71440.0,94524.36,1323.1,1.323129339305711,,
Cameroon,Millet,2015,71405.0,95809.68,1341.8,1.3417783068412574,,
Cameroon,Millet,2016,72581.0,96692.4,1332.2,1.3321998870227745,,
Cameroon,Millet,2017,73423.0,97518.85,1328.2,1.3281784999250916,,
Cameroon,Millet,2018,72000.0,100000.0,1388.9,1.3888888888888888,,
Cameroon,Millet,2019,72000.0,100000.0,1388.9,1.3888888888888888,,
Cameroon,Millet,2020,72000.0,100000.0,1388.9,1.3888888888888888,,
Cameroon,Millet,2021,72000.0,100000.0,1388.9,1.3888888888888888,,
Cameroon,Millet,2022,72000.0,100000.0,1388.9,1.3888888888888888,,
Cameroon,Millet,2023,72000.0,100000.0,1388.9,1.3888888888888888,,
Cameroon,Millet,2024,72000.0,100000.0,1388.9,1.3888888888888888,,
Cameroon,Rice,1961,7452.0,3583.0,480.8,0.48081052066559316,,
Cameroon,Rice,1962,9688.0,9048.0,933.9,0.9339388934764657,,
Cameroon,Rice,1963,13695.0,10750.0,785.0,0.7849580138736765,,
Cameroon,Rice,1964,12702.0,14099.0,1110.0,1.1099826798929302,,
Cameroon,Rice,1965,10932.0,13250.0,1212.0,1.212038053421149,,
Cameroon,Rice,1966,14051.0,15794.0,1124.0,1.124048110454772,,
Cameroon,Rice,1967,15487.0,22191.0,1432.9,1.4328791889972234,,
Cameroon,Rice,1968,14210.0,15847.0,1115.2,1.1152005629838142,,
Cameroon,Rice,1969,14792.0,12129.0,820.0,0.8199702541914549,,
Cameroon,Rice,1970,16573.0,13727.0,828.3,0.8282749049659084,,
Cameroon,Rice,1971,15652.0,13840.0,884.2,0.8842320470227447,,
Cameroon,Rice,1972,16909.0,8845.0,523.1,0.5230942101839258,,
Cameroon,Rice,1973,18927.0,11867.0,627.0,0.6269879008823374,,
Cameroon,Rice,1974,21229.0,24079.0,1134.3,1.1342503179612793,,
Cameroon,Rice,1975,23716.0,29906.0,1261.0,1.261005228537696,,
Cameroon,Rice,1976,25688.0,48060.0,1870.9,1.8709124883213952,,
Cameroon,Rice,1977,24555.0,42805.0,1743.2,1.7432294848299734,,
Cameroon,Rice,1978,31879.0,76466.0,2398.6,2.398632328492111,,
Cameroon,Rice,1979,22936.0,49000.0,2136.4,2.1363794907568887,,
Cameroon,Rice,1980,19505.0,45576.0,2336.6,2.3366316329146373,,
Cameroon,Rice,1981,21428.0,50608.0,2361.8,2.3617696471905916,,
Cameroon,Rice,1982,27640.0,77180.0,2792.3,2.79232995658466,,
Cameroon,Rice,1983,17462.0,88955.0,5094.2,5.09420455846982,,
Cameroon,Rice,1984,18460.0,61000.0,3304.4,3.304442036836403,,
Cameroon,Rice,1985,22670.0,107399.0,4737.5,4.737494486104985,,
Cameroon,Rice,1986,20000.0,90000.0,4500.0,4.5,,
Cameroon,Rice,1987,15000.0,65100.0,4340.0,4.34,,
Cameroon,Rice,1988,11660.0,54325.0,4659.1,4.659090909090909,,
Cameroon,Rice,1989,11280.0,61665.0,5466.8,5.466755319148936,,
Cameroon,Rice,1990,11040.0,55199.0,4999.9,4.999909420289855,,
Cameroon,Rice,1991,10000.0,36400.0,3640.0,3.64,177.2,6450080.0
Cameroon,Rice,1992,15000.0,52500.0,3500.0,3.5,204.0,10710000.0
Cameroon,Rice,1993,10000.0,29000.0,2900.0,2.9,190.7,5530300.0
Cameroon,Rice,1994,11381.0,36200.0,3180.7,3.180739829540462,102.7,3717740.0
Cameroon,Rice,1995,11199.0,35300.0,3152.0,3.152067148852576,136.2,4807860.0
Cameroon,Rice,1996,11500.0,36100.0,3139.1,3.139130434782609,185.7,6703770.0
Cameroon,Rice,1997,11000.0,37000.0,3363.6,3.3636363636363638,167.9,6212300.0
Cameroon,Rice,1998,15000.0,53200.0,3546.7,3.546666666666667,166.1,8836520.0
Cameroon,Rice,1999,20387.0,67470.0,3309.5,3.309461912002747,172.2,11618334.0
Cameroon,Rice,2000,20354.0,61271.0,3010.3,3.0102682519406505,,
Cameroon,Rice,2001,20505.0,62011.0,3024.2,3.0241892221409414,204.9,12706053.9
Cameroon,Rice,2002,40000.0,44548.0,1113.7,1.1137,215.5,9600094.0
Cameroon,Rice,2003,39743.0,47175.0,1187.0,1.1870014845381576,,
Cameroon,Rice,2004,40236.0,49958.0,1241.6,1.241624415945919,,
Cameroon,Rice,2005,45000.0,58369.0,1297.1,1.297088888888889,,
Cameroon,Rice,2006,50000.0,64525.0,1290.5,1.2905,,
Cameroon,Rice,2007,68268.0,68267.0,1000.0,0.9999853518485967,,
Cameroon,Rice,2008,72012.0,72009.0,1000.0,0.9999583402766206,567.6,40872308.4
Cameroon,Rice,2009,49012.0,134659.0,2747.5,2.74747000734514,263.5,35482646.5
Cameroon,Rice,2010,139976.0,153078.0,1093.6,1.093601760301766,246.9,37794958.2
Cameroon,Rice,2011,129296.0,174089.0,1346.4,1.3464376314812523,357.4,62219408.599999994
Cameroon,Rice,2012,127886.0,181818.0,1421.7,1.4217193437905635,404.6,73563562.8
Cameroon,Rice,2013,166734.0,194094.0,1164.1,1.1640937061427183,,
Cameroon,Rice,2014,126901.0,153246.0,1207.6,1.2076027769678725,,
Cameroon,Rice,2015,226779.0,278281.0,1227.1,1.22710215672527,,
Cameroon,Rice,2016,131657.0,277797.0,2110.0,2.1100055447108774,,
Cameroon,Rice,2017,136066.0,287099.0,2110.0,2.1099980891626124,,
Cameroon,Rice,2018,123975.0,327365.9,2640.6,2.640579955636217,,
Cameroon,Rice,2019,136803.0,292850.1,2140.7,2.1406701607420886,,
Cameroon,Rice,2020,136287.0,290449.1,2131.2,2.1311577773375303,,
Cameroon,Rice,2021,153600.0,315300.0,2052.7,2.052734375,,
Cameroon,Rice,2022,156700.0,343100.0,2189.5,2.189534141671985,,
Cameroon,Rice,2023,157273.0,340791.94,2166.9,2.166881410032237,,
Cameroon,Rice,2024,160000.0,345582.87,2159.9,2.1598929375,,
Cameroon,Sorghum,1961,257000.0,255000.0,992.2,0.9922178988326849,,
Cameroon,Sorghum,1962,319000.0,247000.0,774.3,0.774294670846395,,
Cameroon,Sorghum,1963,326000.0,263000.0,806.7,0.8067484662576687,,
Cameroon,Sorghum,1964,326000.0,263000.0,806.7,0.8067484662576687,,
Cameroon,Sorghum,1965,319000.0,247000.0,774.3,0.774294670846395,,
Cameroon,Sorghum,1966,334000.0,293000.0,877.2,0.8772455089820359,,
Cameroon,Sorghum,1967,298000.0,224000.0,751.7,0.7516778523489933,,
Cameroon,Sorghum,1968,289000.0,205000.0,709.3,0.7093425605536332,,
Cameroon,Sorghum,1969,367000.0,282000.0,768.4,0.7683923705722071,,
Cameroon,Sorghum,1970,332000.0,234000.0,704.8,0.7048192771084337,,
Cameroon,Sorghum,1971,361000.0,255000.0,706.4,0.7063711911357341,,
Cameroon,Sorghum,1972,326000.0,241000.0,739.3,0.7392638036809815,,
Cameroon,Sorghum,1973,341000.0,233000.0,683.3,0.6832844574780058,,
Cameroon,Sorghum,1974,300000.0,252000.0,840.0,0.84,,
Cameroon,Sorghum,1975,357000.0,308000.0,862.7,0.8627450980392157,,
Cameroon,Sorghum,1976,307000.0,241000.0,785.0,0.7850162866449512,,
Cameroon,Sorghum,1977,314000.0,244000.0,777.1,0.7770700636942676,,
Cameroon,Sorghum,1978,364000.0,307000.0,843.4,0.8434065934065934,,
Cameroon,Sorghum,1979,369000.0,310000.0,840.1,0.8401084010840109,,
Cameroon,Sorghum,1980,381000.0,331000.0,868.8,0.868766404199475,,
Cameroon,Sorghum,1981,371000.0,262000.0,706.2,0.706199460916442,,
Cameroon,Sorghum,1982,441000.0,285000.0,646.3,0.6462585034013606,,
Cameroon,Sorghum,1983,400000.0,250000.0,625.0,0.625,,
Cameroon,Sorghum,1984,357287.0,203232.0,568.8,0.5688200242382174,,
Cameroon,Sorghum,1985,436845.0,338525.0,774.9,0.7749316118989573,,
Cameroon,Sorghum,1986,511147.0,541472.0,1059.3,1.0593273559269643,,
Cameroon,Sorghum,1987,334506.0,236264.0,706.3,0.7063072112308897,,
Cameroon,Sorghum,1988,512474.0,418175.0,816.0,0.8159926162107736,,
Cameroon,Sorghum,1989,487381.0,343146.0,704.1,0.7040610938875336,,
Cameroon,Sorghum,1990,387216.0,328716.0,848.9,0.8489215321680922,,
Cameroon,Sorghum,1991,520000.0,400000.0,769.2,0.7692307692307693,177.2,70880000.0
Cameroon,Sorghum,1992,500000.0,380000.0,760.0,0.76,275.8,104804000.0
Cameroon,Sorghum,1993,510000.0,390000.0,764.7,0.7647058823529411,,
Cameroon,Sorghum,1994,480000.0,350000.0,729.2,0.7291666666666666,108.1,37835000.0
Cameroon,Sorghum,1995,530000.0,460000.0,867.9,0.8679245283018868,160.3,73738000.0
Cameroon,Sorghum,1996,482811.0,439178.0,909.6,0.9096271625957155,117.3,51515579.4
Cameroon,Sorghum,1997,450000.0,400000.0,888.9,0.8888888888888888,154.2,61679999.99999999
Cameroon,Sorghum,1998,499224.0,500000.0,1001.6,1.0015544124481195,203.4,101700000.0
Cameroon,Sorghum,1999,242218.0,272218.0,1123.9,1.1238553699559901,373.6,101700644.80000001
Cameroon,Sorghum,2000,350000.0,420000.0,1200.0,1.2,,
Cameroon,Sorghum,2001,420000.0,505000.0,1202.4,1.2023809523809523,171.9,86809500.0
Cameroon,Sorghum,2002,383600.0,541975.0,1412.9,1.4128649635036497,180.8,97989080.0
Cameroon,Sorghum,2003,429248.0,573951.0,1337.1,1.3371081519308186,206.5,118520881.5
Cameroon,Sorghum,2004,480328.0,607814.0,1265.4,1.265414466781033,,
Cameroon,Sorghum,2005,531408.0,700000.0,1317.3,1.3172552916026856,,
Cameroon,Sorghum,2006,570000.0,716000.0,1256.1,1.256140350877193,,
Cameroon,Sorghum,2007,630000.0,907000.0,1439.7,1.4396825396825397,,
Cameroon,Sorghum,2008,650000.0,931000.0,1432.3,1.4323076923076923,376.3,350335300.0
Cameroon,Sorghum,2009,710000.0,1000000.0,1408.5,1.408450704225352,318.5,318500000.0
Cameroon,Sorghum,2010,763883.0,1098500.0,1438.0,1.4380474496748847,247.4,271768900.0
Cameroon,Sorghum,2011,766749.0,1145970.0,1494.6,1.4945829730459381,316.0,362126520.0
Cameroon,Sorghum,2012,806191.0,1200000.0,1488.5,1.4884810175256236,330.1,396120000.0
Cameroon,Sorghum,2013,835556.0,1260000.0,1508.0,1.5079779212883397,,
Cameroon,Sorghum,2014,750195.0,1150000.0,1532.9,1.5329347702930571,,
Cameroon,Sorghum,2015,768538.0,1200000.0,1561.4,1.5614062024259048,,
Cameroon,Sorghum,2016,1040901.0,1144992.0,1100.0,1.1000008646355417,,
Cameroon,Sorghum,2017,769083.0,1138243.0,1480.0,1.4800002080399646,,
Cameroon,Sorghum,2018,729000.0,1237161.0,1697.1,1.6970658436213992,,
Cameroon,Sorghum,2019,730000.0,1278628.0,1751.5,1.751545205479452,,
Cameroon,Sorghum,2020,740000.0,1060642.0,1433.3,1.4333,,
Cameroon,Sorghum,2021,740000.0,1200000.0,1621.6,1.6216216216216217,,
Cameroon,Sorghum,2022,740000.0,1200000.0,1621.6,1.6216216216216217,,
Cameroon,Sorghum,2023,740000.0,1200000.0,1621.6,1.6216216216216217,,
Cameroon,Sorghum,2024,740000.0,1200000.0,1621.6,1.6216216216216217,,
Cameroon,Yam,1961,36000.0,150000.0,4166.7,4.166666666666667,,
Cameroon,Yam,1962,36000.0,150000.0,4166.7,4.166666666666667,,
Cameroon,Yam,1963,36000.0,148000.0,4111.1,4.111111111111111,,
Cameroon,Yam,1964,35672.0,146999.0,4120.9,4.120851087687822,,
Cameroon,Yam,1965,35515.0,148528.0,4182.1,4.182120230888357,,
Cameroon,Yam,1966,38888.0,161914.0,4163.6,4.163598025097716,,
Cameroon,Yam,1967,49521.0,171991.0,3473.1,3.473092223501141,,
Cameroon,Yam,1968,51808.0,178023.0,3436.2,3.436206763434219,,
Cameroon,Yam,1969,46676.0,161158.0,3452.7,3.452695175250664,,
Cameroon,Yam,1970,61770.0,223070.0,3611.3,3.6112999838109117,,
Cameroon,Yam,1971,61067.0,268060.0,4389.6,4.389604860235479,,
Cameroon,Yam,1972,59680.0,337160.0,5649.5,5.649463806970509,,
Cameroon,Yam,1973,70377.0,355989.0,5058.3,5.058314506159683,,
Cameroon,Yam,1974,78344.0,363767.0,4643.2,4.643201776779332,,
Cameroon,Yam,1975,60000.0,300000.0,5000.0,5.0,,
Cameroon,Yam,1976,56000.0,250000.0,4464.3,4.464285714285714,,
Cameroon,Yam,1977,55000.0,230000.0,4181.8,4.181818181818182,,
Cameroon,Yam,1978,55000.0,200000.0,3636.4,3.6363636363636362,,
Cameroon,Yam,1979,55000.0,200000.0,3636.4,3.6363636363636362,,
Cameroon,Yam,1980,55000.0,200000.0,3636.4,3.6363636363636362,,
Cameroon,Yam,1981,55000.0,210000.0,3818.2,3.8181818181818183,,
Cameroon,Yam,1982,55000.0,210000.0,3818.2,3.8181818181818183,,
Cameroon,Yam,1983,42000.0,159766.0,3804.0,3.803952380952381,,
Cameroon,Yam,1984,26150.0,137712.0,5266.2,5.26623326959847,,
Cameroon,Yam,1985,28850.0,94645.0,3280.6,3.2805892547660314,,
Cameroon,Yam,1986,32830.0,134306.0,4091.0,4.090953396283886,,
Cameroon,Yam,1987,27104.0,110522.0,4077.7,4.077700708382527,,
Cameroon,Yam,1988,26587.0,78714.0,2960.6,2.9606198518072744,,
Cameroon,Yam,1989,15442.0,53480.0,3463.3,3.4632819582955574,,
Cameroon,Yam,1990,22848.0,89815.0,3931.0,3.9309786414565826,,
Cameroon,Yam,1991,24000.0,120000.0,5000.0,5.0,283.6,34032000.0
Cameroon,Yam,1992,21000.0,116000.0,5523.8,5.523809523809524,326.8,37908800.0
Cameroon,Yam,1993,18000.0,108000.0,6000.0,6.0,,
Cameroon,Yam,1994,17000.0,120000.0,7058.8,7.0588235294117645,,
Cameroon,Yam,1995,16770.0,120000.0,7155.6,7.155635062611807,,
Cameroon,Yam,1996,16000.0,120000.0,7500.0,7.5,,
Cameroon,Yam,1997,19000.0,150000.0,7894.7,7.894736842105263,,
Cameroon,Yam,1998,32000.0,253951.0,7936.0,7.93596875,,
Cameroon,Yam,1999,28071.0,261648.0,9320.9,9.320936197499199,203.0,53114544.0
Cameroon,Yam,2000,28038.0,262610.0,9366.2,9.366217276553249,,
Cameroon,Yam,2001,28000.0,264166.0,9434.5,9.4345,312.4,82525458.39999999
Cameroon,Yam,2002,35877.0,274972.0,7664.3,7.664297460768737,328.6,90355799.2
Cameroon,Yam,2003,36595.0,280326.0,7660.2,7.660226806940839,468.0,131192568.0
Cameroon,Yam,2004,37327.0,286494.0,7675.2,7.675248479652798,,
Cameroon,Yam,2005,35094.0,343270.0,9781.4,9.78144412150225,,
Cameroon,Yam,2006,36409.0,366808.0,10074.7,10.074651871789943,,
Cameroon,Yam,2007,31670.0,383212.0,12100.2,12.100157878118093,,
Cameroon,Yam,2008,33026.0,399615.0,12100.0,12.100012111669594,429.4,171594681.0
Cameroon,Yam,2009,38509.0,466749.0,12120.5,12.120517281674413,209.1,97597215.89999999
Cameroon,Yam,2010,44768.0,499564.0,11159.0,11.158952823445318,476.2,237892376.79999998
Cameroon,Yam,2011,51016.0,517069.0,10135.4,10.135428100987925,448.2,231750325.79999998
Cameroon,Yam,2012,47744.0,537802.0,11264.3,11.264284517426274,598.8,322035837.59999996
Cameroon,Yam,2013,53604.0,556647.0,10384.4,10.38443026639803,,
Cameroon,Yam,2014,51846.0,580088.0,11188.7,11.1886741503684,,
Cameroon,Yam,2015,54321.0,602228.0,11086.5,11.0864674803483,,
Cameroon,Yam,2016,73763.0,618135.9,8380.0,8.380026571587381,,
Cameroon,Yam,2017,65713.0,600614.2,9140.0,9.13996012965471,,
Cameroon,Yam,2018,69367.0,587662.1,8471.8,8.471781971254343,,
Cameroon,Yam,2019,71251.0,513514.0,7207.1,7.207112882626209,,
Cameroon,Yam,2020,71519.0,519245.3,7260.2,7.2602427327004015,,
Cameroon,Yam,2021,69239.0,514454.15,7430.1,7.430121030055316,,
Cameroon,Yam,2022,73079.0,543457.52,7436.6,7.436575760478386,,
Cameroon,Yam,2023,77096.0,540999.89,7017.2,7.017223850783439,,
Cameroon,Yam,2024,80505.0,541648.32,6728.1,6.728132662567542,,
Egypt,Cowpea,1961,1741.0,2796.0,1606.0,1.6059735784032165,,
Egypt,Cowpea,1962,2096.0,3490.0,1665.1,1.6650763358778626,,
Egypt,Cowpea,1963,3492.0,5602.0,1604.2,1.6042382588774342,,
Egypt,Cowpea,1964,4632.0,6985.0,1508.0,1.5079879101899827,,
Egypt,Cowpea,1965,4016.0,6513.0,1621.8,1.6217629482071714,,
Egypt,Cowpea,1966,3588.0,5678.0,1582.5,1.5824972129319956,,
Egypt,Cowpea,1967,5881.0,10000.0,1700.4,1.7003910899506887,,
Egypt,Cowpea,1968,4201.0,8000.0,1904.3,1.9043084979766722,,
Egypt,Cowpea,1969,4201.0,7000.0,1666.3,1.6662699357295883,,
Egypt,Cowpea,1970,4201.0,6000.0,1428.2,1.428231373482504,,
Egypt,Cowpea,1971,4201.0,5000.0,1190.2,1.19019281123542,,
Egypt,Cowpea,1972,3781.0,6000.0,1586.9,1.5868817773075905,,
Egypt,Cowpea,1973,2941.0,5000.0,1700.1,1.7001020061203673,,
Egypt,Cowpea,1974,3781.0,7000.0,1851.4,1.8513620735255223,,
Egypt,Cowpea,1975,3781.0,7000.0,1851.4,1.8513620735255223,,
Egypt,Cowpea,1976,4271.0,7066.0,1654.4,1.6544134863029736,,
Egypt,Cowpea,1977,3404.0,5651.0,1660.1,1.6601057579318448,,
Egypt,Cowpea,1978,2623.0,4928.0,1878.8,1.8787647731605033,,
Egypt,Cowpea,1979,3318.0,6202.0,1869.2,1.869198312236287,,
Egypt,Cowpea,1980,2731.0,5281.0,1933.7,1.9337239106554376,,
Egypt,Cowpea,1981,2650.0,5515.0,2081.1,2.081132075471698,,
Egypt,Cowpea,1982,4683.0,9435.0,2014.7,2.0147341447789877,,
Egypt,Cowpea,1983,3360.0,8000.0,2381.0,2.380952380952381,,
Egypt,Cowpea,1984,3360.0,8000.0,2381.0,2.380952380952381,,
Egypt,Cowpea,1985,3360.0,8000.0,2381.0,2.380952380952381,,
Egypt,Cowpea,1986,3780.0,7000.0,1851.9,1.8518518518518519,,
Egypt,Cowpea,1987,3360.0,7000.0,2083.3,2.0833333333333335,,
Egypt,Cowpea,1988,2520.0,6000.0,2381.0,2.380952380952381,,
Egypt,Cowpea,1989,2520.0,5000.0,1984.1,1.9841269841269842,,
Egypt,Cowpea,1990,3117.0,7306.0,2343.9,2.3439204363169717,,
Egypt,Cowpea,1991,4886.0,9700.0,1985.3,1.9852640196479738,589.5,5718150.0
Egypt,Cowpea,1992,2237.0,4752.0,2124.3,2.124273580688422,569.0,2703888.0
Egypt,Cowpea,1993,3000.0,6500.0,2166.7,2.1666666666666665,686.1,4459650.0
Egypt,Cowpea,1994,2500.0,6000.0,2400.0,2.4,827.1,4962600.0
Egypt,Cowpea,1995,2600.0,6100.0,2346.2,2.3461538461538463,884.4,5394840.0
Egypt,Cowpea,1996,2650.0,6200.0,2339.6,2.339622641509434,916.4,5681680.0
Egypt,Cowpea,1997,2700.0,6300.0,2333.3,2.3333333333333335,925.1,5828130.0
Egypt,Cowpea,1998,2800.0,6500.0,2321.4,2.3214285714285716,929.5,6041750.0
Egypt,Cowpea,1999,2900.0,6600.0,2275.9,2.2758620689655173,928.9,6130740.0
Egypt,Cowpea,2000,2871.0,6752.95,2351.9,2.3521246952281434,915.0,6178949.25
Egypt,Cowpea,2001,2862.0,6777.55,2368.5,2.3681167016072675,800.2,5423395.510000001
Egypt,Cowpea,2002,3000.0,6800.0,2266.7,2.2666666666666666,710.9,4834120.0
Egypt,Cowpea,2003,2813.0,6844.6,2433.0,2.433202986135798,564.4,3863092.24
Egypt,Cowpea,2004,2745.0,6875.11,2504.7,2.5045938069216755,534.7,3676121.3170000003
Egypt,Cowpea,2005,2665.0,6906.03,2590.9,2.5913808630393995,574.3,3966133.0289999996
Egypt,Cowpea,2006,2514.0,6936.39,2759.1,2.7591050119331744,589.4,4088308.266
Egypt,Cowpea,2007,2426.0,6950.95,2865.6,2.865189612530915,676.3,4700927.484999999
Egypt,Cowpea,2008,2456.0,7500.0,3054.2,3.053745928338762,744.0,5580000.0
Egypt,Cowpea,2009,2541.0,8000.0,3148.4,3.1483667847304213,748.3,5986400.0
Egypt,Cowpea,2010,2203.0,7117.25,3231.3,3.230708125283704,754.4,5369253.399999999
Egypt,Cowpea,2011,2147.0,7106.3,3309.5,3.309874243129949,763.2,5423528.16
Egypt,Cowpea,2012,2000.0,7000.0,3500.0,3.5,781.7,5471900.0
Egypt,Cowpea,2013,2000.0,7000.0,3500.0,3.5,759.1,5313700.0
Egypt,Cowpea,2014,2050.0,7100.0,3463.4,3.4634146341463414,674.1,4786110.0
Egypt,Cowpea,2015,2048.0,7155.0,3493.0,3.49365234375,622.0,4450410.0
Egypt,Cowpea,2016,2035.0,7181.58,3528.8,3.529031941031941,474.1,3404787.078
Egypt,Cowpea,2017,2018.0,7199.42,3568.0,3.567601585728444,606.1,4363568.462
Egypt,Cowpea,2018,2004.0,7225.12,3604.9,3.6053493013972053,,
Egypt,Cowpea,2019,1989.0,7236.11,3638.4,3.6380643539467066,,
Egypt,Cowpea,2020,1973.0,7239.57,3668.5,3.6693208312214898,,
Egypt,Cowpea,2021,1955.0,7264.15,3714.8,3.7156777493606135,,
Egypt,Cowpea,2022,1940.0,7236.72,3729.5,3.7302680412371134,,
Egypt,Cowpea,2023,1931.0,7252.46,3755.4,3.755805282237183,,
Egypt,Cowpea,2024,1922.0,7268.19,3781.4,3.781576482830385,,
Egypt,Groundnut,1961,13863.0,25000.0,1803.4,1.8033614657721995,,
Egypt,Groundnut,1962,22264.0,49446.0,2220.9,2.220894717930291,,
Egypt,Groundnut,1963,22264.0,45230.0,2031.5,2.031530722242185,,
Egypt,Groundnut,1964,21004.0,46169.0,2198.1,2.198105122833746,,
Egypt,Groundnut,1965,22684.0,49878.0,2198.8,2.1988185505201905,,
Egypt,Groundnut,1966,20584.0,40000.0,1943.3,1.9432568985619898,,
Egypt,Groundnut,1967,20584.0,33000.0,1603.2,1.6031869413136417,,
Egypt,Groundnut,1968,22264.0,37000.0,1661.9,1.6618756737333813,,
Egypt,Groundnut,1969,26885.0,45000.0,1673.8,1.6737957969127766,,
Egypt,Groundnut,1970,21424.0,40000.0,1867.1,1.8670649738610903,,
Egypt,Groundnut,1971,19324.0,34000.0,1759.5,1.759470089008487,,
Egypt,Groundnut,1972,16383.0,31000.0,1892.2,1.8922053347982666,,
Egypt,Groundnut,1973,14283.0,28000.0,1960.4,1.960372470769446,,
Egypt,Groundnut,1974,14703.0,27000.0,1836.4,1.836359926545603,,
Egypt,Groundnut,1975,13443.0,28000.0,2082.9,2.08286840734955,,
Egypt,Groundnut,1976,15400.0,29983.0,1946.9,1.946948051948052,,
Egypt,Groundnut,1977,17112.0,33288.0,1945.3,1.9453015427769986,,
Egypt,Groundnut,1978,13828.0,25993.0,1879.7,1.8797367659820654,,
Egypt,Groundnut,1979,13064.0,27012.0,2067.7,2.067666870789957,,
Egypt,Groundnut,1980,11949.0,25540.0,2137.4,2.1374173571010124,,
Egypt,Groundnut,1981,11909.0,25500.0,2141.2,2.1412377193719037,,
Egypt,Groundnut,1982,12192.0,23783.0,1950.7,1.950705380577428,,
Egypt,Groundnut,1983,11300.0,20000.0,1769.9,1.7699115044247788,,
Egypt,Groundnut,1984,10100.0,21000.0,2079.2,2.0792079207920793,,
Egypt,Groundnut,1985,11760.0,23000.0,1955.8,1.9557823129251701,,
Egypt,Groundnut,1986,9660.0,21000.0,2173.9,2.1739130434782608,,
Egypt,Groundnut,1987,10500.0,23000.0,2190.5,2.1904761904761907,,
Egypt,Groundnut,1988,12600.0,32000.0,2539.7,2.5396825396825395,,
Egypt,Groundnut,1989,13468.0,28535.0,2118.7,2.1187258687258685,,
Egypt,Groundnut,1990,12327.0,26255.0,2129.9,2.1298775046645573,,
Egypt,Groundnut,1991,12268.0,27395.0,2233.0,2.2330453211607435,362.3,9925208.5
Egypt,Groundnut,1992,12961.0,30350.0,2341.6,2.3416403055319805,310.4,9420640.0
Egypt,Groundnut,1993,46598.0,106025.0,2275.3,2.2753122451607366,331.4,35136685.0
Egypt,Groundnut,1994,40721.0,116946.0,2871.9,2.871884285749368,406.5,47538549.0
Egypt,Groundnut,1995,44579.0,130642.0,2930.6,2.9305726911774603,423.0,55261566.0
Egypt,Groundnut,1996,43589.0,124981.0,2867.3,2.8672600885544517,462.0,57741222.0
Egypt,Groundnut,1997,42951.0,125988.0,2933.3,2.9332960815813367,520.5,65576754.0
Egypt,Groundnut,1998,43609.0,132351.0,3034.9,3.0349469146277146,541.0,71601891.0
Egypt,Groundnut,1999,59205.0,180771.0,3053.3,3.0533063085888017,559.6,101159451.60000001
Egypt,Groundnut,2000,60329.0,187169.0,3102.5,3.1024714482255633,561.1,105020525.9
Egypt,Groundnut,2001,63347.0,205066.0,3237.2,3.23718565993654,497.1,101938308.60000001
Egypt,Groundnut,2002,59288.0,191037.0,3222.2,3.2221866144919713,448.7,85718301.89999999
Egypt,Groundnut,2003,61868.0,195869.0,3165.9,3.165917760393095,364.6,71413837.4
Egypt,Groundnut,2004,60725.0,191846.0,3159.3,3.159258954302182,359.4,68949452.39999999
Egypt,Groundnut,2005,62260.0,199560.0,3205.3,3.2052682300032123,420.0,83815200.0
Egypt,Groundnut,2006,55550.0,183970.0,3311.8,3.311791179117912,495.4,91138738.0
Egypt,Groundnut,2007,65250.0,217580.0,3334.6,3.33455938697318,811.5,176566170.0
Egypt,Groundnut,2008,61401.0,208835.0,3401.2,3.401166104786567,505.3,105524325.5
Egypt,Groundnut,2009,63780.0,198012.0,3104.6,3.1046095954844777,1126.5,223060518.0
Egypt,Groundnut,2010,66764.0,202906.0,3039.2,3.0391528368581873,1202.3,243953883.79999998
Egypt,Groundnut,2011,65050.0,206574.0,3175.6,3.175618754803997,1203.5,248611809.0
Egypt,Groundnut,2012,62468.0,205419.0,3288.4,3.2883876544790933,1272.6,261416219.39999998
Egypt,Groundnut,2013,62067.0,204796.0,3299.6,3.2995955983050576,1161.2,237809115.20000002
Egypt,Groundnut,2014,57321.0,183438.0,3200.2,3.2001884126236457,1249.0,229114062.0
Egypt,Groundnut,2015,60107.0,197246.0,3281.6,3.281581180228592,1232.6,243125419.6
Egypt,Groundnut,2016,64228.0,205946.0,3206.5,3.2064831537647134,1132.3,233192655.79999998
Egypt,Groundnut,2017,65569.0,243296.0,3710.5,3.7105339413442326,3905.5,950192528.0
Egypt,Groundnut,2018,59501.0,209843.0,3526.7,3.5267138367422395,4104.3,861258624.9000001
Egypt,Groundnut,2019,59944.0,198780.0,3316.1,3.3160950220205527,,
Egypt,Groundnut,2020,66169.0,219480.0,3317.0,3.316961114721395,,
Egypt,Groundnut,2021,69661.0,251548.0,3611.0,3.6110305622945407,,
Egypt,Groundnut,2022,66232.0,233719.0,3528.8,3.5287927285904095,102.3,23909453.7
Egypt,Groundnut,2023,72546.0,272983.0,3762.9,3.762895266451631,1480.2,404069436.6
Egypt,Groundnut,2024,72882.0,273744.75,3756.0,3.755999423726023,,
Egypt,Maize,1961,673399.0,1617130.0,2401.4,2.4014440175883838,,
Egypt,Maize,1962,769464.0,2003690.0,2604.0,2.604007464936631,,
Egypt,Maize,1963,722958.0,1867000.0,2582.4,2.582446006545332,,
Egypt,Maize,1964,697858.0,1934212.0,2771.6,2.7716412221397477,,
Egypt,Maize,1965,526000.0,2141000.0,4070.3,4.070342205323194,,
Egypt,Maize,1966,662000.0,2376000.0,3589.1,3.5891238670694863,,
Egypt,Maize,1967,628000.0,2167000.0,3450.6,3.450636942675159,,
Egypt,Maize,1968,655000.0,2300000.0,3511.5,3.5114503816793894,,
Egypt,Maize,1969,626000.0,2368000.0,3782.7,3.7827476038338657,,
Egypt,Maize,1970,633481.0,2397000.0,3783.9,3.783854606531214,,
Egypt,Maize,1971,641042.0,2344000.0,3656.5,3.6565466849286006,,
Egypt,Maize,1972,646083.0,2421000.0,3747.2,3.7471965676236643,,
Egypt,Maize,1973,695652.0,2508031.0,3605.3,3.605295463823866,,
Egypt,Maize,1974,737950.0,2641307.0,3579.2,3.5792492716308693,,
Egypt,Maize,1975,768640.0,2780519.0,3617.5,3.6174529038301415,,
Egypt,Maize,1976,794677.0,3047000.0,3834.3,3.834262222261372,,
Egypt,Maize,1977,741467.0,2724844.0,3674.9,3.674936308696139,,
Egypt,Maize,1978,797222.0,3117045.0,3909.9,3.909883319828103,,
Egypt,Maize,1979,791554.0,2938208.0,3711.9,3.7119489005172106,,
Egypt,Maize,1980,800440.0,3231075.0,4036.6,4.036623607016141,,
Egypt,Maize,1981,808009.0,3307640.0,4093.6,4.093568264709923,,
Egypt,Maize,1982,812832.0,3347293.0,4118.1,4.118062527065864,,
Egypt,Maize,1983,820000.0,3509000.0,4279.3,4.279268292682927,,
Egypt,Maize,1984,830000.0,3698000.0,4455.4,4.455421686746988,,
Egypt,Maize,1985,804000.0,3686000.0,4584.6,4.58457711442786,,
Egypt,Maize,1986,723000.0,3608000.0,4990.3,4.990318118948824,,
Egypt,Maize,1987,760765.0,3619000.0,4757.1,4.757053755101772,,
Egypt,Maize,1988,823357.0,4088000.0,4965.0,4.965039466476875,,
Egypt,Maize,1989,841840.0,4529470.0,5380.4,5.38044046374608,,
Egypt,Maize,1990,830174.0,4798635.0,5780.3,5.7802761830652365,,
Egypt,Maize,1991,868808.0,5121709.0,5895.1,5.895098802036814,140.5,719600114.5
Egypt,Maize,1992,826297.0,5069000.0,6134.6,6.13459809245344,131.0,664039000.0
Egypt,Maize,1993,829065.0,5039080.0,6078.0,6.078027657662547,136.6,688338328.0
Egypt,Maize,1994,865482.0,5112000.0,5906.5,5.906535317892226,141.5,723348000.0
Egypt,Maize,1995,735874.0,4535175.0,6163.0,6.162977629322411,151.5,687079012.5
Egypt,Maize,1996,742966.0,5165338.0,6952.3,6.952320832985628,158.0,816123404.0
Egypt,Maize,1997,814336.0,5806070.0,7129.8,7.129821105784345,162.9,945808803.0
Egypt,Maize,1998,876987.0,6336802.0,7225.7,7.22565100736955,170.9,1082959461.8
Egypt,Maize,1999,817224.0,6143360.0,7517.4,7.517351423844625,178.2,1094746752.0
Egypt,Maize,2000,843029.0,6474450.0,7680.0,7.679984911551085,174.8,1131733860.0
Egypt,Maize,2001,873035.0,6093578.0,6979.8,6.979763697904437,154.3,940239085.4000001
Egypt,Maize,2002,828132.0,6430962.0,7765.6,7.765624320760458,139.8,899048487.6
Egypt,Maize,2003,834103.0,6530427.0,7829.3,7.829281275813658,118.4,773202556.8000001
Egypt,Maize,2004,788520.0,6236140.0,7908.7,7.908664333181149,167.2,1042682607.9999999
Egypt,Maize,2005,868210.0,7085190.0,8160.7,8.160686930581312,179.3,1270374567.0
Egypt,Maize,2006,761524.0,6374300.0,8370.5,8.370451883328693,188.2,1199643260.0
Egypt,Maize,2007,775910.0,6243220.0,8046.3,8.046319805132038,281.4,1756842107.9999998
Egypt,Maize,2008,936254.0,7401412.0,7905.3,7.905346198787936,260.5,1928067826.0
Egypt,Maize,2009,983081.0,7686091.0,7818.4,7.8183700020649365,251.4,1932283277.4
Egypt,Maize,2010,968519.0,7041099.0,7270.0,7.269964760629374,334.2,2353135285.7999997
Egypt,Maize,2011,888329.0,6876473.0,7740.9,7.740907929382019,326.3,2243793139.9
Egypt,Maize,2012,1041345.0,8093646.0,7772.3,7.772300246316062,359.0,2905618914.0
Egypt,Maize,2013,1030339.0,7956593.0,7722.3,7.722305959494885,325.2,2587484043.6
Egypt,Maize,2014,1039241.0,8059906.0,7755.6,7.755569689802462,320.9,2586423835.3999996
Egypt,Maize,2015,1060996.0,7803183.0,7354.6,7.354582863648873,350.0,2731114050.0
Egypt,Maize,2016,1027682.0,7817640.0,7607.1,7.60706132830973,245.2,1916885328.0
Egypt,Maize,2017,1096680.0,8542635.0,7789.5,7.789542072436809,160.7,1372801444.5
Egypt,Maize,2018,680025.0,5111236.0,7516.2,7.516247196794236,165.1,843865063.6
Egypt,Maize,2019,1533571.0,7593140.0,4951.3,4.951280377628424,325.2,2469289128.0
Egypt,Maize,2020,976401.0,7593175.0,7776.7,7.776697279089227,353.5,2684187362.5
Egypt,Maize,2021,1026585.0,8035715.0,7827.6,7.82761778128455,291.8,2344821637.0
Egypt,Maize,2022,913318.0,6857490.0,7508.3,7.508326782128459,492.5,3377313825.0
Egypt,Maize,2023,976832.0,7446859.0,7623.5,7.623479779532202,470.2,3501513101.7999997
Egypt,Maize,2024,950000.0,7206000.0,7585.3,7.585263157894737,,
Egypt,Rice,1961,226000.0,1142000.0,5053.1,5.053097345132743,,
Egypt,Rice,1962,349000.0,2038000.0,5839.5,5.839541547277937,,
Egypt,Rice,1963,403000.0,2219000.0,5506.2,5.506203473945409,,
Egypt,Rice,1964,404000.0,2036000.0,5039.6,5.03960396039604,,
Egypt,Rice,1965,356000.0,1789000.0,5025.3,5.025280898876405,,
Egypt,Rice,1966,355000.0,1678000.0,4726.8,4.726760563380282,,
Egypt,Rice,1967,452000.0,2278000.0,5039.8,5.039823008849558,,
Egypt,Rice,1968,507000.0,2591000.0,5110.5,5.110453648915187,,
Egypt,Rice,1969,502000.0,2561000.0,5101.6,5.101593625498008,,
Egypt,Rice,1970,480000.0,2604000.0,5425.0,5.425,,
Egypt,Rice,1971,477631.0,2533690.0,5304.7,5.304701746745919,,
Egypt,Rice,1972,481412.0,2507000.0,5207.6,5.2075976502455275,,
Egypt,Rice,1973,418820.0,2275000.0,5431.9,5.431927797144358,,
Egypt,Rice,1974,442344.0,2241688.0,5067.7,5.067748177888702,,
Egypt,Rice,1975,442213.0,2423446.0,5480.3,5.480268558364408,,
Egypt,Rice,1976,453030.0,2300032.0,5077.0,5.0769971083592695,,
Egypt,Rice,1977,436652.0,2272309.0,5203.9,5.2039358573875765,,
Egypt,Rice,1978,434968.0,2351000.0,5405.0,5.4049953099998165,,
Egypt,Rice,1979,438891.0,2511000.0,5721.2,5.721238302904366,,
Egypt,Rice,1980,408374.0,2382100.0,5833.1,5.833133353249718,,
Egypt,Rice,1981,401685.0,2236362.0,5567.5,5.567452107995071,,
Egypt,Rice,1982,430758.0,2440513.0,5665.6,5.665624318062578,,
Egypt,Rice,1983,423000.0,2442000.0,5773.0,5.773049645390071,,
Egypt,Rice,1984,413711.0,2236436.0,5405.8,5.405792932747739,,
Egypt,Rice,1985,388600.0,2311300.0,5947.8,5.947761194029851,,
Egypt,Rice,1986,423400.0,2445000.0,5774.7,5.774681152574398,,
Egypt,Rice,1987,412940.0,2406000.0,5826.5,5.826512326245943,,
Egypt,Rice,1988,351600.0,2132000.0,6063.7,6.063708759954494,,
Egypt,Rice,1989,413266.0,2679000.0,6482.5,6.48250763430817,,
Egypt,Rice,1990,435908.0,3167421.0,7266.3,7.266260311808914,,
Egypt,Rice,1991,462458.0,3447812.0,7455.4,7.455405680083381,127.5,439596030.0
Egypt,Rice,1992,511000.0,3909706.0,7651.1,7.651088062622309,135.8,530938074.8000001
Egypt,Rice,1993,539071.0,4160762.0,7718.4,7.718393309972156,150.3,625362528.6
Egypt,Rice,1994,579177.0,4583007.0,7913.0,7.912964430562678,178.7,818983350.9
Egypt,Rice,1995,588538.0,4788097.0,8135.6,8.135578331390667,193.4,926017959.8000001
Egypt,Rice,1996,590449.0,4895388.0,8291.0,8.290958236867198,207.3,1014813932.4000001
Egypt,Rice,1997,651207.0,5480010.0,8415.2,8.415158313715915,211.9,1161214119.0
Egypt,Rice,1998,517832.0,4474110.0,8640.1,8.640080180444622,213.7,956117307.0
Egypt,Rice,1999,655210.0,5816960.0,8878.0,8.878008577402666,215.3,1252391488.0
Egypt,Rice,2000,659217.0,6000490.0,9102.5,9.102450331226288,167.9,1007482271.0
Egypt,Rice,2001,563021.0,5226703.0,9283.3,9.283318028990038,149.0,778778747.0
Egypt,Rice,2002,650286.0,6105456.0,9388.9,9.388878124394497,149.1,910323489.6
Egypt,Rice,2003,633570.0,6176266.0,9748.4,9.748356140600091,169.7,1048112340.1999999
Egypt,Rice,2004,645670.0,6352370.0,9838.4,9.83841590905571,165.4,1050681998.0
Egypt,Rice,2005,613300.0,6125300.0,9987.4,9.987444969835318,185.0,1133180500.0
Egypt,Rice,2006,670470.0,6755000.0,10075.0,10.075021999492893,188.0,1269940000.0
Egypt,Rice,2007,704054.0,6876830.0,9767.5,9.767475222071035,257.3,1769408359.0
Egypt,Rice,2008,745092.0,7253373.0,9734.9,9.734868982622281,269.9,1957685372.6999998
Egypt,Rice,2009,575467.0,5520482.0,9593.0,9.593047038318444,270.0,1490530140.0
Egypt,Rice,2010,459525.0,4329503.0,9421.7,9.42169196452859,326.9,1415314530.6999998
Egypt,Rice,2011,593185.0,5675027.0,9567.0,9.56704400819306,339.3,1925536661.1000001
Egypt,Rice,2012,620285.0,5911086.0,9529.6,9.5296291220971,342.0,2021591412.0
Egypt,Rice,2013,597099.0,5724106.0,9586.5,9.586527527260973,307.4,1759590184.3999999
Egypt,Rice,2014,573704.0,5467392.0,9530.0,9.529987589418933,300.9,1645138252.8
Egypt,Rice,2015,510853.0,4817964.0,9431.2,9.43121406745189,277.7,1337948602.8
Egypt,Rice,2016,568688.0,5308873.0,9335.3,9.335299848071351,226.5,1202459734.5
Egypt,Rice,2017,549688.0,4960662.0,9024.5,9.024504810001309,197.0,977250414.0
Egypt,Rice,2018,361075.0,3123708.0,8651.1,8.65113342103441,199.9,624429229.2
Egypt,Rice,2019,548546.0,4804296.0,8758.2,8.758237230788302,,
Egypt,Rice,2020,499361.0,4804000.0,9620.3,9.620294736673468,,
Egypt,Rice,2021,464228.0,4241894.0,9137.5,9.13752294131332,,
Egypt,Rice,2022,482953.0,4300578.0,8904.8,8.904754706979768,780.5,3356601129.0
Egypt,Rice,2023,680530.0,6228827.0,9152.9,9.152905823402348,612.6,3815779420.2000003
Egypt,Rice,2024,704158.0,6430000.0,9131.5,9.131473334109675,,
Egypt,Sorghum,1961,192124.0,681000.0,3544.6,3.544585788345027,,
Egypt,Sorghum,1962,191042.0,658849.0,3448.7,3.4487128484835794,,
Egypt,Sorghum,1963,203000.0,729000.0,3591.1,3.5911330049261085,,
Egypt,Sorghum,1964,208196.0,739640.0,3552.6,3.5526138830717207,,
Egypt,Sorghum,1965,210000.0,806000.0,3838.1,3.8380952380952382,,
Egypt,Sorghum,1966,217474.0,859078.0,3950.3,3.950256122570974,,
Egypt,Sorghum,1967,219658.0,880727.0,4009.5,4.009537553833687,,
Egypt,Sorghum,1968,225000.0,907000.0,4031.1,4.0311111111111115,,
Egypt,Sorghum,1969,199028.0,813015.0,4084.9,4.084927748859457,,
Egypt,Sorghum,1970,210040.0,874000.0,4161.1,4.161112169110646,,
Egypt,Sorghum,1971,207520.0,853603.0,4113.4,4.113352929838088,,
Egypt,Sorghum,1972,202899.0,831000.0,4095.6,4.095633788239469,,
Egypt,Sorghum,1973,204579.0,852736.0,4168.2,4.168247962889642,,
Egypt,Sorghum,1974,210750.0,824642.0,3912.9,3.912892052194543,,
Egypt,Sorghum,1975,205487.0,774882.0,3771.0,3.7709538802941305,,
Egypt,Sorghum,1976,199388.0,759000.0,3806.6,3.8066483439324332,,
Egypt,Sorghum,1977,171839.0,648721.0,3775.2,3.775167453255664,,
Egypt,Sorghum,1978,182949.0,681000.0,3722.3,3.72234885131922,,
Egypt,Sorghum,1979,171082.0,635890.0,3716.9,3.7168726107948236,,
Egypt,Sorghum,1980,172234.0,643000.0,3733.3,3.7332930780217612,,
Egypt,Sorghum,1981,173376.0,653100.0,3767.0,3.7669573643410854,,
Egypt,Sorghum,1982,160813.0,596263.0,3707.8,3.707803473599771,,
Egypt,Sorghum,1983,165000.0,621000.0,3763.6,3.7636363636363637,,
Egypt,Sorghum,1984,153000.0,561000.0,3666.7,3.6666666666666665,,
Egypt,Sorghum,1985,143000.0,547000.0,3825.2,3.825174825174825,,
Egypt,Sorghum,1986,155680.0,606000.0,3892.6,3.892600205549846,,
Egypt,Sorghum,1987,133165.0,551000.0,4137.7,4.137723876393947,,
Egypt,Sorghum,1988,131905.0,586000.0,4442.6,4.442591258860544,,
Egypt,Sorghum,1989,128565.0,586016.0,4558.1,4.558130128728659,,
Egypt,Sorghum,1990,134193.0,629638.0,4692.0,4.692033116481485,,
Egypt,Sorghum,1991,136016.0,676321.0,4972.4,4.97236354546524,141.2,95496525.19999999
Egypt,Sorghum,1992,149389.0,765568.0,5124.7,5.124661119627282,135.8,103964134.4
Egypt,Sorghum,1993,146055.0,779433.0,5336.6,5.336571839375578,147.1,114654594.3
Egypt,Sorghum,1994,158030.0,731237.0,4627.2,4.627203695500854,153.3,112098632.10000001
Egypt,Sorghum,1995,147697.0,661242.0,4477.0,4.4770171364347275,166.9,110361289.8
Egypt,Sorghum,1996,138686.0,603558.0,4352.0,4.351974965028914,178.4,107674747.2
Egypt,Sorghum,1997,155975.0,786537.0,5042.7,5.042711973072608,182.1,143228387.7
Egypt,Sorghum,1998,158232.0,887310.0,5607.7,5.607652055210071,186.2,165217122.0
Egypt,Sorghum,1999,165403.0,954246.0,5769.2,5.769218212487077,188.2,179589097.2
Egypt,Sorghum,2000,162597.0,941188.0,5788.5,5.788470881996592,184.0,173178592.0
Egypt,Sorghum,2001,148764.0,862296.0,5796.4,5.796402355408566,161.3,139088344.8
Egypt,Sorghum,2002,156217.0,902246.0,5775.6,5.7755942054962,147.1,132720386.6
Egypt,Sorghum,2003,167232.0,959096.0,5735.1,5.735122464600076,119.6,114707881.6
Egypt,Sorghum,2004,152402.0,863716.0,5667.4,5.66735344680516,174.1,150372955.6
Egypt,Sorghum,2005,152000.0,853000.0,5611.8,5.6118421052631575,186.7,159255100.0
Egypt,Sorghum,2006,156000.0,887000.0,5685.9,5.685897435897436,191.9,170215300.0
Egypt,Sorghum,2007,148660.0,843840.0,5676.3,5.676308354634737,292.8,247076352.0
Egypt,Sorghum,2008,154103.0,866948.0,5625.8,5.625769777356703,265.6,230261388.8
Egypt,Sorghum,2009,141253.0,780946.0,5528.7,5.52870381514021,246.5,192503189.0
Egypt,Sorghum,2010,140157.0,701629.0,5006.0,5.006021818389377,337.1,236519135.9
Egypt,Sorghum,2011,156986.0,839195.0,5345.7,5.345667766552431,331.4,278109223.0
Egypt,Sorghum,2012,142744.0,757035.0,5303.4,5.303445328700331,376.8,285250788.0
Egypt,Sorghum,2013,141627.0,761627.0,5377.7,5.377696343211393,336.7,256439810.9
Egypt,Sorghum,2014,148465.0,804051.0,5415.8,5.415761290539858,331.0,266140881.0
Egypt,Sorghum,2015,150197.0,720291.0,4795.6,4.795641723869318,307.9,221777598.89999998
Egypt,Sorghum,2016,148071.0,723791.0,4888.1,4.888134746169068,235.9,170742296.9
Egypt,Sorghum,2017,152171.0,807377.0,5305.7,5.305721852389746,160.7,129745483.89999999
Egypt,Sorghum,2018,154920.0,804851.0,5195.3,5.195268525690679,166.0,133605266.0
Egypt,Sorghum,2019,151375.0,758362.0,5009.8,5.009823286540049,,
Egypt,Sorghum,2020,153340.0,758200.0,4944.6,4.9445676274944566,,
Egypt,Sorghum,2021,150820.0,793926.0,5264.1,5.264063121601909,,
Egypt,Sorghum,2022,206740.0,1037342.0,5017.6,5.017616329689465,143.5,148858577.0
Egypt,Sorghum,2023,163247.0,841957.0,5157.6,5.157564916966315,94.8,79817523.6
Egypt,Sorghum,2024,150000.0,780000.0,5200.0,5.2,,
Ethiopia,Groundnut,1993,12544.0,8334.5,664.4,0.664421237244898,,
Ethiopia,Groundnut,1994,12619.0,8542.83,677.0,0.6769815357793803,,
Ethiopia,Groundnut,1995,13260.0,9000.0,678.7,0.6787330316742082,,
Ethiopia,Groundnut,1996,14590.0,10000.0,685.4,0.6854009595613434,,
Ethiopia,Groundnut,1997,11020.0,7776.0,705.6,0.7056261343012704,,
Ethiopia,Groundnut,1998,15210.0,6958.0,457.5,0.4574621959237344,,
Ethiopia,Groundnut,1999,15030.0,8532.0,567.7,0.5676646706586826,,
Ethiopia,Groundnut,2000,13550.0,11929.0,880.4,0.8803690036900369,,
Ethiopia,Groundnut,2001,17200.0,15210.0,884.3,0.8843023255813953,,
Ethiopia,Groundnut,2002,16034.0,13285.0,828.6,0.8285518273668454,,
Ethiopia,Groundnut,2003,20000.0,29284.0,1464.2,1.4642,,
Ethiopia,Groundnut,2004,20217.0,20715.0,1024.6,1.0246327348271256,,
Ethiopia,Groundnut,2005,27084.0,29053.0,1072.7,1.0726997489292571,,
Ethiopia,Groundnut,2006,35468.0,34150.0,962.8,0.9628397428668095,402.4,13741960.0
Ethiopia,Groundnut,2007,37126.0,51080.0,1375.9,1.3758551958196412,772.9,39479732.0
Ethiopia,Groundnut,2008,40198.0,44685.0,1111.6,1.1116224687795413,829.2,37052802.0
Ethiopia,Groundnut,2009,41579.0,46425.0,1116.5,1.1165492195579498,,
Ethiopia,Groundnut,2010,49603.0,71607.0,1443.6,1.4436022014797492,558.0,39956706.0
Ethiopia,Groundnut,2011,64477.0,103478.0,1604.9,1.6048823611520386,644.4,66681223.199999996
Ethiopia,Groundnut,2012,90156.0,124419.0,1380.0,1.3800412618128577,847.2,105407776.80000001
Ethiopia,Groundnut,2013,79747.0,112088.0,1405.5,1.4055450361769095,662.0,74202256.0
Ethiopia,Groundnut,2014,64649.0,103706.0,1604.1,1.6041392751628023,606.6,62908059.6
Ethiopia,Groundnut,2015,67062.0,114573.69,1708.5,1.7084740985953297,980.2,112305130.93800001
Ethiopia,Groundnut,2016,74861.0,129636.0,1731.7,1.731689397683707,934.6,121157805.60000001
Ethiopia,Groundnut,2017,80842.0,145172.82,1795.8,1.7957598772915069,819.6,118983643.27200001
Ethiopia,Groundnut,2018,84237.0,144091.26,1710.5,1.7105459596139465,752.8,108471900.528
Ethiopia,Groundnut,2019,87925.0,156533.16,1780.3,1.7803032129655958,,
Ethiopia,Groundnut,2020,113515.0,205068.65,1806.5,1.8065334977756242,,
Ethiopia,Groundnut,2021,120111.0,210413.52,1751.8,1.7518255613557459,,
Ethiopia,Groundnut,2022,87616.0,144525.42,1649.5,1.6495322772096421,,
Ethiopia,Groundnut,2023,90000.0,115000.0,1277.8,1.2777777777777777,,
Ethiopia,Groundnut,2024,85000.0,122000.0,1435.3,1.4352941176470588,,
Ethiopia,Maize,1993,838450.0,1455920.0,1736.4,1.7364422446180452,,
Ethiopia,Maize,1994,1242740.0,1396230.0,1123.5,1.1235093422598452,228.7,319317801.0
Ethiopia,Maize,1995,1464080.0,1989700.0,1359.0,1.3590104365881646,154.3,307010710.0
Ethiopia,Maize,1996,1880580.0,3164180.0,1682.6,1.6825553818502803,111.8,353755324.0
Ethiopia,Maize,1997,1718270.0,2986500.0,1738.1,1.7380853998498489,113.3,338370450.0
Ethiopia,Maize,1998,1449300.0,2344300.0,1617.5,1.6175395018284688,127.9,299835970.0
Ethiopia,Maize,1999,1651350.0,2832070.0,1715.0,1.7150028764344325,122.1,345795747.0
Ethiopia,Maize,2000,1655750.0,2682940.0,1620.4,1.6203774724445115,119.3,320074742.0
Ethiopia,Maize,2001,1892690.0,3298330.0,1742.7,1.7426678431227511,79.2,261227736.0
Ethiopia,Maize,2002,1506759.0,2825555.0,1875.3,1.8752534413267152,66.5,187899407.5
Ethiopia,Maize,2003,1791115.0,2743880.0,1531.9,1.5319396018681102,126.5,347100820.0
Ethiopia,Maize,2004,1801566.0,2906314.0,1613.2,1.6132153914982854,117.5,341491895.0
Ethiopia,Maize,2005,1950115.0,3911869.0,2006.0,2.005968365968161,144.6,565656257.4
Ethiopia,Maize,2006,1526125.0,4029630.0,2640.4,2.6404324678515847,138.0,556088940.0
Ethiopia,Maize,2007,2348154.0,4281077.53,1823.2,1.823167275229819,268.8,1150753640.0640001
Ethiopia,Maize,2008,2374989.0,4473011.03,1883.4,1.8833817882945985,350.0,1565553860.5
Ethiopia,Maize,2009,2416619.0,4796706.24,1984.9,1.9848831114875785,,
Ethiopia,Maize,2010,2499980.0,5481405.9,2192.6,2.1925799006392053,169.3,928002018.8700001
Ethiopia,Maize,2011,2587240.0,5747070.0,2221.3,2.2213130594765076,139.7,802865678.9999999
Ethiopia,Maize,2012,2583900.0,6700800.7,2593.3,2.593289484887186,237.2,1589429926.04
Ethiopia,Maize,2013,2593066.0,7105706.19,2740.3,2.74027201390169,230.3,1636444135.5570002
Ethiopia,Maize,2014,2620090.0,7729849.74,2950.2,2.9502229847066324,246.1,1902316021.014
Ethiopia,Maize,2015,2957510.0,8211424.38,2776.5,2.7764654658817722,199.3,1636536878.934
Ethiopia,Maize,2016,3002159.0,8846787.38,2946.8,2.94680840688318,186.8,1652579882.5840003
Ethiopia,Maize,2017,3166792.0,10488192.84,3311.9,3.3119298141463034,201.5,2113370857.26
Ethiopia,Maize,2018,3255852.0,10864092.0,3336.8,3.336789264376882,205.6,2233657315.2
Ethiopia,Maize,2019,3161370.0,11555370.0,3655.2,3.655177976636711,,
Ethiopia,Maize,2020,2949450.0,10945980.0,3711.2,3.7111936123684077,,
Ethiopia,Maize,2021,3419008.0,11737527.72,3433.0,3.4330214260978624,,
Ethiopia,Maize,2022,3397887.0,11853521.14,3488.5,3.4884977458049664,,
Ethiopia,Maize,2023,3376888.0,11512342.95,3409.2,3.409157469836133,,
Ethiopia,Maize,2024,3397928.0,11701130.61,3443.6,3.443607577912186,,
Ethiopia,Millet,1993,176030.0,135251.0,768.3,0.768340623757314,,
Ethiopia,Millet,1994,250670.0,176658.0,704.7,0.7047432879881916,217.7,38458446.6
Ethiopia,Millet,1995,230390.0,154084.0,668.8,0.6687963887321499,216.0,33282144.0
Ethiopia,Millet,1996,273120.0,243657.0,892.1,0.8921243409490334,151.1,36816572.699999996
Ethiopia,Millet,1997,292180.0,296200.0,1013.8,1.0137586419330549,141.6,41941920.0
Ethiopia,Millet,1998,290580.0,259559.0,893.2,0.8932445453919746,164.4,42671499.6
Ethiopia,Millet,1999,447560.0,382345.0,854.3,0.8542876932701761,141.0,53910645.0
Ethiopia,Millet,2000,361000.0,320090.0,886.7,0.8866759002770083,144.8,46349032.0
Ethiopia,Millet,2001,346780.0,316166.0,911.7,0.911719245631236,112.3,35505441.8
Ethiopia,Millet,2002,281458.0,306180.0,1087.8,1.0878354852233725,99.2,30373056.0
Ethiopia,Millet,2003,304758.0,305101.0,1001.1,1.0011254831702532,132.8,40517412.800000004
Ethiopia,Millet,2004,314251.0,332890.0,1059.3,1.0593124604217647,165.1,54960139.0
Ethiopia,Millet,2005,334992.0,397390.0,1186.3,1.186267134737546,169.9,67516561.0
Ethiopia,Millet,2006,390977.0,500171.0,1279.3,1.2792849707271783,188.5,94282233.5
Ethiopia,Millet,2007,385294.0,408912.06,1061.3,1.0612988003965802,329.0,134532067.74
Ethiopia,Millet,2008,411246.0,498941.27,1213.2,1.2132428522101126,461.5,230261396.10500002
Ethiopia,Millet,2009,380069.0,539916.73,1420.6,1.4205755533863587,,
Ethiopia,Millet,2010,408110.0,634826.0,1555.5,1.5555266962338585,246.4,156421126.4
Ethiopia,Millet,2011,432561.0,651851.0,1507.0,1.5069574002279447,203.0,132325753.0
Ethiopia,Millet,2012,433364.0,651851.0,1504.2,1.5041650898551795,290.9,189623455.89999998
Ethiopia,Millet,2013,431732.0,742297.0,1719.3,1.7193467243567768,274.3,203612067.1
Ethiopia,Millet,2014,455063.0,848959.0,1865.6,1.8655856441855303,342.6,290853353.40000004
Ethiopia,Millet,2015,465508.0,1036443.88,2226.5,2.226479201216735,283.8,294142773.144
Ethiopia,Millet,2016,456172.0,1017059.0,2229.6,2.2295515726524204,291.3,296269286.7
Ethiopia,Millet,2017,456057.0,1030823.15,2260.3,2.260294546515019,284.1,292856856.915
Ethiopia,Millet,2018,446909.0,1035629.57,2317.3,2.317316433546874,277.4,287283642.71799994
Ethiopia,Millet,2019,455580.0,1125957.87,2471.5,2.471482220466219,,
Ethiopia,Millet,2020,480511.0,1218581.54,2536.0,2.5360117458289198,,
Ethiopia,Millet,2021,480853.0,1204076.45,2504.0,2.504042711597931,,
Ethiopia,Millet,2022,369372.0,945681.21,2560.2,2.5602406517007243,,
Ethiopia,Millet,2023,450000.0,1100000.0,2444.4,2.4444444444444446,,
Ethiopia,Millet,2024,455000.0,1125000.0,2472.5,2.4725274725274726,,
Ethiopia,Rice,2007,25167.0,73455.48,2918.7,2.918722136130647,427.2,31380181.055999998
Ethiopia,Rice,2008,36141.0,73535.82,2034.7,2.0346924545530007,734.4,54004706.208000004
Ethiopia,Rice,2009,49171.0,106221.84,2160.2,2.1602538081389437,,
Ethiopia,Rice,2010,55610.0,112930.0,2030.7,2.0307498651321705,417.0,47091810.0
Ethiopia,Rice,2011,34790.0,99000.0,2845.6,2.8456453003736706,372.2,36847800.0
Ethiopia,Rice,2012,41811.0,121042.0,2895.0,2.8949797900074143,424.7,51406537.4
Ethiopia,Rice,2013,48710.0,132540.0,2721.0,2.721001847669883,551.9,73148826.0
Ethiopia,Rice,2014,46832.0,131821.0,2814.8,2.814763409634438,510.1,67241892.10000001
Ethiopia,Rice,2015,54550.0,144350.0,2646.2,2.6461961503208067,412.6,59558810.0
Ethiopia,Rice,2016,52690.0,138190.0,2622.7,2.6226988043271966,375.0,51821250.0
Ethiopia,Rice,2017,53107.0,151018.33,2843.7,2.8436614758883008,418.6,63216272.938
Ethiopia,Rice,2018,72050.0,185200.0,2570.4,2.570437196391395,355.8,65894160.0
Ethiopia,Rice,2019,67570.0,181250.0,2682.4,2.6824034334763946,,
Ethiopia,Rice,2020,85289.0,268223.0,3144.9,3.1448721406042983,,
Ethiopia,Rice,2021,94681.0,278272.75,2939.0,2.939055882384005,,
Ethiopia,Rice,2022,96480.0,290790.37,3014.0,3.013996372305141,,
Ethiopia,Rice,2023,92150.0,279095.37,3028.7,3.0287072164948454,,
Ethiopia,Rice,2024,94437.0,282719.5,2993.7,2.993736565117486,,
Ethiopia,Sorghum,1993,448210.0,628309.0,1401.8,1.401818344079784,,
Ethiopia,Sorghum,1994,753990.0,702612.0,931.9,0.9318585127123702,258.0,181273896.0
Ethiopia,Sorghum,1995,919830.0,1140710.0,1240.1,1.2401313286150701,193.2,220385172.0
Ethiopia,Sorghum,1996,1331600.0,1807700.0,1357.5,1.3575398017422649,141.7,256151089.99999997
Ethiopia,Sorghum,1997,1443410.0,2040390.0,1413.6,1.4135900402519035,140.1,285858639.0
Ethiopia,Sorghum,1998,981710.0,1083230.0,1103.4,1.1034113944036426,154.6,167467358.0
Ethiopia,Sorghum,1999,1069400.0,1334370.0,1247.8,1.2477744529642791,137.0,182808690.0
Ethiopia,Sorghum,2000,1011150.0,1188080.0,1175.0,1.1749789843247787,142.1,168826168.0
Ethiopia,Sorghum,2001,1359190.0,1548720.0,1139.4,1.1394433449333794,101.1,156575592.0
Ethiopia,Sorghum,2002,1132540.0,1546230.0,1365.3,1.3652762816324369,90.5,139933815.0
Ethiopia,Sorghum,2003,1335834.0,1784283.0,1335.7,1.3357071312752933,166.6,297261547.8
Ethiopia,Sorghum,2004,1283654.0,1742454.0,1357.4,1.357417185627903,160.5,279663867.0
Ethiopia,Sorghum,2005,1253620.0,1715954.0,1368.8,1.368799157639476,188.5,323457329.0
Ethiopia,Sorghum,2006,1468070.0,2173599.0,1480.6,1.4805826697637035,173.6,377336786.4
Ethiopia,Sorghum,2007,1508248.0,2385522.23,1581.7,1.581651180707682,344.6,822050960.4580001
Ethiopia,Sorghum,2008,1579543.0,2738902.87,1734.0,1.7339843676303843,446.4,1222646241.168
Ethiopia,Sorghum,2009,1667237.0,3060403.98,1835.6,1.835614240806796,,
Ethiopia,Sorghum,2010,1897734.0,4000137.0,2107.8,2.1078491506185797,229.0,916031373.0
Ethiopia,Sorghum,2011,2051110.0,4225550.0,2060.1,2.0601284182710824,237.9,1005258345.0
Ethiopia,Sorghum,2012,2090810.0,4195840.0,2006.8,2.006801191882572,317.4,1331759616.0
Ethiopia,Sorghum,2013,1839130.0,3830960.0,2083.0,2.083028388422787,316.2,1211349552.0
Ethiopia,Sorghum,2014,1834650.0,4339134.0,2365.1,2.365101790532254,335.4,1455345543.6
Ethiopia,Sorghum,2015,1854711.0,4765620.85,2569.5,2.5694681543377915,261.0,1243827041.85
Ethiopia,Sorghum,2016,1881971.0,4752096.0,2525.1,2.5250633511355915,262.8,1248850828.8
Ethiopia,Sorghum,2017,1896389.0,5169252.54,2725.8,2.7258397617788335,260.6,1347107211.924
Ethiopia,Sorghum,2018,2024969.0,5372514.0,2653.1,2.653133949211074,278.5,1496245149.0
Ethiopia,Sorghum,2019,1974480.0,5459790.0,2765.2,2.7651786799562417,,
Ethiopia,Sorghum,2020,2024030.0,5633820.0,2783.5,2.7834666482216175,,
Ethiopia,Sorghum,2021,1830646.0,4823403.35,2634.8,2.634809433391273,,
Ethiopia,Sorghum,2022,1517243.0,3877497.29,2555.6,2.555620483996301,,
Ethiopia,Sorghum,2023,1480000.0,4010000.0,2709.5,2.7094594594594597,,
Ethiopia,Sorghum,2024,1650000.0,4100000.0,2484.8,2.484848484848485,,
Ethiopia,Yam,2013,4514.0,24273.0,5377.4,5.377270713336287,,
Ethiopia,Yam,2014,4426.0,11952.58,2700.3,2.700537731586082,,
Ethiopia,Yam,2015,5522.0,57596.0,10430.3,10.430278884462151,,
Ethiopia,Yam,2016,5603.0,50964.0,9095.8,9.095841513474925,,
Ethiopia,Yam,2017,5356.0,48740.48,9099.9,9.100164301717701,,
Ethiopia,Yam,2018,4101.0,36900.8,8997.1,8.998000487685932,,
Ethiopia,Yam,2019,5323.0,49227.31,9247.8,9.248038699981214,,
Ethiopia,Yam,2020,4874.0,45730.09,9382.2,9.38245588838736,,
Ethiopia,Yam,2021,9206.0,52630.19,5716.8,5.716944384097328,,
Ethiopia,Yam,2022,5403.0,36383.41,6733.7,6.733927447714233,,
Ethiopia,Yam,2023,5390.0,47146.14,8746.9,8.746964749536177,,
Ethiopia,Yam,2024,5060.0,45300.83,8953.2,8.952733201581028,,
Ghana,Cassava,1961,140000.0,1050000.0,7500.0,7.5,,
Ghana,Cassava,1962,140000.0,1050000.0,7500.0,7.5,,
Ghana,Cassava,1963,158554.0,1194265.0,7532.2,7.532228767486156,,
Ghana,Cassava,1964,162803.0,1228608.0,7546.6,7.546593121748371,,
Ghana,Cassava,1965,150000.0,1400000.0,9333.3,9.333333333333334,,
Ghana,Cassava,1966,186000.0,1552000.0,8344.1,8.344086021505376,,
Ghana,Cassava,1967,183000.0,1577000.0,8617.5,8.617486338797814,,
Ghana,Cassava,1968,172000.0,1445600.0,8404.7,8.404651162790698,,
Ghana,Cassava,1969,200000.0,1500000.0,7500.0,7.5,,
Ghana,Cassava,1970,210000.0,1550000.0,7381.0,7.380952380952381,,
Ghana,Cassava,1971,210000.0,1550000.0,7381.0,7.380952380952381,,
Ghana,Cassava,1972,220000.0,1650000.0,7500.0,7.5,,
Ghana,Cassava,1973,224000.0,1600000.0,7142.9,7.142857142857143,,
Ghana,Cassava,1974,225000.0,1600000.0,7111.1,7.111111111111111,,
Ghana,Cassava,1975,285000.0,1900000.0,6666.7,6.666666666666667,,
Ghana,Cassava,1976,250000.0,1819000.0,7276.0,7.276,,
Ghana,Cassava,1977,232000.0,1811000.0,7806.0,7.806034482758621,,
Ghana,Cassava,1978,235000.0,1895000.0,8063.8,8.063829787234043,,
Ghana,Cassava,1979,219000.0,1759000.0,8032.0,8.031963470319635,,
Ghana,Cassava,1980,230000.0,1857600.0,8076.5,8.076521739130435,,
Ghana,Cassava,1981,210000.0,2065000.0,9833.3,9.833333333333334,,
Ghana,Cassava,1982,230000.0,1986000.0,8634.8,8.634782608695652,,
Ghana,Cassava,1983,210000.0,1728000.0,8228.6,8.228571428571428,,
Ghana,Cassava,1984,250000.0,2200000.0,8800.0,8.8,,
Ghana,Cassava,1985,289954.0,2300000.0,7932.3,7.932292708498589,,
Ghana,Cassava,1986,387200.0,2876200.0,7428.2,7.428202479338843,,
Ghana,Cassava,1987,389500.0,2725800.0,6998.2,6.998202824133505,,
Ghana,Cassava,1988,444000.0,3300000.0,7432.4,7.4324324324324325,,
Ghana,Cassava,1989,446000.0,3320000.0,7443.9,7.443946188340807,,
Ghana,Cassava,1990,322800.0,2717000.0,8417.0,8.416976456009913,,
Ghana,Cassava,1991,534700.0,5701500.0,10663.0,10.662988591733683,43.0,245164500.0
Ghana,Cassava,1992,551900.0,5662000.0,10259.1,10.259104910309839,51.4,291026800.0
Ghana,Cassava,1993,531800.0,5972600.0,11230.9,11.230913877397517,39.0,232931400.0
Ghana,Cassava,1994,520400.0,6025000.0,11577.6,11.577632590315142,64.3,387407500.0
Ghana,Cassava,1995,551300.0,6611400.0,11992.4,11.992381643388354,78.2,517011480.0
Ghana,Cassava,1996,590668.0,7111180.0,12039.2,12.039216615763847,62.9,447293222.0
Ghana,Cassava,1997,589300.0,6999509.0,11877.7,11.877666723230952,85.2,596358166.8000001
Ghana,Cassava,1998,629680.0,7171500.0,11389.1,11.389118282302121,133.9,960263850.0
Ghana,Cassava,1999,640300.0,7845440.0,12252.8,12.252756520381071,79.3,622143392.0
Ghana,Cassava,2000,660100.0,8106800.0,12281.2,12.281169519769731,68.2,552883760.0
Ghana,Cassava,2001,726357.0,8965840.0,12343.6,12.34357210022069,124.0,1111764160.0
Ghana,Cassava,2002,794440.0,9731040.0,12248.9,12.248930063944414,89.7,872874288.0
Ghana,Cassava,2003,807200.0,10239340.0,12685.0,12.685009910802775,72.9,746447886.0
Ghana,Cassava,2004,783947.0,9738812.0,12422.8,12.422793887852112,89.4,870649792.8000001
Ghana,Cassava,2005,750000.0,9567000.0,12756.0,12.756,127.0,1215009000.0
Ghana,Cassava,2006,790000.0,9638000.0,12200.0,12.2,126.3,1217279400.0
Ghana,Cassava,2007,800530.0,10217930.0,12764.0,12.76395637889898,119.4,1220020842.0
Ghana,Cassava,2008,839920.0,11351100.0,13514.5,13.514501381083912,154.2,1750339619.9999998
Ghana,Cassava,2009,885800.0,12230600.0,13807.4,13.807405734928878,142.8,1746529680.0000002
Ghana,Cassava,2010,875013.0,13504086.0,15433.0,15.433011852395335,168.8,2279489716.8
Ghana,Cassava,2011,889364.0,14240867.0,16012.4,16.012416738253403,176.7,2516361198.8999996
Ghana,Cassava,2012,868550.0,14547279.0,16748.9,16.74892522019458,,
Ghana,Cassava,2013,875185.0,15989940.0,18270.4,18.270354267954776,,
Ghana,Cassava,2014,888847.0,17798217.0,20023.9,20.023937753066612,,
Ghana,Cassava,2015,916544.0,17212756.0,18780.1,18.780065114168004,,
Ghana,Cassava,2016,938725.0,17798217.0,18960.0,18.95999041252763,210.5,3746524678.5
Ghana,Cassava,2017,917000.0,19008724.86,20729.3,20.72925284623773,106.4,2022528325.104
Ghana,Cassava,2018,977000.0,20845959.96,21336.7,21.336704155578303,111.4,2322239939.544
Ghana,Cassava,2019,1021000.0,22750000.0,22282.1,22.2820763956905,88.4,2011100000.0000002
Ghana,Cassava,2020,1061000.0,24368000.0,22967.0,22.967012252591893,165.2,4025593599.9999995
Ghana,Cassava,2021,1051000.0,24997000.0,23784.0,23.784015223596576,238.5,5961784500.0
Ghana,Cassava,2022,1048809.0,25607885.35,24416.2,24.416157136332735,229.4,5874448899.290001
Ghana,Cassava,2023,1060877.0,26598173.66,25071.9,25.07187323318349,,
Ghana,Cassava,2024,1079366.0,27917780.52,25865.0,25.864980479281357,,
Ghana,Cowpea,2011,182300.0,236679.0,1298.3,1.2982940208447613,,
Ghana,Cowpea,2012,168800.0,223253.0,1322.6,1.3225888625592417,,
Ghana,Cowpea,2013,162000.0,200400.0,1237.0,1.237037037037037,,
Ghana,Cowpea,2014,165830.0,201260.0,1213.7,1.2136525357293615,,
Ghana,Cowpea,2015,162650.0,203320.0,1250.0,1.2500461112818937,,
Ghana,Cowpea,2016,146660.0,206380.0,1407.2,1.407200327287604,,
Ghana,Cowpea,2017,153910.0,211470.0,1374.0,1.3739847963095315,,
Ghana,Cowpea,2018,157000.0,237000.0,1509.6,1.5095541401273886,,
Ghana,Cowpea,2019,169000.0,254000.0,1503.0,1.5029585798816567,,
Ghana,Cowpea,2020,169000.0,257000.0,1520.7,1.5207100591715976,,
Ghana,Cowpea,2021,180000.0,300000.0,1666.7,1.6666666666666667,,
Ghana,Cowpea,2022,192573.0,320057.32,1662.0,1.6620051616789477,,
Ghana,Cowpea,2023,185376.0,307724.02,1660.0,1.6599992447781806,,
Ghana,Cowpea,2024,191625.0,324088.49,1691.3,1.6912641356816698,,
Ghana,Groundnut,1961,60000.0,47000.0,783.3,0.7833333333333333,,
Ghana,Groundnut,1962,60000.0,47000.0,783.3,0.7833333333333333,,
Ghana,Groundnut,1963,61000.0,47000.0,770.5,0.7704918032786885,,
Ghana,Groundnut,1964,64500.0,50000.0,775.2,0.7751937984496124,,
Ghana,Groundnut,1965,31073.0,27000.0,868.9,0.8689215717825766,,
Ghana,Groundnut,1966,32443.0,38498.0,1186.6,1.1866350214221866,,
Ghana,Groundnut,1967,46538.0,39165.0,841.6,0.8415703296231037,,
Ghana,Groundnut,1968,60702.0,61664.0,1015.8,1.0158479127541102,,
Ghana,Groundnut,1969,74056.0,60998.0,823.7,0.8236739764502539,,
Ghana,Groundnut,1970,98013.0,101600.0,1036.6,1.0365971860875598,,
Ghana,Groundnut,1971,98000.0,101600.0,1036.7,1.036734693877551,,
Ghana,Groundnut,1972,91500.0,89200.0,974.9,0.9748633879781421,,
Ghana,Groundnut,1973,79000.0,127000.0,1607.6,1.6075949367088607,,
Ghana,Groundnut,1974,111000.0,156000.0,1405.4,1.4054054054054055,,
Ghana,Groundnut,1975,102000.0,110750.0,1085.8,1.0857843137254901,,
Ghana,Groundnut,1976,91400.0,113400.0,1240.7,1.2407002188183807,,
Ghana,Groundnut,1977,85000.0,81000.0,952.9,0.9529411764705882,,
Ghana,Groundnut,1978,71000.0,83000.0,1169.0,1.1690140845070423,,
Ghana,Groundnut,1979,92000.0,107000.0,1163.0,1.1630434782608696,,
Ghana,Groundnut,1980,83800.0,142200.0,1696.9,1.6968973747016707,,
Ghana,Groundnut,1981,118800.0,125900.0,1059.8,1.0597643097643097,,
Ghana,Groundnut,1982,115100.0,111100.0,965.2,0.9652476107732406,,
Ghana,Groundnut,1983,95300.0,91100.0,955.9,0.9559286463798531,,
Ghana,Groundnut,1984,149000.0,167000.0,1120.8,1.1208053691275168,,
Ghana,Groundnut,1985,119000.0,140000.0,1176.5,1.1764705882352942,,
Ghana,Groundnut,1986,162800.0,189300.0,1162.8,1.1627764127764129,,
Ghana,Groundnut,1987,150500.0,190700.0,1267.1,1.267109634551495,,
Ghana,Groundnut,1988,130800.0,229600.0,1755.4,1.7553516819571866,,
Ghana,Groundnut,1989,158600.0,200000.0,1261.0,1.2610340479192939,,
Ghana,Groundnut,1990,127000.0,113000.0,889.8,0.889763779527559,,
Ghana,Groundnut,1991,100000.0,67000.0,670.0,0.67,692.0,46364000.0
Ghana,Groundnut,1992,130000.0,100000.0,769.2,0.7692307692307693,713.7,71370000.0
Ghana,Groundnut,1993,160000.0,140000.0,875.0,0.875,527.5,73850000.0
Ghana,Groundnut,1994,188200.0,176300.0,936.8,0.936769394261424,480.8,84765040.0
Ghana,Groundnut,1995,180400.0,168200.0,932.4,0.9323725055432373,603.8,101559159.99999999
Ghana,Groundnut,1996,179956.0,161630.0,898.2,0.8981639956433795,422.0,68207860.0
Ghana,Groundnut,1997,175780.0,153648.0,874.1,0.8740926157697121,683.5,105018408.0
Ghana,Groundnut,1998,194450.0,212490.0,1092.8,1.092774492157367,726.1,154288989.0
Ghana,Groundnut,1999,185000.0,193000.0,1043.2,1.0432432432432432,539.4,104104200.0
Ghana,Groundnut,2000,218000.0,209000.0,958.7,0.9587155963302753,442.4,92461600.0
Ghana,Groundnut,2001,254000.0,258000.0,1015.7,1.015748031496063,518.2,133695600.00000001
Ghana,Groundnut,2002,384000.0,520000.0,1354.2,1.3541666666666667,396.9,206388000.0
Ghana,Groundnut,2003,464700.0,439000.0,944.7,0.9446955024747149,482.0,211598000.0
Ghana,Groundnut,2004,431667.0,389649.0,902.7,0.9026610790261937,515.1,200708199.9
Ghana,Groundnut,2005,450000.0,420000.0,933.3,0.9333333333333333,744.9,312858000.0
Ghana,Groundnut,2006,480000.0,520000.0,1083.3,1.0833333333333333,838.2,435864000.0
Ghana,Groundnut,2007,341640.0,301770.0,883.3,0.8832982086406744,810.7,244644939.0
Ghana,Groundnut,2008,350660.0,470100.0,1340.6,1.340614840586323,829.3,389853930.0
Ghana,Groundnut,2009,342550.0,526040.0,1535.7,1.5356590278791418,698.9,367649356.0
Ghana,Groundnut,2010,353376.0,530887.0,1502.3,1.5023289640496242,745.8,395935524.59999996
Ghana,Groundnut,2011,356780.0,465103.0,1303.6,1.3036128706766075,1465.8,681747977.4
Ghana,Groundnut,2012,345186.0,475056.0,1376.2,1.3762319445168691,,
Ghana,Groundnut,2013,328940.0,408814.0,1242.8,1.2428223992217426,,
Ghana,Groundnut,2014,334000.0,426280.0,1276.3,1.2762874251497005,,
Ghana,Groundnut,2015,336450.0,417198.54,1240.0,1.2400016049933125,,
Ghana,Groundnut,2016,336450.0,425824.82,1265.6,1.2656407192747807,1135.3,483438918.14599997
Ghana,Groundnut,2017,338000.0,433771.91,1283.3,1.283348846153846,1058.4,459104189.544
Ghana,Groundnut,2018,320000.0,521032.08,1628.2,1.62822525,1091.1,568498102.4879999
Ghana,Groundnut,2019,337000.0,563000.0,1670.6,1.6706231454005935,1120.8,631010400.0
Ghana,Groundnut,2020,337000.0,565000.0,1676.6,1.6765578635014837,719.4,406461000.0
Ghana,Groundnut,2021,273000.0,502000.0,1838.8,1.8388278388278387,722.8,362845600.0
Ghana,Groundnut,2022,370000.0,611000.0,1651.4,1.6513513513513514,540.7,330367700.0
Ghana,Groundnut,2023,370000.0,636000.0,1718.9,1.718918918918919,,
Ghana,Groundnut,2024,370000.0,625000.0,1689.2,1.6891891891891893,,
Ghana,Maize,1961,237000.0,226000.0,953.6,0.9535864978902954,,
Ghana,Maize,1962,237000.0,220000.0,928.3,0.9282700421940928,,
Ghana,Maize,1963,202340.0,182889.0,903.9,0.9038697242265493,,
Ghana,Maize,1964,202340.0,172728.0,853.7,0.8536522684590293,,
Ghana,Maize,1965,173277.0,209001.0,1206.2,1.20616700427639,,
Ghana,Maize,1966,250900.0,402100.0,1602.6,1.60263053009167,,
Ghana,Maize,1967,294600.0,342917.0,1164.0,1.1640088255261372,,
Ghana,Maize,1968,271500.0,301056.0,1108.9,1.1088618784530386,,
Ghana,Maize,1969,275182.0,304000.0,1104.7,1.1047234194096998,,
Ghana,Maize,1970,452500.0,481600.0,1064.3,1.0643093922651934,,
Ghana,Maize,1971,432600.0,465400.0,1075.8,1.0758206195099398,,
Ghana,Maize,1972,388500.0,402400.0,1035.8,1.0357786357786358,,
Ghana,Maize,1973,405500.0,426800.0,1052.5,1.0525277435265106,,
Ghana,Maize,1974,424900.0,485700.0,1143.1,1.1430924923511414,,
Ghana,Maize,1975,319700.0,343400.0,1074.1,1.074131998748827,,
Ghana,Maize,1976,274000.0,286000.0,1043.8,1.0437956204379562,,
Ghana,Maize,1977,256000.0,274000.0,1070.3,1.0703125,,
Ghana,Maize,1978,205000.0,218000.0,1063.4,1.0634146341463415,,
Ghana,Maize,1979,358000.0,380000.0,1061.5,1.0614525139664805,,
Ghana,Maize,1980,440000.0,382000.0,868.2,0.8681818181818182,,
Ghana,Maize,1981,372000.0,378000.0,1016.1,1.0161290322580645,,
Ghana,Maize,1982,373000.0,346000.0,927.6,0.9276139410187667,,
Ghana,Maize,1983,400000.0,172000.0,430.0,0.43,,
Ghana,Maize,1984,724000.0,696000.0,961.3,0.9613259668508287,,
Ghana,Maize,1985,579000.0,584000.0,1008.6,1.008635578583765,,
Ghana,Maize,1986,472000.0,559100.0,1184.5,1.1845338983050848,,
Ghana,Maize,1987,548000.0,597700.0,1090.7,1.0906934306569342,,
Ghana,Maize,1988,540000.0,751000.0,1390.7,1.3907407407407408,,
Ghana,Maize,1989,567000.0,715000.0,1261.0,1.2610229276895943,,
Ghana,Maize,1990,464800.0,552600.0,1188.9,1.1888984509466438,,
Ghana,Maize,1991,610400.0,931500.0,1526.0,1.526048492791612,189.0,176053500.0
Ghana,Maize,1992,606800.0,730600.0,1204.0,1.2040210942649967,191.2,139690720.0
Ghana,Maize,1993,636700.0,960900.0,1509.2,1.5091880006282394,144.5,138850050.0
Ghana,Maize,1994,629400.0,939908.0,1493.3,1.49333968859231,145.9,137132577.20000002
Ghana,Maize,1995,688600.0,1034300.0,1502.0,1.5020331106593088,215.3,222684790.0
Ghana,Maize,1996,664950.0,1007610.0,1515.3,1.5153169411233927,200.6,202126566.0
Ghana,Maize,1997,651600.0,996000.0,1528.5,1.5285451197053408,314.1,312843600.0
Ghana,Maize,1998,696620.0,1034500.0,1485.0,1.4850277052051333,256.6,265452700.00000003
Ghana,Maize,1999,696900.0,1014450.0,1455.7,1.4556607834696513,169.3,171746385.0
Ghana,Maize,2000,694700.0,1012700.0,1457.8,1.4577515474305456,171.9,174083130.0
Ghana,Maize,2001,713303.0,937973.0,1315.0,1.3149713375662235,209.6,196599140.79999998
Ghana,Maize,2002,939600.0,1400000.0,1490.0,1.489995742869306,169.3,237020000.00000003
Ghana,Maize,2003,791900.0,1288600.0,1627.2,1.627225659805531,172.7,222541220.0
Ghana,Maize,2004,732955.0,1157621.0,1579.4,1.5793889120068763,235.6,272735507.59999996
Ghana,Maize,2005,750000.0,1171000.0,1561.3,1.5613333333333332,366.9,429639900.0
Ghana,Maize,2006,793000.0,1189000.0,1499.4,1.4993694829760404,254.6,302719400.0
Ghana,Maize,2007,790070.0,1219600.0,1543.7,1.5436606882934423,289.9,353562040.0
Ghana,Maize,2008,846260.0,1470080.0,1737.1,1.7371493394465058,443.1,651392448.0
Ghana,Maize,2009,954430.0,1619590.0,1696.9,1.6969185796758275,382.4,619331216.0
Ghana,Maize,2010,991669.0,1871695.0,1887.4,1.8874190884256743,340.8,637873656.0
Ghana,Maize,2011,1023177.0,1683984.0,1645.8,1.6458384033261106,429.3,722934331.2
Ghana,Maize,2012,1042083.0,1949897.0,1871.2,1.8711532574660559,,
Ghana,Maize,2013,1023459.0,1764477.0,1724.0,1.7240329119192854,,
Ghana,Maize,2014,1019000.0,1762000.0,1729.1,1.7291462217860647,,
Ghana,Maize,2015,880250.0,1691643.9,1921.8,1.921776654359557,,
Ghana,Maize,2016,883031.0,1721910.12,1950.0,1.949999626287186,378.4,651570789.408
Ghana,Maize,2017,1000000.0,2011179.42,2011.2,2.01117942,254.9,512649634.158
Ghana,Maize,2018,1021000.0,2306383.95,2258.9,2.258946082272282,283.4,653629211.43
Ghana,Maize,2019,1150000.0,2911000.0,2531.3,2.531304347826087,202.0,588022000.0
Ghana,Maize,2020,1189000.0,3071000.0,2582.8,2.582842724978974,293.2,900417200.0
Ghana,Maize,2021,1266000.0,3203000.0,2530.0,2.5300157977883098,415.8,1331807400.0
Ghana,Maize,2022,1300000.0,3255718.0,2504.4,2.5043984615384614,454.0,1478095972.0
Ghana,Maize,2023,1300000.0,3579000.0,2753.1,2.753076923076923,,
Ghana,Maize,2024,1368623.0,3794000.0,2772.1,2.772129359217257,,
Ghana,Millet,1961,120000.0,80000.0,666.7,0.6666666666666666,,
Ghana,Millet,1962,100000.0,65000.0,650.0,0.65,,
Ghana,Millet,1963,101170.0,68075.0,672.9,0.6728773351784125,,
Ghana,Millet,1964,103477.0,69599.0,672.6,0.6726035737410245,,
Ghana,Millet,1965,119370.0,56899.0,476.7,0.4766608025467035,,
Ghana,Millet,1966,134700.0,79300.0,588.7,0.5887156644394952,,
Ghana,Millet,1967,156000.0,92765.0,594.6,0.5946474358974358,,
Ghana,Millet,1968,140000.0,72952.0,521.1,0.5210857142857143,,
Ghana,Millet,1969,175000.0,87800.0,501.7,0.5017142857142857,,
Ghana,Millet,1970,248900.0,141200.0,567.3,0.5672961028525513,,
Ghana,Millet,1971,229900.0,130100.0,565.9,0.56589821661592,,
Ghana,Millet,1972,175600.0,98600.0,561.5,0.5615034168564921,,
Ghana,Millet,1973,192200.0,108700.0,565.6,0.5655567117585848,,
Ghana,Millet,1974,222200.0,154400.0,694.9,0.6948694869486949,,
Ghana,Millet,1975,198700.0,121900.0,613.5,0.6134876698540513,,
Ghana,Millet,1976,243400.0,144000.0,591.6,0.5916187345932621,,
Ghana,Millet,1977,208000.0,125000.0,601.0,0.6009615384615384,,
Ghana,Millet,1978,157000.0,93000.0,592.4,0.5923566878980892,,
Ghana,Millet,1979,250000.0,149000.0,596.0,0.596,,
Ghana,Millet,1980,139000.0,82000.0,589.9,0.5899280575539568,,
Ghana,Millet,1981,157000.0,119000.0,758.0,0.7579617834394905,,
Ghana,Millet,1982,172000.0,120000.0,697.7,0.6976744186046512,,
Ghana,Millet,1983,175000.0,114000.0,651.4,0.6514285714285715,,
Ghana,Millet,1984,231000.0,139000.0,601.7,0.6017316017316018,,
Ghana,Millet,1985,185000.0,112000.0,605.4,0.6054054054054054,,
Ghana,Millet,1986,156000.0,110000.0,705.1,0.7051282051282052,,
Ghana,Millet,1987,235000.0,173100.0,736.6,0.7365957446808511,,
Ghana,Millet,1988,228000.0,139000.0,609.6,0.6096491228070176,,
Ghana,Millet,1989,244000.0,180000.0,737.7,0.7377049180327869,,
Ghana,Millet,1990,124000.0,74500.0,600.8,0.6008064516129032,,
Ghana,Millet,1991,208500.0,112400.0,539.1,0.5390887290167866,308.8,34709120.0
Ghana,Millet,1992,209700.0,133300.0,635.7,0.6356700047687173,323.6,43135880.0
Ghana,Millet,1993,203700.0,198100.0,972.5,0.9725085910652921,231.0,45761100.0
Ghana,Millet,1994,191200.0,167826.0,877.8,0.8777510460251046,156.6,26281551.599999998
Ghana,Millet,1995,204000.0,200800.0,984.3,0.984313725490196,245.2,49236160.0
Ghana,Millet,1996,189600.0,193300.0,1019.5,1.0195147679324894,261.4,50528619.99999999
Ghana,Millet,1997,170000.0,143500.0,844.1,0.8441176470588235,367.1,52678850.0
Ghana,Millet,1998,180730.0,172000.0,951.7,0.9516958999612682,405.6,69763200.0
Ghana,Millet,1999,186000.0,159750.0,858.9,0.8588709677419355,291.4,46551150.0
Ghana,Millet,2000,208000.0,169400.0,814.4,0.8144230769230769,206.2,34930280.0
Ghana,Millet,2001,192972.0,134370.0,696.3,0.6963186369006903,320.9,43119333.0
Ghana,Millet,2002,198010.0,159120.0,803.6,0.8035957779910106,283.9,45174168.0
Ghana,Millet,2003,206600.0,175740.0,850.6,0.8506292352371733,264.2,46430508.0
Ghana,Millet,2004,182232.0,143798.0,789.1,0.7890930242767461,299.8,43110640.4
Ghana,Millet,2005,185000.0,185000.0,1000.0,1.0,495.8,91723000.0
Ghana,Millet,2006,200000.0,165000.0,825.0,0.825,474.8,78342000.0
Ghana,Millet,2007,162710.0,113040.0,694.7,0.6947329604818389,432.5,48889800.0
Ghana,Millet,2008,182230.0,193840.0,1063.7,1.0637106952752016,616.2,119444208.00000001
Ghana,Millet,2009,186700.0,245550.0,1315.2,1.3152115693626139,566.4,139079520.0
Ghana,Millet,2010,176600.0,218952.0,1239.8,1.239818799546999,567.7,124299050.4
Ghana,Millet,2011,178676.0,183922.0,1029.4,1.0293604065459268,591.7,108826647.4
Ghana,Millet,2012,172470.0,179684.0,1041.8,1.0418275642140662,,
Ghana,Millet,2013,160737.0,155131.0,965.1,0.9651231514834793,,
Ghana,Millet,2014,162000.0,155000.0,956.8,0.9567901234567902,,
Ghana,Millet,2015,162236.0,157369.21,970.0,0.9700017875194161,,
Ghana,Millet,2016,162263.0,159017.27,980.0,0.9799971034678269,492.2,78268300.294
Ghana,Millet,2017,153714.0,163483.97,1063.6,1.0635594025267705,311.7,50957953.449
Ghana,Millet,2018,142000.0,181564.3,1278.6,1.2786218309859154,383.1,69557283.33
Ghana,Millet,2019,148000.0,230000.0,1554.1,1.554054054054054,333.5,76705000.0
Ghana,Millet,2020,139000.0,236000.0,1697.8,1.6978417266187051,368.5,86966000.0
Ghana,Millet,2021,125000.0,188000.0,1504.0,1.504,567.8,106746399.99999999
Ghana,Millet,2022,138927.0,196308.0,1413.0,1.4130298646051525,584.5,114742026.0
Ghana,Millet,2023,163137.0,244000.0,1495.7,1.4956754139159112,,
Ghana,Millet,2024,135281.0,210000.0,1552.3,1.5523244210199512,,
Ghana,Rice,1961,27518.0,30400.0,1104.7,1.1047314485064321,,
Ghana,Rice,1962,28000.0,31000.0,1107.1,1.1071428571428572,,
Ghana,Rice,1963,32374.0,32514.0,1004.3,1.0043244578983135,,
Ghana,Rice,1964,42653.0,42877.0,1005.3,1.0052516821794482,,
Ghana,Rice,1965,32306.0,32615.0,1009.6,1.0095647867269237,,
Ghana,Rice,1966,33000.0,38000.0,1151.5,1.1515151515151516,,
Ghana,Rice,1967,43705.0,52327.0,1197.3,1.1972771994051024,,
Ghana,Rice,1968,45729.0,65332.0,1428.7,1.428677644383214,,
Ghana,Rice,1969,49000.0,60963.0,1244.1,1.2441428571428572,,
Ghana,Rice,1970,55000.0,48800.0,887.3,0.8872727272727273,,
Ghana,Rice,1971,60700.0,54900.0,904.4,0.9044481054365733,,
Ghana,Rice,1972,70000.0,70100.0,1001.4,1.0014285714285713,,
Ghana,Rice,1973,66000.0,62000.0,939.4,0.9393939393939394,,
Ghana,Rice,1974,66800.0,73200.0,1095.8,1.095808383233533,,
Ghana,Rice,1975,78500.0,71100.0,905.7,0.9057324840764331,,
Ghana,Rice,1976,77000.0,69800.0,906.5,0.9064935064935065,,
Ghana,Rice,1977,129000.0,109000.0,845.0,0.8449612403100775,,
Ghana,Rice,1978,123000.0,108000.0,878.0,0.8780487804878049,,
Ghana,Rice,1979,105000.0,93000.0,885.7,0.8857142857142857,,
Ghana,Rice,1980,99000.0,78000.0,787.9,0.7878787878787878,,
Ghana,Rice,1981,116000.0,97000.0,836.2,0.8362068965517241,,
Ghana,Rice,1982,61000.0,36000.0,590.2,0.5901639344262295,,
Ghana,Rice,1983,40000.0,40000.0,1000.0,1.0,,
Ghana,Rice,1984,69000.0,65000.0,942.0,0.9420289855072463,,
Ghana,Rice,1985,68000.0,80000.0,1176.5,1.1764705882352942,,
Ghana,Rice,1986,76100.0,69600.0,914.6,0.9145860709592641,,
Ghana,Rice,1987,72000.0,80700.0,1120.8,1.1208333333333333,,
Ghana,Rice,1988,51800.0,95000.0,1834.0,1.833976833976834,,
Ghana,Rice,1989,71600.0,73700.0,1029.3,1.0293296089385475,,
Ghana,Rice,1990,49000.0,80900.0,1651.0,1.6510204081632653,,
Ghana,Rice,1991,94900.0,150900.0,1590.1,1.590094836670179,417.1,62940390.0
Ghana,Rice,1992,79700.0,131500.0,1649.9,1.6499372647427855,361.3,47510950.0
Ghana,Rice,1993,77200.0,157400.0,2038.9,2.038860103626943,387.2,60945280.0
Ghana,Rice,1994,80900.0,162300.0,2006.2,2.0061804697156984,368.1,59742630.0
Ghana,Rice,1995,99900.0,201720.0,2019.2,2.0192192192192193,393.7,79417164.0
Ghana,Rice,1996,105250.0,215720.0,2049.6,2.0495961995249408,486.4,104926208.0
Ghana,Rice,1997,117700.0,197100.0,1674.6,1.6745964316057773,507.3,99988830.0
Ghana,Rice,1998,130400.0,193600.0,1484.7,1.4846625766871167,469.7,90933920.0
Ghana,Rice,1999,105300.0,209750.0,1991.9,1.9919278252611585,431.9,90591025.0
Ghana,Rice,2000,115200.0,248700.0,2158.9,2.1588541666666665,307.0,76350900.0
Ghana,Rice,2001,136039.0,274596.0,2018.5,2.0185093980402677,355.8,97701256.8
Ghana,Rice,2002,122810.0,280000.0,2279.9,2.279944629916131,349.6,97888000.0
Ghana,Rice,2003,117000.0,238810.0,2041.1,2.0411111111111113,371.3,88670153.0
Ghana,Rice,2004,119392.0,241807.0,2025.3,2.0253199544358083,472.1,114157084.7
Ghana,Rice,2005,120000.0,287000.0,2391.7,2.3916666666666666,578.4,166000800.0
Ghana,Rice,2006,125000.0,250000.0,2000.0,2.0,600.4,150100000.0
Ghana,Rice,2007,108930.0,185340.0,1701.5,1.7014596529881576,622.4,115355616.0
Ghana,Rice,2008,132800.0,301920.0,2273.5,2.2734939759036146,821.4,247997088.0
Ghana,Rice,2009,162360.0,391440.0,2410.9,2.410938654841094,503.6,197129184.0
Ghana,Rice,2010,181228.0,491603.0,2712.6,2.7126216699406274,488.3,240049744.9
Ghana,Rice,2011,197480.0,463975.0,2349.5,2.34947842819526,503.4,233565015.0
Ghana,Rice,2012,189529.0,481134.0,2538.6,2.538577209820133,,
Ghana,Rice,2013,215905.0,569524.0,2637.8,2.6378453486487112,,
Ghana,Rice,2014,224000.0,604000.0,2696.4,2.6964285714285716,,
Ghana,Rice,2015,233270.0,641491.54,2750.0,2.749995884597248,,
Ghana,Rice,2016,243858.0,687678.93,2820.0,2.819997416529292,,
Ghana,Rice,2017,241700.0,722080.11,2987.5,2.987505626810095,202.3,146076806.253
Ghana,Rice,2018,206000.0,769400.87,3735.0,3.7349556796116503,322.4,248054840.48799998
Ghana,Rice,2019,282000.0,925000.0,3280.1,3.280141843971631,273.4,252894999.99999997
Ghana,Rice,2020,291000.0,973000.0,3343.6,3.343642611683849,408.6,397567800.0
Ghana,Rice,2021,357000.0,1143000.0,3201.7,3.2016806722689077,473.3,540981900.0
Ghana,Rice,2022,382000.0,1283000.0,3358.6,3.358638743455497,448.6,575553800.0
Ghana,Rice,2023,443200.0,1443000.0,3255.9,3.25586642599278,,
Ghana,Rice,2024,472900.0,1721200.0,3639.7,3.639670120532882,,
Ghana,Sorghum,1961,150000.0,100000.0,666.7,0.6666666666666666,,
Ghana,Sorghum,1962,155000.0,105000.0,677.4,0.6774193548387096,,
Ghana,Sorghum,1963,161872.0,108870.0,672.6,0.6725684491450035,,
Ghana,Sorghum,1964,166202.0,115017.0,692.0,0.6920313834971902,,
Ghana,Sorghum,1965,155727.0,90428.0,580.7,0.5806828616745973,,
Ghana,Sorghum,1966,175600.0,127500.0,726.1,0.7260820045558086,,
Ghana,Sorghum,1967,145000.0,97642.0,673.4,0.6733931034482759,,
Ghana,Sorghum,1968,151000.0,83316.0,551.8,0.5517615894039735,,
Ghana,Sorghum,1969,150000.0,82700.0,551.3,0.5513333333333333,,
Ghana,Sorghum,1970,242800.0,185900.0,765.7,0.765650741350906,,
Ghana,Sorghum,1971,233100.0,172700.0,740.9,0.7408837408837409,,
Ghana,Sorghum,1972,200300.0,152400.0,760.9,0.7608587119321019,,
Ghana,Sorghum,1973,221000.0,166600.0,753.8,0.7538461538461538,,
Ghana,Sorghum,1974,216100.0,176800.0,818.1,0.8181397501156872,,
Ghana,Sorghum,1975,208000.0,135100.0,649.5,0.6495192307692308,,
Ghana,Sorghum,1976,249000.0,189000.0,759.0,0.7590361445783133,,
Ghana,Sorghum,1977,175000.0,131000.0,748.6,0.7485714285714286,,
Ghana,Sorghum,1978,160000.0,121000.0,756.3,0.75625,,
Ghana,Sorghum,1979,211000.0,158000.0,748.8,0.7488151658767772,,
Ghana,Sorghum,1980,261000.0,132000.0,505.7,0.5057471264367817,,
Ghana,Sorghum,1981,198000.0,131000.0,661.6,0.6616161616161617,,
Ghana,Sorghum,1982,216000.0,126000.0,583.3,0.5833333333333334,,
Ghana,Sorghum,1983,220000.0,106000.0,481.8,0.4818181818181818,,
Ghana,Sorghum,1984,252000.0,172000.0,682.5,0.6825396825396826,,
Ghana,Sorghum,1985,202000.0,145000.0,717.8,0.7178217821782178,,
Ghana,Sorghum,1986,176000.0,128000.0,727.3,0.7272727272727273,,
Ghana,Sorghum,1987,271600.0,205900.0,758.1,0.758100147275405,,
Ghana,Sorghum,1988,226000.0,161000.0,712.4,0.7123893805309734,,
Ghana,Sorghum,1989,286000.0,215000.0,751.7,0.7517482517482518,,
Ghana,Sorghum,1990,215200.0,135800.0,631.0,0.6310408921933085,,
Ghana,Sorghum,1991,262600.0,241400.0,919.3,0.9192688499619193,217.6,52528640.0
Ghana,Sorghum,1992,307300.0,258800.0,842.2,0.8421737715587374,258.0,66770400.0
Ghana,Sorghum,1993,309600.0,328300.0,1060.4,1.0604005167958657,175.3,57550990.00000001
Ghana,Sorghum,1994,299200.0,323881.0,1082.5,1.0824899732620321,133.5,43238113.5
Ghana,Sorghum,1995,334500.0,360100.0,1076.5,1.0765321375186847,213.2,76773320.0
Ghana,Sorghum,1996,314300.0,353419.0,1124.5,1.1244638880050908,267.3,94468898.7
Ghana,Sorghum,1997,323600.0,332600.0,1027.8,1.0278121137206429,300.8,100046080.0
Ghana,Sorghum,1998,332360.0,387400.0,1165.6,1.1656035624022145,319.1,123619340.00000001
Ghana,Sorghum,1999,311700.0,302020.0,968.9,0.9689444979146615,230.1,69494802.0
Ghana,Sorghum,2000,288700.0,279800.0,969.2,0.969172151021822,153.2,42865360.0
Ghana,Sorghum,2001,329103.0,279712.0,849.9,0.8499223647307985,242.8,67914073.60000001
Ghana,Sorghum,2002,337150.0,316070.0,937.5,0.9374759009343022,243.0,76805010.0
Ghana,Sorghum,2003,346000.0,337670.0,975.9,0.9759248554913295,216.3,73038021.0
Ghana,Sorghum,2004,298107.0,287000.0,962.7,0.9627415659477973,264.7,75968900.0
Ghana,Sorghum,2005,305000.0,305000.0,1000.0,1.0,424.8,129564000.0
Ghana,Sorghum,2006,320000.0,315000.0,984.4,0.984375,362.9,114313500.0
Ghana,Sorghum,2007,208470.0,154830.0,742.7,0.7426967909051662,349.3,54082119.0
Ghana,Sorghum,2008,275860.0,330950.0,1199.7,1.1997027477706084,512.0,169446400.0
Ghana,Sorghum,2009,267210.0,350550.0,1311.9,1.3118895250926237,466.6,163566630.0
Ghana,Sorghum,2010,252555.0,324422.0,1284.6,1.2845597988556947,468.7,152056591.4
Ghana,Sorghum,2011,243482.0,287069.0,1179.0,1.1790152865509564,504.7,144883724.29999998
Ghana,Sorghum,2012,230841.0,279983.0,1212.9,1.2128824602215378,,
Ghana,Sorghum,2013,225819.0,256736.0,1136.9,1.1369105345431518,,
Ghana,Sorghum,2014,227000.0,259000.0,1141.0,1.1409691629955947,,
Ghana,Sorghum,2015,228393.0,262651.9,1150.0,1.149999781079105,,
Ghana,Sorghum,2016,229604.0,229604.44,1000.0,1.0000019163429208,385.4,88489551.176
Ghana,Sorghum,2017,208799.0,230000.0,1101.5,1.1015378426141889,227.5,52325000.0
Ghana,Sorghum,2018,275838.0,316236.09,1146.5,1.1464558545233072,314.8,99551121.13200001
Ghana,Sorghum,2019,300000.0,345000.0,1150.0,1.15,256.5,88492500.0
Ghana,Sorghum,2020,304000.0,356000.0,1171.1,1.1710526315789473,311.1,110751600.00000001
Ghana,Sorghum,2021,310000.0,324000.0,1045.2,1.0451612903225806,455.2,147484800.0
Ghana,Sorghum,2022,310000.0,401499.0,1295.2,1.2951580645161291,464.4,186456135.6
Ghana,Sorghum,2023,310000.0,413000.0,1332.3,1.332258064516129,,
Ghana,Sorghum,2024,380192.0,479000.0,1259.9,1.2598897399208822,,
Ghana,Yam,1961,150000.0,1100000.0,7333.3,7.333333333333333,,
Ghana,Yam,1962,150000.0,1100000.0,7333.3,7.333333333333333,,
Ghana,Yam,1963,162000.0,1099000.0,6784.0,6.783950617283951,,
Ghana,Yam,1964,171000.0,1153000.0,6742.7,6.742690058479532,,
Ghana,Yam,1965,95000.0,1055000.0,11105.3,11.105263157894736,,
Ghana,Yam,1966,87000.0,874000.0,10046.0,10.045977011494253,,
Ghana,Yam,1967,99000.0,1133800.0,11452.5,11.452525252525252,,
Ghana,Yam,1968,119000.0,1236000.0,10386.6,10.38655462184874,,
Ghana,Yam,1969,117000.0,1325000.0,11324.8,11.324786324786325,,
Ghana,Yam,1970,172000.0,909000.0,5284.9,5.284883720930233,,
Ghana,Yam,1971,172000.0,909000.0,5284.9,5.284883720930233,,
Ghana,Yam,1972,134000.0,679000.0,5067.2,5.067164179104478,,
Ghana,Yam,1973,130000.0,686000.0,5276.9,5.276923076923077,,
Ghana,Yam,1974,133000.0,850000.0,6391.0,6.390977443609023,,
Ghana,Yam,1975,117000.0,709000.0,6059.8,6.05982905982906,,
Ghana,Yam,1976,100000.0,575000.0,5750.0,5.75,,
Ghana,Yam,1977,89000.0,535000.0,6011.2,6.01123595505618,,
Ghana,Yam,1978,95000.0,544000.0,5726.3,5.726315789473684,,
Ghana,Yam,1979,105000.0,602000.0,5733.3,5.733333333333333,,
Ghana,Yam,1980,113000.0,650000.0,5752.2,5.752212389380531,,
Ghana,Yam,1981,116000.0,591000.0,5094.8,5.094827586206897,,
Ghana,Yam,1982,111000.0,588000.0,5297.3,5.297297297297297,,
Ghana,Yam,1983,143000.0,866000.0,6055.9,6.055944055944056,,
Ghana,Yam,1984,223000.0,1178000.0,5282.5,5.2825112107623315,,
Ghana,Yam,1985,178000.0,987000.0,5544.9,5.544943820224719,,
Ghana,Yam,1986,179000.0,1048100.0,5855.3,5.855307262569832,,
Ghana,Yam,1987,204400.0,1185400.0,5799.4,5.799412915851272,,
Ghana,Yam,1988,168300.0,902000.0,5359.5,5.359477124183006,,
Ghana,Yam,1989,217000.0,1258000.0,5797.2,5.797235023041475,,
Ghana,Yam,1990,119400.0,877000.0,7345.1,7.345058626465661,,
Ghana,Yam,1991,227300.0,2631900.0,11579.0,11.578970523537176,296.3,779831970.0
Ghana,Yam,1992,224100.0,2331400.0,10403.4,10.40339134315038,281.2,655589680.0
Ghana,Yam,1993,206700.0,2720300.0,13160.6,13.160619254958878,220.7,600370210.0
Ghana,Yam,1994,154200.0,1700140.0,11025.6,11.025551232166018,190.5,323876670.0
Ghana,Yam,1995,176100.0,2125700.0,12071.0,12.070982396365702,252.4,536526680.0
Ghana,Yam,1996,178006.0,2274790.0,12779.3,12.779288338595329,596.1,1356002319.0
Ghana,Yam,1997,187400.0,2407900.0,12849.0,12.84898612593383,277.5,668192250.0
Ghana,Yam,1998,210920.0,2702900.0,12814.8,12.814811302863644,414.5,1120352050.0
Ghana,Yam,1999,242700.0,3249040.0,13387.1,13.387062216728472,249.7,811285288.0
Ghana,Yam,2000,261000.0,3362900.0,12884.7,12.884674329501916,158.0,531338200.0
Ghana,Yam,2001,287386.0,3546739.0,12341.4,12.341377102572846,199.6,707929104.4
Ghana,Yam,2002,300010.0,3900000.0,12999.6,12.999566681110629,212.0,826800000.0
Ghana,Yam,2003,321400.0,3812800.0,11863.1,11.86309894212819,213.9,815557920.0
Ghana,Yam,2004,310834.0,3892259.0,12522.0,12.521986011826248,240.6,936477515.4
Ghana,Yam,2005,363000.0,3923000.0,10807.2,10.807162534435262,293.9,1152969700.0
Ghana,Yam,2006,325000.0,4288000.0,13193.8,13.193846153846154,299.0,1282112000.0
Ghana,Yam,2007,323590.0,4375990.0,13523.3,13.523254735931271,350.6,1534222094.0
Ghana,Yam,2008,347570.0,4894850.0,14083.1,14.083062404695458,382.8,1873748580.0
Ghana,Yam,2009,378740.0,5777850.0,15255.5,15.255452289169352,341.0,1970246850.0
Ghana,Yam,2010,384942.0,5960486.0,15484.1,15.484114489975113,405.7,2418169170.2
Ghana,Yam,2011,403798.0,6295453.0,15590.6,15.590599755323206,427.9,2693824338.7
Ghana,Yam,2012,426343.0,6638867.0,15571.7,15.571657092997892,,
Ghana,Yam,2013,421558.0,7074574.0,16782.0,16.781970689679714,,
Ghana,Yam,2014,428000.0,7119000.0,16633.2,16.63317757009346,,
Ghana,Yam,2015,430198.0,7296150.36,16960.0,16.95998205477478,,
Ghana,Yam,2016,438183.0,7440354.5,16980.0,16.98001634020489,439.3,3268547731.85
Ghana,Yam,2017,458480.0,7856898.64,17136.8,17.13684051648927,281.6,2212502657.024
Ghana,Yam,2018,470000.0,7858208.58,16719.6,16.719592723404254,423.8,3330308796.204
Ghana,Yam,2019,500000.0,8754000.0,17508.0,17.508,276.8,2423107200.0
Ghana,Yam,2020,505000.0,8946000.0,17714.9,17.714851485148515,364.5,3260817000.0
Ghana,Yam,2021,551000.0,10278000.0,18653.4,18.653357531760435,530.9,5456590200.0
Ghana,Yam,2022,580707.0,10702900.69,18430.8,18.43081052923419,480.9,5147024941.820999
Ghana,Yam,2023,568184.0,10551330.91,18570.3,18.570271091759007,,
Ghana,Yam,2024,536529.0,10113013.74,18849.0,18.848960149404785,,
Kenya,Cassava,1961,55000.0,420000.0,7636.4,7.636363636363637,,
Kenya,Cassava,1962,56000.0,430000.0,7678.6,7.678571428571429,,
Kenya,Cassava,1963,57000.0,440000.0,7719.3,7.719298245614035,,
Kenya,Cassava,1964,58000.0,450000.0,7758.6,7.758620689655173,,
Kenya,Cassava,1965,59000.0,460000.0,7796.6,7.796610169491525,,
Kenya,Cassava,1966,60000.0,470000.0,7833.3,7.833333333333333,,
Kenya,Cassava,1967,61000.0,480000.0,7868.9,7.868852459016393,,
Kenya,Cassava,1968,62000.0,490000.0,7903.2,7.903225806451613,,
Kenya,Cassava,1969,63000.0,500000.0,7936.5,7.936507936507937,,
Kenya,Cassava,1970,64000.0,510000.0,7968.8,7.96875,,
Kenya,Cassava,1971,65000.0,520000.0,8000.0,8.0,,
Kenya,Cassava,1972,66000.0,530000.0,8030.3,8.030303030303031,,
Kenya,Cassava,1973,67000.0,540000.0,8059.7,8.059701492537313,,
Kenya,Cassava,1974,68000.0,550000.0,8088.2,8.088235294117647,,
Kenya,Cassava,1975,70000.0,560000.0,8000.0,8.0,,
Kenya,Cassava,1976,74000.0,605000.0,8175.7,8.175675675675675,,
Kenya,Cassava,1977,79000.0,610000.0,7721.5,7.7215189873417724,,
Kenya,Cassava,1978,80000.0,620000.0,7750.0,7.75,,
Kenya,Cassava,1979,80000.0,630000.0,7875.0,7.875,,
Kenya,Cassava,1980,80500.0,635000.0,7888.2,7.888198757763975,,
Kenya,Cassava,1981,42000.0,500000.0,11904.8,11.904761904761905,,
Kenya,Cassava,1982,75000.0,390000.0,5200.0,5.2,,
Kenya,Cassava,1983,84000.0,840000.0,10000.0,10.0,,
Kenya,Cassava,1984,46000.0,230000.0,5000.0,5.0,,
Kenya,Cassava,1985,50000.0,635245.0,12704.9,12.7049,,
Kenya,Cassava,1986,53885.0,459450.0,8526.5,8.526491602486777,,
Kenya,Cassava,1987,64800.0,550800.0,8500.0,8.5,,
Kenya,Cassava,1988,70000.0,650000.0,9285.7,9.285714285714286,,
Kenya,Cassava,1989,57370.0,567908.0,9899.0,9.899041310789611,,
Kenya,Cassava,1990,53282.0,578098.0,10849.8,10.849780413648137,,
Kenya,Cassava,1991,50000.0,500000.0,10000.0,10.0,54.5,27250000.0
Kenya,Cassava,1992,51369.0,526337.0,10246.2,10.2461990694777,46.6,24527304.2
Kenya,Cassava,1993,49822.0,512849.0,10293.6,10.293625306089679,,
Kenya,Cassava,1994,51019.0,465789.0,9129.7,9.129716380172093,,
Kenya,Cassava,1995,46685.0,446121.0,9556.0,9.555981578665524,,
Kenya,Cassava,1996,66459.0,739983.0,11134.4,11.134428745542364,108.6,80362153.8
Kenya,Cassava,1997,54590.0,518269.0,9493.8,9.493845026561642,,
Kenya,Cassava,1998,57094.0,460000.0,8056.9,8.056888639787019,,
Kenya,Cassava,1999,66467.0,678666.0,10210.6,10.210570659124077,,
Kenya,Cassava,2000,60273.0,418621.0,6945.4,6.9454150282879565,,
Kenya,Cassava,2001,78332.0,608493.0,7768.1,7.7681279681356274,90.9,55312013.7
Kenya,Cassava,2002,81967.0,601976.0,7344.1,7.344126294728366,86.1,51830133.599999994
Kenya,Cassava,2003,53635.0,423795.0,7901.5,7.901463596532115,98.8,41870946.0
Kenya,Cassava,2004,57916.0,642868.0,11100.0,11.10000690655432,101.0,64929668.0
Kenya,Cassava,2005,38218.0,347819.0,9100.9,9.100921031974462,86.0,29912434.0
Kenya,Cassava,2006,68502.0,656633.0,9585.6,9.585603340048467,90.2,59228296.6
Kenya,Cassava,2007,53610.0,397705.0,7418.5,7.418485357209476,148.5,59059192.5
Kenya,Cassava,2008,54672.0,750964.0,13735.8,13.73580626280363,167.2,125561180.8
Kenya,Cassava,2009,70425.0,819967.0,11643.1,11.643123890663826,204.3,167519258.10000002
Kenya,Cassava,2010,61573.0,323389.0,5252.1,5.252123495688045,188.8,61055843.2
Kenya,Cassava,2011,60473.0,679167.0,11230.9,11.230912969424372,186.2,126460895.39999999
Kenya,Cassava,2012,73144.0,930922.0,12727.3,12.727250355463196,267.6,249114727.20000002
Kenya,Cassava,2013,65634.0,935089.0,14247.0,14.247021360880032,213.5,199641501.5
Kenya,Cassava,2014,63725.0,858461.0,13471.3,13.471337779521381,252.6,216847248.6
Kenya,Cassava,2015,50354.0,709926.0,14098.7,14.098701195535607,235.6,167258565.6
Kenya,Cassava,2016,46535.0,571848.0,12288.6,12.288557000107446,,
Kenya,Cassava,2017,68435.0,789830.0,11541.3,11.54131657777453,,
Kenya,Cassava,2018,61592.0,945990.91,15359.0,15.35898996622938,,
Kenya,Cassava,2019,59630.0,845342.0,14176.5,14.176454804628543,500.0,422671000.0
Kenya,Cassava,2020,61754.0,886722.31,14358.9,14.358945331476505,507.3,449834227.86300004
Kenya,Cassava,2021,61201.0,711890.0,11632.0,11.631999477132727,490.3,349039667.0
Kenya,Cassava,2022,72247.0,1087300.0,15049.8,15.049759851620136,290.3,315643190.0
Kenya,Cassava,2023,76012.0,1187800.0,15626.5,15.62648002946903,232.9,276638620.0
Kenya,Cassava,2024,81944.0,1207537.34,14736.1,14.736128819681735,204.2,246579124.828
Kenya,Cowpea,1989,109070.0,51809.0,475.0,0.47500687631796096,,
Kenya,Cowpea,1990,119413.0,59802.0,500.8,0.5007997454213527,,
Kenya,Cowpea,1991,120000.0,59940.0,499.5,0.4995,,
Kenya,Cowpea,1992,155000.0,68601.0,442.6,0.44258709677419356,,
Kenya,Cowpea,1993,140000.0,82926.0,592.3,0.5923285714285714,,
Kenya,Cowpea,1994,136000.0,76590.0,563.2,0.5631617647058823,,
Kenya,Cowpea,1995,117770.0,34832.0,295.8,0.29576292774051116,,
Kenya,Cowpea,1996,86052.0,54213.0,630.0,0.6300027890112955,,
Kenya,Cowpea,1997,93055.0,30382.0,326.5,0.32649508355273765,,
Kenya,Cowpea,1998,105142.0,23257.0,221.2,0.2211960967073101,,
Kenya,Cowpea,1999,118797.0,53942.0,454.1,0.45406870543868955,,
Kenya,Cowpea,2000,100300.0,38264.0,381.5,0.3814955134596211,,
Kenya,Cowpea,2001,128077.0,49264.0,384.6,0.384643612826659,226.3,11148443.200000001
Kenya,Cowpea,2002,122398.0,59428.0,485.5,0.4855308093269498,246.9,14672773.200000001
Kenya,Cowpea,2003,151679.0,46967.0,309.6,0.30964734735856647,263.4,12371107.799999999
Kenya,Cowpea,2004,125189.0,29321.0,234.2,0.23421386863063048,350.8,10285806.8
Kenya,Cowpea,2005,72654.0,36184.0,498.0,0.4980317670052578,294.1,10641714.4
Kenya,Cowpea,2006,161971.0,87808.0,542.1,0.5421217378419594,393.0,34508544.0
Kenya,Cowpea,2007,130163.0,83251.0,639.6,0.6395903597796608,478.7,39852253.699999996
Kenya,Cowpea,2008,148157.0,47958.0,323.7,0.3236971590947441,726.5,34841487.0
Kenya,Cowpea,2009,124302.0,60152.0,483.9,0.48391819922446944,897.7,53998450.400000006
Kenya,Cowpea,2010,168273.0,72274.0,429.5,0.4295044362434853,671.7,48546445.800000004
Kenya,Cowpea,2011,197980.0,81534.0,411.8,0.4118294777250227,772.9,63017628.6
Kenya,Cowpea,2012,212730.0,112948.0,530.9,0.5309453297607296,730.1,82463334.8
Kenya,Cowpea,2013,250798.0,133756.0,533.3,0.533321637333631,687.6,91970625.60000001
Kenya,Cowpea,2014,281877.0,138673.0,492.0,0.4919628064723266,,
Kenya,Cowpea,2015,238625.0,173057.0,725.2,0.7252257726558408,,
Kenya,Cowpea,2016,227809.0,146806.6,644.4,0.6444284466373146,,
Kenya,Cowpea,2017,192345.0,122682.0,637.8,0.6378226624034937,,
Kenya,Cowpea,2018,259235.0,193891.74,747.9,0.747938125638899,,
Kenya,Cowpea,2019,242275.0,222394.0,917.9,0.917940357032298,591.6,131568290.4
Kenya,Cowpea,2020,239131.0,264160.36,1104.7,1.1046679853302164,549.9,145261781.964
Kenya,Cowpea,2021,235984.0,125442.0,531.6,0.5315699369448776,290.8,36478533.6
Kenya,Cowpea,2022,199920.0,115608.0,578.3,0.5782713085234094,337.6,39029260.800000004
Kenya,Cowpea,2023,249384.0,171803.0,688.9,0.6889094729413274,387.1,66504941.300000004
Kenya,Cowpea,2024,234351.0,78122.19,333.4,0.33335547960111117,409.6,31998849.024000004
Kenya,Groundnut,1961,1700.0,1015.0,597.1,0.5970588235294118,,
Kenya,Groundnut,1962,3220.0,1930.0,599.4,0.5993788819875776,,
Kenya,Groundnut,1963,6440.0,3861.0,599.5,0.5995341614906833,,
Kenya,Groundnut,1964,6100.0,3658.0,599.7,0.599672131147541,,
Kenya,Groundnut,1965,6200.0,3700.0,596.8,0.5967741935483871,,
Kenya,Groundnut,1966,6200.0,3700.0,596.8,0.5967741935483871,,
Kenya,Groundnut,1967,4190.0,2516.0,600.5,0.6004773269689737,,
Kenya,Groundnut,1968,6200.0,3760.0,606.5,0.6064516129032258,,
Kenya,Groundnut,1969,4000.0,2254.0,563.5,0.5635,,
Kenya,Groundnut,1970,4000.0,3000.0,750.0,0.75,,
Kenya,Groundnut,1971,5000.0,3015.0,603.0,0.603,,
Kenya,Groundnut,1972,7000.0,4000.0,571.4,0.5714285714285714,,
Kenya,Groundnut,1973,8500.0,5000.0,588.2,0.5882352941176471,,
Kenya,Groundnut,1974,10000.0,6000.0,600.0,0.6,,
Kenya,Groundnut,1975,12500.0,7500.0,600.0,0.6,,
Kenya,Groundnut,1976,13000.0,7900.0,607.7,0.6076923076923076,,
Kenya,Groundnut,1977,13000.0,7900.0,607.7,0.6076923076923076,,
Kenya,Groundnut,1978,13200.0,7920.0,600.0,0.6,,
Kenya,Groundnut,1979,13500.0,7950.0,588.9,0.5888888888888889,,
Kenya,Groundnut,1980,13800.0,7970.0,577.5,0.577536231884058,,
Kenya,Groundnut,1981,7000.0,5000.0,714.3,0.7142857142857143,,
Kenya,Groundnut,1982,3078.0,1521.0,494.2,0.49415204678362573,,
Kenya,Groundnut,1983,5000.0,3000.0,600.0,0.6,,
Kenya,Groundnut,1984,11000.0,7000.0,636.4,0.6363636363636364,,
Kenya,Groundnut,1985,13000.0,8500.0,653.8,0.6538461538461539,,
Kenya,Groundnut,1986,14000.0,9000.0,642.9,0.6428571428571429,,
Kenya,Groundnut,1987,14000.0,9000.0,642.9,0.6428571428571429,,
Kenya,Groundnut,1988,15700.0,10000.0,636.9,0.6369426751592356,,
Kenya,Groundnut,1989,18300.0,11459.0,626.2,0.6261748633879781,,
Kenya,Groundnut,1990,19412.0,6215.0,320.2,0.3201627859056254,,
Kenya,Groundnut,1991,23000.0,16831.0,731.8,0.7317826086956521,363.5,6118068.5
Kenya,Groundnut,1992,18000.0,11000.0,611.1,0.6111111111111112,465.6,5121600.0
Kenya,Groundnut,1993,19019.0,13843.96,727.9,0.7279015721120984,,
Kenya,Groundnut,1994,20000.0,13000.0,650.0,0.65,,
Kenya,Groundnut,1995,18000.0,11000.0,611.1,0.6111111111111112,,
Kenya,Groundnut,1996,16432.0,17000.0,1034.6,1.034566699123661,,
Kenya,Groundnut,1997,17853.0,11432.0,640.3,0.6403405590096902,,
Kenya,Groundnut,1998,10082.0,15792.0,1566.4,1.5663558817694903,,
Kenya,Groundnut,1999,17500.0,30768.0,1758.2,1.7581714285714285,,
Kenya,Groundnut,2000,17000.0,30000.0,1764.7,1.7647058823529411,,
Kenya,Groundnut,2001,16077.0,23104.09,1437.1,1.4370896311500903,,
Kenya,Groundnut,2002,14600.0,21000.0,1438.4,1.4383561643835616,,
Kenya,Groundnut,2003,14890.0,21000.0,1410.4,1.4103425117528543,,
Kenya,Groundnut,2004,15764.0,21000.0,1332.1,1.3321492007104796,,
Kenya,Groundnut,2005,17561.0,21000.0,1195.8,1.1958316724560105,,
Kenya,Groundnut,2006,19155.0,24760.11,1292.6,1.29261863743148,,
Kenya,Groundnut,2007,22957.0,29908.0,1302.8,1.302783464738424,,
Kenya,Groundnut,2008,18981.0,17126.0,902.3,0.9022706917443759,944.9,16182357.4
Kenya,Groundnut,2009,20640.0,21454.0,1039.4,1.0394379844961241,942.0,20209668.0
Kenya,Groundnut,2010,19291.0,10894.0,564.7,0.5647192991550464,981.0,10687014.0
Kenya,Groundnut,2011,13504.0,12803.0,948.1,0.9480894549763034,1066.1,13649278.299999999
Kenya,Groundnut,2012,16387.0,24639.0,1503.6,1.5035699029718679,1171.1,28854732.9
Kenya,Groundnut,2013,17311.0,94072.0,5434.2,5.434232568886835,1209.2,113751862.4
Kenya,Groundnut,2014,21611.0,56149.0,2598.2,2.598167599833418,650.0,36496850.0
Kenya,Groundnut,2015,11094.0,28574.0,2575.6,2.575626464755724,737.8,21081897.2
Kenya,Groundnut,2016,5725.0,10687.2,1866.8,1.866759825327511,914.0,9768100.8
Kenya,Groundnut,2017,12407.0,19272.5,1553.4,1.5533569759007013,,
Kenya,Groundnut,2018,18449.0,21333.0,1156.3,1.1563228359260664,,
Kenya,Groundnut,2019,15965.0,15463.0,968.6,0.968556216724084,951.1,14706859.3
Kenya,Groundnut,2020,15598.0,15604.2,1000.4,1.0003974868572894,997.6,15566749.920000002
Kenya,Groundnut,2021,14275.0,12897.0,903.5,0.9034676007005253,1090.9,14069337.3
Kenya,Groundnut,2022,21546.0,27900.0,1294.9,1.294903926482874,1056.4,29473560.000000004
Kenya,Groundnut,2023,20924.0,24000.0,1147.0,1.1470082202255782,958.3,22999200.0
Kenya,Groundnut,2024,14630.0,13695.0,936.1,0.9360902255639098,1347.4,18452643.0
Kenya,Maize,1961,750000.0,940000.0,1253.3,1.2533333333333334,,
Kenya,Maize,1962,900000.0,1100000.0,1222.2,1.2222222222222223,,
Kenya,Maize,1963,1000000.0,1250000.0,1250.0,1.25,,
Kenya,Maize,1964,1050000.0,1230000.0,1171.4,1.1714285714285715,,
Kenya,Maize,1965,1214000.0,1300530.0,1071.3,1.0712767710049422,,
Kenya,Maize,1966,1010000.0,1090000.0,1079.2,1.0792079207920793,,
Kenya,Maize,1967,1200000.0,1440000.0,1200.0,1.2,,
Kenya,Maize,1968,1380000.0,1730000.0,1253.6,1.2536231884057971,,
Kenya,Maize,1969,1350000.0,1720000.0,1274.1,1.2740740740740741,,
Kenya,Maize,1970,1200000.0,1470000.0,1225.0,1.225,,
Kenya,Maize,1971,1150000.0,1400000.0,1217.4,1.2173913043478262,,
Kenya,Maize,1972,1300000.0,1630000.0,1253.8,1.2538461538461538,,
Kenya,Maize,1973,1450000.0,1870000.0,1289.7,1.289655172413793,,
Kenya,Maize,1974,1450000.0,1950000.0,1344.8,1.3448275862068966,,
Kenya,Maize,1975,1450000.0,2050000.0,1413.8,1.4137931034482758,,
Kenya,Maize,1976,1590000.0,2600000.0,1635.2,1.6352201257861636,,
Kenya,Maize,1977,1570000.0,2553000.0,1626.1,1.6261146496815286,,
Kenya,Maize,1978,1490000.0,2169000.0,1455.7,1.455704697986577,,
Kenya,Maize,1979,1350000.0,1755000.0,1300.0,1.3,,
Kenya,Maize,1980,1350000.0,1620000.0,1200.0,1.2,,
Kenya,Maize,1981,1120000.0,1768000.0,1578.6,1.5785714285714285,,
Kenya,Maize,1982,1208000.0,2502000.0,2071.2,2.0711920529801326,,
Kenya,Maize,1983,1300000.0,2300000.0,1769.2,1.7692307692307692,,
Kenya,Maize,1984,985000.0,1422000.0,1443.7,1.4436548223350254,,
Kenya,Maize,1985,1411000.0,2430000.0,1722.2,1.7221828490432318,,
Kenya,Maize,1986,1424600.0,2898000.0,2034.3,2.034255229538116,,
Kenya,Maize,1987,1406956.0,2415600.0,1716.9,1.7168980408769001,,
Kenya,Maize,1988,1450939.0,2761200.0,1903.0,1.9030434773619016,,
Kenya,Maize,1989,1420000.0,2630700.0,1852.6,1.852605633802817,,
Kenya,Maize,1990,1380000.0,2289600.0,1659.1,1.6591304347826088,,
Kenya,Maize,1991,1310000.0,2400000.0,1832.1,1.83206106870229,104.3,250320000.0
Kenya,Maize,1992,1407000.0,2430000.0,1727.1,1.7270788912579957,74.4,180792000.0
Kenya,Maize,1993,1343500.0,2089000.0,1554.9,1.5548939337551173,139.7,291833300.0
Kenya,Maize,1994,1500000.0,3060000.0,2040.0,2.04,169.5,518670000.0
Kenya,Maize,1995,1438740.0,2698863.0,1875.9,1.8758517869802744,155.6,419943082.8
Kenya,Maize,1996,1489000.0,2160000.0,1450.6,1.4506380120886502,157.6,340416000.0
Kenya,Maize,1997,1504820.0,2214000.0,1471.3,1.4712723116386013,233.8,517633200.0
Kenya,Maize,1998,1475740.0,2464101.0,1669.7,1.6697392494612873,212.8,524360692.8
Kenya,Maize,1999,1567240.0,2322140.0,1481.7,1.4816747913529518,197.1,457693794.0
Kenya,Maize,2000,1500000.0,2160000.0,1440.0,1.44,190.3,411048000.0
Kenya,Maize,2001,1640000.0,2790000.0,1701.2,1.701219512195122,169.4,472626000.0
Kenya,Maize,2002,1592315.0,2408596.0,1512.6,1.5126378888599303,141.5,340816334.0
Kenya,Maize,2003,1670914.0,2710848.0,1622.4,1.6223743412288125,157.5,426958560.0
Kenya,Maize,2004,1351327.0,2607139.0,1929.3,1.929317626303626,193.8,505263538.20000005
Kenya,Maize,2005,1771123.0,2905559.0,1640.5,1.6405179086940884,201.7,586051250.3
Kenya,Maize,2006,1888185.0,3247200.0,1719.7,1.7197467409178655,213.0,691653600.0
Kenya,Maize,2007,1615304.0,2928793.0,1813.2,1.8131528182930272,232.7,681530131.1
Kenya,Maize,2008,1700000.0,2367237.0,1392.5,1.3924923529411766,353.5,836818279.5
Kenya,Maize,2009,1884368.0,2439000.0,1294.3,1.2943331663454272,309.1,753894900.0
Kenya,Maize,2010,2008346.0,3464541.0,1725.1,1.7250717754809182,217.2,752498305.1999999
Kenya,Maize,2011,2131887.0,3376862.0,1584.0,1.5839779500508235,281.5,950586653.0
Kenya,Maize,2012,2159322.0,3749880.0,1736.6,1.7366006552056619,401.8,1506701784.0
Kenya,Maize,2013,2123138.0,3592688.0,1692.2,1.6921594357031904,363.8,1307019894.4
Kenya,Maize,2014,2116141.0,3513171.0,1660.2,1.6601781261267563,377.4,1325870735.3999999
Kenya,Maize,2015,2098240.0,3825000.0,1823.0,1.8229563824919932,292.3,1118047500.0
Kenya,Maize,2016,2337586.0,3339000.0,1428.4,1.428396645085999,292.5,976657500.0
Kenya,Maize,2017,2086178.0,3186000.0,1527.2,1.5271947072589205,,
Kenya,Maize,2018,2273283.0,4013777.44,1765.6,1.765630341668855,,
Kenya,Maize,2019,2296174.0,3582000.0,1560.0,1.559986307657869,323.6,1159135200.0
Kenya,Maize,2020,2135741.0,3789000.0,1774.1,1.7740915213970234,291.2,1103356800.0
Kenya,Maize,2021,2168603.0,3304430.0,1523.8,1.5237597660798219,273.9,905083376.9999999
Kenya,Maize,2022,2113520.0,3082220.0,1458.3,1.4583349104810932,449.7,1386074334.0
Kenya,Maize,2023,2430014.0,4285206.0,1763.4,1.7634490994702088,437.4,1874349104.3999999
Kenya,Maize,2024,2414536.0,4023000.0,1666.2,1.6661586325488624,465.9,1874315700.0
Kenya,Millet,1961,75000.0,130000.0,1733.3,1.7333333333333334,,
Kenya,Millet,1962,75000.0,130000.0,1733.3,1.7333333333333334,,
Kenya,Millet,1963,75000.0,130000.0,1733.3,1.7333333333333334,,
Kenya,Millet,1964,75000.0,130000.0,1733.3,1.7333333333333334,,
Kenya,Millet,1965,75000.0,130000.0,1733.3,1.7333333333333334,,
Kenya,Millet,1966,74000.0,136000.0,1837.8,1.837837837837838,,
Kenya,Millet,1967,75000.0,141000.0,1880.0,1.88,,
Kenya,Millet,1968,74000.0,130000.0,1756.8,1.7567567567567568,,
Kenya,Millet,1969,75000.0,120000.0,1600.0,1.6,,
Kenya,Millet,1970,75000.0,130000.0,1733.3,1.7333333333333334,,
Kenya,Millet,1971,76000.0,130000.0,1710.5,1.7105263157894737,,
Kenya,Millet,1972,77000.0,135000.0,1753.2,1.7532467532467533,,
Kenya,Millet,1973,77000.0,135000.0,1753.2,1.7532467532467533,,
Kenya,Millet,1974,77900.0,128202.0,1645.7,1.6457252888318357,,
Kenya,Millet,1975,78000.0,127800.0,1638.5,1.6384615384615384,,
Kenya,Millet,1976,80000.0,128000.0,1600.0,1.6,,
Kenya,Millet,1977,81000.0,129600.0,1600.0,1.6,,
Kenya,Millet,1978,81000.0,130000.0,1604.9,1.6049382716049383,,
Kenya,Millet,1979,81000.0,110000.0,1358.0,1.3580246913580247,,
Kenya,Millet,1980,80000.0,90000.0,1125.0,1.125,,
Kenya,Millet,1981,80000.0,52480.0,656.0,0.656,,
Kenya,Millet,1982,46660.0,29800.0,638.7,0.6386626660951564,,
Kenya,Millet,1983,46660.0,29800.0,638.7,0.6386626660951564,,
Kenya,Millet,1984,29000.0,10000.0,344.8,0.3448275862068966,,
Kenya,Millet,1985,56000.0,60480.0,1080.0,1.08,,
Kenya,Millet,1986,71980.0,41217.0,572.6,0.5726173937204779,,
Kenya,Millet,1987,110000.0,66000.0,600.0,0.6,,
Kenya,Millet,1988,110350.0,71700.0,649.8,0.6497507929315813,,
Kenya,Millet,1989,107310.0,71168.0,663.2,0.6632000745503681,,
Kenya,Millet,1990,96933.0,62786.0,647.7,0.6477257487130286,,
Kenya,Millet,1991,100419.0,52063.0,518.5,0.5184576623945668,256.6,13359365.8
Kenya,Millet,1992,90272.0,48746.0,540.0,0.5399902516838001,264.7,12903066.2
Kenya,Millet,1993,85139.0,58036.0,681.7,0.6816617531331117,,
Kenya,Millet,1994,100000.0,69480.0,694.8,0.6948,,
Kenya,Millet,1995,90986.0,54142.0,595.1,0.595058580440947,,
Kenya,Millet,1996,85774.0,23159.0,270.0,0.27000023317089095,391.2,9059800.799999999
Kenya,Millet,1997,91773.0,38619.0,420.8,0.4208100421692655,323.5,12493246.5
Kenya,Millet,1998,78988.0,34020.0,430.7,0.43069833392414036,456.4,15526728.0
Kenya,Millet,1999,90082.0,59172.0,656.9,0.6568681867631714,414.5,24526794.0
Kenya,Millet,2000,93150.0,44623.0,479.0,0.479044551798175,311.1,13882215.3
Kenya,Millet,2001,104292.0,44623.0,427.9,0.42786599163886013,298.5,13319965.5
Kenya,Millet,2002,118570.0,72197.0,608.9,0.6088976975626212,328.3,23702275.1
Kenya,Millet,2003,108258.0,63622.0,587.7,0.587688669659517,374.7,23839163.4
Kenya,Millet,2004,113223.0,50467.0,445.7,0.4457309910530546,404.2,20398761.4
Kenya,Millet,2005,92430.0,53101.0,574.5,0.5744996213350644,485.3,25769915.3
Kenya,Millet,2006,137711.0,79207.0,575.2,0.575168287210172,545.8,43231180.599999994
Kenya,Millet,2007,128114.0,119599.0,933.5,0.9335357572162293,573.4,68578066.6
Kenya,Millet,2008,53155.0,38462.0,723.6,0.7235819772363842,767.6,29523431.2
Kenya,Millet,2009,104576.0,54000.0,516.4,0.5163708690330477,672.9,36336600.0
Kenya,Millet,2010,99124.0,53881.0,543.6,0.543571687986764,643.0,34645483.0
Kenya,Millet,2011,111271.0,73396.0,659.6,0.6596148142822479,629.0,46166084.0
Kenya,Millet,2012,118289.0,138204.0,1168.4,1.168358849935328,707.4,97765509.6
Kenya,Millet,2013,168291.0,138829.0,824.9,0.8249341913708992,758.2,105260147.80000001
Kenya,Millet,2014,138829.0,126000.0,907.6,0.9075913533915825,899.6,113349600.0
Kenya,Millet,2015,90263.0,99000.0,1096.8,1.0967949215071513,878.8,87001200.0
Kenya,Millet,2016,88368.0,54000.0,611.1,0.6110809342748507,830.8,44863200.0
Kenya,Millet,2017,126313.0,54000.0,427.5,0.4275094408334851,,
Kenya,Millet,2018,115200.0,72000.0,625.0,0.625,,
Kenya,Millet,2019,145601.0,135000.0,927.2,0.9271914341247657,417.7,56389500.0
Kenya,Millet,2020,118411.0,153000.0,1292.1,1.2921096857555463,412.4,63097200.0
Kenya,Millet,2021,126002.0,59180.0,469.7,0.4696750845224679,601.4,35590852.0
Kenya,Millet,2022,108436.0,59459.0,548.3,0.5483326570511639,670.6,39873205.4
Kenya,Millet,2023,129924.0,86762.0,667.8,0.6677904005418552,469.8,40760787.6
Kenya,Millet,2024,112093.0,65762.58,586.7,0.5866787399748423,721.7,47460853.986
Kenya,Rice,1961,6400.0,14530.0,2270.3,2.2703125,,
Kenya,Rice,1962,5800.0,15200.0,2620.7,2.6206896551724137,,
Kenya,Rice,1963,5326.0,13000.0,2440.9,2.44085617724371,,
Kenya,Rice,1964,5358.0,13200.0,2463.6,2.463605823068309,,
Kenya,Rice,1965,2482.0,14100.0,5680.9,5.680902497985495,,
Kenya,Rice,1966,2830.0,16600.0,5865.7,5.865724381625442,,
Kenya,Rice,1967,2830.0,15938.0,5631.8,5.631802120141343,,
Kenya,Rice,1968,3440.0,18747.0,5449.7,5.449709302325582,,
Kenya,Rice,1969,4923.0,22700.0,4611.0,4.611009547024172,,
Kenya,Rice,1970,5844.0,28500.0,4876.8,4.876796714579055,,
Kenya,Rice,1971,6330.0,30000.0,4739.3,4.739336492890995,,
Kenya,Rice,1972,6880.0,34943.0,5078.9,5.078924418604651,,
Kenya,Rice,1973,7408.0,36128.0,4876.9,4.876889848812095,,
Kenya,Rice,1974,6561.0,33210.0,5061.7,5.061728395061729,,
Kenya,Rice,1975,6305.0,32113.0,5093.3,5.093259318001586,,
Kenya,Rice,1976,7000.0,40425.0,5775.0,5.775,,
Kenya,Rice,1977,6700.0,41415.0,6181.3,6.181343283582089,,
Kenya,Rice,1978,7500.0,42526.0,5670.1,5.670133333333333,,
Kenya,Rice,1979,8700.0,37466.0,4306.4,4.306436781609196,,
Kenya,Rice,1980,9750.0,38415.0,3940.0,3.94,,
Kenya,Rice,1981,9443.0,37207.0,3940.2,3.94016731970772,,
Kenya,Rice,1982,10459.0,41207.0,3939.9,3.9398604073047134,,
Kenya,Rice,1983,11308.0,44554.0,3940.0,3.940042447824549,,
Kenya,Rice,1984,12464.0,50462.0,4048.6,4.048620025673941,,
Kenya,Rice,1985,14498.0,38709.0,2670.0,2.6699544764795142,,
Kenya,Rice,1986,14500.0,45662.0,3149.1,3.149103448275862,,
Kenya,Rice,1987,14500.0,45000.0,3103.4,3.103448275862069,,
Kenya,Rice,1988,14000.0,50000.0,3571.4,3.5714285714285716,,
Kenya,Rice,1989,14220.0,56680.0,3985.9,3.9859353023909985,,
Kenya,Rice,1990,13261.0,41088.0,3098.4,3.098408868109494,,
Kenya,Rice,1991,13000.0,50500.0,3884.6,3.8846153846153846,,
Kenya,Rice,1992,12500.0,44203.0,3536.2,3.53624,49.5,2188048.5
Kenya,Rice,1993,11330.0,47000.0,4148.3,4.148278905560459,20.2,949400.0
Kenya,Rice,1994,10790.0,47000.0,4355.9,4.355885078776645,93.6,4399200.0
Kenya,Rice,1995,11000.0,44000.0,4000.0,4.0,107.2,4716800.0
Kenya,Rice,1996,12655.0,50620.0,4000.0,4.0,,
Kenya,Rice,1997,10340.0,41075.0,3972.4,3.9724371373307545,323.5,13287762.5
Kenya,Rice,1998,8639.0,41829.0,4841.9,4.841879847204537,291.9,12209885.1
Kenya,Rice,1999,13229.0,52711.0,3984.5,3.984503741779424,299.8,15802757.8
Kenya,Rice,2000,13882.0,52349.0,3771.0,3.770998415213946,299.9,15699465.1
Kenya,Rice,2001,13200.0,45000.0,3409.1,3.409090909090909,200.4,9018000.0
Kenya,Rice,2002,13000.0,45000.0,3461.5,3.4615384615384617,143.4,6453000.0
Kenya,Rice,2003,10781.0,40502.0,3756.8,3.756794360448938,212.7,8614775.4
Kenya,Rice,2004,13223.0,49295.0,3728.0,3.7279739847235875,328.4,16188477.999999998
Kenya,Rice,2005,15940.0,62677.0,3932.1,3.9320577164366375,378.7,23735779.9
Kenya,Rice,2006,23106.0,64840.0,2806.2,2.8061975244525232,415.3,26928052.0
Kenya,Rice,2007,16457.0,47256.0,2871.5,2.8714832594032935,504.7,23850103.2
Kenya,Rice,2008,16734.0,21881.0,1307.6,1.3075773873550856,528.1,11555356.1
Kenya,Rice,2009,21829.0,42202.0,1933.3,1.9332997388794722,749.4,31626178.8
Kenya,Rice,2010,20181.0,85536.0,4238.4,4.238442099004014,757.2,64767859.2
Kenya,Rice,2011,28034.0,111229.0,3967.6,3.9676464293358067,949.8,105645304.19999999
Kenya,Rice,2012,29630.0,138204.0,4664.3,4.6643266959163014,727.1,100488128.4
Kenya,Rice,2013,31349.0,125256.0,3995.5,3.9955341478197073,556.5,69704964.0
Kenya,Rice,2014,28390.0,112263.0,3954.3,3.9543148996125397,537.2,60307683.6
Kenya,Rice,2015,29438.0,116473.0,3956.6,3.9565527549425914,587.4,68416240.2
Kenya,Rice,2016,29337.0,101510.0,3460.1,3.4601356648600743,550.6,55891406.0
Kenya,Rice,2017,30392.0,81198.0,2671.7,2.671689918399579,,
Kenya,Rice,2018,25966.0,112605.0,4336.7,4.33663251944851,,
Kenya,Rice,2019,24992.0,160585.0,6425.5,6.425456145966709,421.6,67702636.0
Kenya,Rice,2020,28276.0,180890.0,6397.3,6.397298061960673,366.4,66278095.99999999
Kenya,Rice,2021,32028.0,186000.0,5807.4,5.807418508804796,545.8,101518799.99999999
Kenya,Rice,2022,44255.0,192299.0,4345.2,4.345249124392724,542.2,104264517.80000001
Kenya,Rice,2023,38942.0,229064.0,5882.2,5.88218376046428,542.6,124290126.4
Kenya,Rice,2024,43057.0,282152.0,6553.0,6.552987899760782,460.0,129789920.0
Kenya,Sorghum,1961,150000.0,164000.0,1093.3,1.0933333333333333,,
Kenya,Sorghum,1962,164000.0,180000.0,1097.6,1.0975609756097562,,
Kenya,Sorghum,1963,170000.0,186000.0,1094.1,1.0941176470588236,,
Kenya,Sorghum,1964,172000.0,190000.0,1104.7,1.1046511627906976,,
Kenya,Sorghum,1965,150000.0,163000.0,1086.7,1.0866666666666667,,
Kenya,Sorghum,1966,210000.0,231000.0,1100.0,1.1,,
Kenya,Sorghum,1967,210000.0,239000.0,1138.1,1.138095238095238,,
Kenya,Sorghum,1968,205000.0,220000.0,1073.2,1.0731707317073171,,
Kenya,Sorghum,1969,200000.0,205000.0,1025.0,1.025,,
Kenya,Sorghum,1970,201000.0,220000.0,1094.5,1.0945273631840795,,
Kenya,Sorghum,1971,202000.0,220000.0,1089.1,1.0891089108910892,,
Kenya,Sorghum,1972,205000.0,230000.0,1122.0,1.1219512195121952,,
Kenya,Sorghum,1973,205000.0,230000.0,1122.0,1.1219512195121952,,
Kenya,Sorghum,1974,206400.0,219138.0,1061.7,1.0617151162790697,,
Kenya,Sorghum,1975,206000.0,218892.0,1062.6,1.0625825242718447,,
Kenya,Sorghum,1976,209000.0,223400.0,1068.9,1.0688995215311006,,
Kenya,Sorghum,1977,208000.0,219986.0,1057.6,1.057625,,
Kenya,Sorghum,1978,210000.0,221000.0,1052.4,1.0523809523809524,,
Kenya,Sorghum,1979,210000.0,186000.0,885.7,0.8857142857142857,,
Kenya,Sorghum,1980,210000.0,200000.0,952.4,0.9523809523809523,,
Kenya,Sorghum,1981,84000.0,93500.0,1113.1,1.1130952380952381,,
Kenya,Sorghum,1982,86600.0,55800.0,644.3,0.6443418013856813,,
Kenya,Sorghum,1983,120000.0,35000.0,291.7,0.2916666666666667,,
Kenya,Sorghum,1984,154600.0,97500.0,630.7,0.630659767141009,,
Kenya,Sorghum,1985,160000.0,120000.0,750.0,0.75,,
Kenya,Sorghum,1986,132056.0,121573.0,920.6,0.9206170109650451,,
Kenya,Sorghum,1987,138454.0,111169.0,802.9,0.8029309373510336,,
Kenya,Sorghum,1988,143902.0,144000.0,1000.7,1.0006810190268378,,
Kenya,Sorghum,1989,115040.0,111036.0,965.2,0.9651947148817802,,
Kenya,Sorghum,1990,117960.0,99952.0,847.3,0.8473380807053238,,
Kenya,Sorghum,1991,114711.0,109802.0,957.2,0.9572054990367096,207.7,22805875.4
Kenya,Sorghum,1992,114972.0,128950.0,1121.6,1.1215774275475767,286.0,36879700.0
Kenya,Sorghum,1993,120181.0,89579.0,745.4,0.7453674041653838,,
Kenya,Sorghum,1994,125000.0,108000.0,864.0,0.864,,
Kenya,Sorghum,1995,132850.0,79495.0,598.4,0.5983816334211517,,
Kenya,Sorghum,1996,134000.0,79790.0,595.4,0.5954477611940299,210.1,16763879.0
Kenya,Sorghum,1997,134126.0,99884.0,744.7,0.7447027421976351,115.8,11566567.2
Kenya,Sorghum,1998,118824.0,89446.0,752.8,0.7527603851073857,226.9,20295297.400000002
Kenya,Sorghum,1999,141370.0,109914.0,777.5,0.7774916884770461,206.9,22741206.6
Kenya,Sorghum,2000,122493.0,81536.0,665.6,0.6656380364592263,204.1,16641497.6
Kenya,Sorghum,2001,136078.0,116607.0,856.9,0.8569129469862873,186.5,21747205.5
Kenya,Sorghum,2002,144294.0,115584.0,801.0,0.8010312279096844,240.6,27809510.4
Kenya,Sorghum,2003,148985.0,127215.0,853.9,0.853877907171863,276.4,35162226.0
Kenya,Sorghum,2004,123155.0,69508.0,564.4,0.5643944622630019,290.9,20219877.2
Kenya,Sorghum,2005,122368.0,149656.0,1223.0,1.2229994769874477,331.7,49640895.199999996
Kenya,Sorghum,2006,163865.0,131188.0,800.6,0.8005858481066732,365.5,47949214.0
Kenya,Sorghum,2007,155550.0,147365.0,947.4,0.9473802635808422,391.4,57678661.0
Kenya,Sorghum,2008,104041.0,54316.0,522.1,0.5220634173066387,513.2,27874971.200000003
Kenya,Sorghum,2009,173172.0,99000.0,571.7,0.5716859538493521,471.3,46658700.0
Kenya,Sorghum,2010,225782.0,164066.0,726.7,0.7266566865383423,375.2,61557563.199999996
Kenya,Sorghum,2011,254125.0,159877.0,629.1,0.6291273979340876,401.1,64126664.7
Kenya,Sorghum,2012,223799.0,166627.0,744.5,0.7445386261779543,482.5,80397527.5
Kenya,Sorghum,2013,223659.0,168857.0,755.0,0.7549752077940078,457.0,77167649.0
Kenya,Sorghum,2014,213520.0,177553.0,831.6,0.8315520794304984,614.6,109124073.8
Kenya,Sorghum,2015,195507.0,189000.0,966.7,0.9667173042397459,555.7,105027300.00000001
Kenya,Sorghum,2016,184654.0,117000.0,633.6,0.6336174683462042,526.8,61635599.99999999
Kenya,Sorghum,2017,203586.0,144000.0,707.3,0.707317791989626,,
Kenya,Sorghum,2018,240403.0,189000.0,786.2,0.7861798729633158,,
Kenya,Sorghum,2019,240200.0,288000.0,1199.0,1.1990008326394672,,
Kenya,Sorghum,2020,219657.0,315000.0,1434.1,1.4340540023764323,,
Kenya,Sorghum,2021,207810.0,138901.0,668.4,0.6684038304220201,288.9,40128498.9
Kenya,Sorghum,2022,206883.0,120420.0,582.1,0.5820681254622178,422.7,50901534.0
Kenya,Sorghum,2023,207739.0,198921.0,957.6,0.9575525057885135,345.1,68647637.10000001
Kenya,Sorghum,2024,250432.0,243000.0,970.3,0.970323281369793,591.5,143734500.0
Kenya,Yam,1989,1170.0,9520.0,8136.8,8.136752136752136,,
Kenya,Yam,1990,1332.0,11769.0,8835.6,8.835585585585585,,
Kenya,Yam,1991,1400.0,11200.0,8000.0,8.0,,
Kenya,Yam,1992,1500.0,11206.0,7470.7,7.470666666666666,,
Kenya,Yam,1993,1500.0,10123.0,6748.7,6.748666666666667,,
Kenya,Yam,1994,1400.0,10360.0,7400.0,7.4,,
Kenya,Yam,1995,1432.0,10000.0,6983.2,6.983240223463687,,
Kenya,Yam,1996,1467.0,8765.0,5974.8,5.974778459441036,,
Kenya,Yam,1997,1574.0,9000.0,5717.9,5.717916137229987,,
Kenya,Yam,1998,819.0,4007.0,4892.6,4.892551892551893,,
Kenya,Yam,1999,1087.0,10035.0,9231.8,9.231830726770928,,
Kenya,Yam,2000,1115.0,6204.0,5564.1,5.564125560538117,,
Kenya,Yam,2001,1000.0,7898.0,7898.0,7.898,,
Kenya,Yam,2002,481.0,2640.0,5488.6,5.488565488565489,,
Kenya,Yam,2003,952.0,8007.0,8410.7,8.410714285714286,,
Kenya,Yam,2004,922.0,7701.0,8352.5,8.352494577006508,,
Kenya,Yam,2005,835.0,7238.0,8668.3,8.668263473053893,,
Kenya,Yam,2006,842.0,8001.0,9502.4,9.502375296912113,,
Kenya,Yam,2007,925.0,6905.0,7464.9,7.464864864864865,,
Kenya,Yam,2008,807.0,6123.0,7587.4,7.587360594795539,,
Kenya,Yam,2009,882.0,3984.0,4517.0,4.517006802721088,,
Kenya,Yam,2010,1224.0,8035.0,6564.5,6.564542483660131,,
Kenya,Yam,2011,1057.0,9635.0,9115.4,9.115421002838222,,
Kenya,Yam,2012,874.0,10143.0,11605.3,11.605263157894736,,
Kenya,Yam,2013,998.0,13569.0,13596.2,13.59619238476954,,
Kenya,Yam,2014,1210.0,20028.0,16552.1,16.55206611570248,,
Kenya,Yam,2015,1481.0,18719.0,12639.4,12.63943281566509,,
Kenya,Yam,2016,1268.0,12388.0,9769.7,9.769716088328076,,
Kenya,Yam,2017,1294.0,10417.0,8048.4,8.050231839258114,,
Kenya,Yam,2018,999.0,9610.49,9615.8,9.62011011011011,,
Kenya,Yam,2019,1025.0,9860.36,9615.8,9.619863414634146,,
Kenya,Yam,2020,1031.0,8009.16,7770.7,7.768341416100872,,
Kenya,Yam,2021,1031.0,7669.0,7438.4,7.438409311348206,,
Kenya,Yam,2022,752.0,6000.0,7978.7,7.9787234042553195,668.1,4008600.0
Kenya,Yam,2023,1276.0,13135.0,10293.9,10.293887147335424,574.2,7542117.000000001
Kenya,Yam,2024,1392.0,12298.0,8834.8,8.834770114942529,615.6,7570648.800000001
Mali,Cassava,1961,3300.0,22000.0,6666.7,6.666666666666667,,
Mali,Cassava,1962,3500.0,24000.0,6857.1,6.857142857142857,,
Mali,Cassava,1963,3700.0,26000.0,7027.0,7.027027027027027,,
Mali,Cassava,1964,4000.0,28000.0,7000.0,7.0,,
Mali,Cassava,1965,4200.0,30000.0,7142.9,7.142857142857143,,
Mali,Cassava,1966,4300.0,31000.0,7209.3,7.209302325581396,,
Mali,Cassava,1967,4400.0,32000.0,7272.7,7.2727272727272725,,
Mali,Cassava,1968,4500.0,33000.0,7333.3,7.333333333333333,,
Mali,Cassava,1969,4400.0,33200.0,7545.5,7.545454545454546,,
Mali,Cassava,1970,4000.0,30000.0,7500.0,7.5,,
Mali,Cassava,1971,3700.0,28000.0,7567.6,7.5675675675675675,,
Mali,Cassava,1972,3300.0,25000.0,7575.8,7.575757575757576,,
Mali,Cassava,1973,2900.0,22000.0,7586.2,7.586206896551724,,
Mali,Cassava,1974,2400.0,18000.0,7500.0,7.5,,
Mali,Cassava,1975,2000.0,15000.0,7500.0,7.5,,
Mali,Cassava,1976,1600.0,12000.0,7500.0,7.5,,
Mali,Cassava,1977,800.0,6000.0,7500.0,7.5,,
Mali,Cassava,1978,400.0,3000.0,7500.0,7.5,,
Mali,Cassava,1979,200.0,1500.0,7500.0,7.5,,
Mali,Cassava,1980,125.0,924.0,7392.0,7.392,,
Mali,Cassava,1981,125.0,941.0,7528.0,7.528,,
Mali,Cassava,1982,130.0,958.0,7369.2,7.369230769230769,,
Mali,Cassava,1983,130.0,975.0,7500.0,7.5,,
Mali,Cassava,1984,135.0,993.0,7355.6,7.355555555555555,,
Mali,Cassava,1985,140.0,1011.0,7221.4,7.2214285714285715,,
Mali,Cassava,1986,140.0,1029.0,7350.0,7.35,,
Mali,Cassava,1987,145.0,1047.0,7220.7,7.220689655172414,,
Mali,Cassava,1988,145.0,1064.0,7337.9,7.337931034482758,,
Mali,Cassava,1989,150.0,1082.0,7213.3,7.213333333333333,,
Mali,Cassava,1990,152.0,1102.0,7250.0,7.25,,
Mali,Cassava,1991,155.0,1123.0,7260.4,7.245161290322581,,
Mali,Cassava,1992,155.0,1147.0,7400.0,7.4,,
Mali,Cassava,1993,160.0,1172.0,7325.0,7.325,,
Mali,Cassava,1994,163.0,1197.0,7343.6,7.343558282208589,,
Mali,Cassava,1995,165.0,1222.0,7406.1,7.406060606060606,,
Mali,Cassava,1996,200.0,1800.0,9000.0,9.0,,
Mali,Cassava,1997,500.0,5000.0,10000.0,10.0,,
Mali,Cassava,1998,957.0,10480.0,10950.9,10.950888192267502,199.2,2087615.9999999998
Mali,Cassava,1999,1264.0,11923.0,9432.8,9.432753164556962,129.1,1539259.3
Mali,Cassava,2000,1276.0,14787.0,11588.6,11.588557993730408,,
Mali,Cassava,2001,1973.0,17739.0,8990.9,8.990876837303599,,
Mali,Cassava,2002,2086.0,24175.0,11589.2,11.589165867689358,199.1,4813242.5
Mali,Cassava,2003,2100.0,24200.0,11523.8,11.523809523809524,,
Mali,Cassava,2004,752.0,13459.0,17897.6,17.897606382978722,380.5,5121149.5
Mali,Cassava,2005,3819.0,56062.0,14679.8,14.67975909924064,381.1,21365228.200000003
Mali,Cassava,2006,5335.0,96125.0,18017.8,18.017806935332707,384.4,36950450.0
Mali,Cassava,2007,5925.0,96125.0,16223.6,16.223628691983123,108.5,10429562.5
Mali,Cassava,2008,4540.0,72739.97,16022.0,16.022019823788547,101.0,7346736.97
Mali,Cassava,2009,4404.0,79602.0,18074.9,18.07493188010899,90.0,7164180.0
Mali,Cassava,2010,2480.0,38172.0,15391.9,15.391935483870968,76.7,2927792.4
Mali,Cassava,2011,3032.0,47042.94,15517.1,15.515481530343008,93.2,4384402.008
Mali,Cassava,2012,3588.0,56146.06,15648.3,15.648288740245262,524.9,29471066.893999998
Mali,Cassava,2013,3991.0,61788.44,15483.2,15.481944374843398,508.1,31394706.364000004
Mali,Cassava,2014,3597.0,52152.0,14498.7,14.498748957464553,515.8,26900001.599999998
Mali,Cassava,2015,2793.0,42345.0,15158.5,15.161117078410312,414.1,17535064.5
Mali,Cassava,2016,7768.0,118863.0,15301.6,15.301622039134912,256.5,30488359.5
Mali,Cassava,2017,6897.0,101447.0,14708.9,14.70885892416993,352.5,35760067.5
Mali,Cassava,2018,8228.0,138023.0,16774.8,16.774793388429753,378.0,52172694.0
Mali,Cassava,2019,5905.0,70312.0,11907.2,11.907197290431837,327.2,23006086.4
Mali,Cassava,2020,10597.0,164842.14,15555.6,15.555547796546193,371.6,61255339.22400001
Mali,Cassava,2021,9685.0,120716.0,12464.2,12.464223025296851,369.2,44568347.199999996
Mali,Cassava,2022,7845.0,123001.0,15678.9,15.678903760356915,394.3,48499294.300000004
Mali,Cassava,2023,8926.0,131399.0,14720.9,14.720927627156621,426.9,56094233.099999994
Mali,Cassava,2024,10765.0,178399.89,16573.0,16.572214584300976,439.4,78388911.66600001
Mali,Cowpea,1961,100000.0,20000.0,200.0,0.2,,
Mali,Cowpea,1962,100000.0,20000.0,200.0,0.2,,
Mali,Cowpea,1963,100000.0,20000.0,200.0,0.2,,
Mali,Cowpea,1964,100000.0,20000.0,200.0,0.2,,
Mali,Cowpea,1965,100000.0,20000.0,200.0,0.2,,
Mali,Cowpea,1966,100000.0,20000.0,200.0,0.2,,
Mali,Cowpea,1967,100000.0,20000.0,200.0,0.2,,
Mali,Cowpea,1968,100000.0,20000.0,200.0,0.2,,
Mali,Cowpea,1969,100000.0,20000.0,200.0,0.2,,
Mali,Cowpea,1970,100000.0,20000.0,200.0,0.2,,
Mali,Cowpea,1971,100000.0,20000.0,200.0,0.2,,
Mali,Cowpea,1972,100000.0,20000.0,200.0,0.2,,
Mali,Cowpea,1973,100000.0,20000.0,200.0,0.2,,
Mali,Cowpea,1974,100000.0,20000.0,200.0,0.2,,
Mali,Cowpea,1975,100000.0,20000.0,200.0,0.2,,
Mali,Cowpea,1976,100000.0,20000.0,200.0,0.2,,
Mali,Cowpea,1977,100000.0,20000.0,200.0,0.2,,
Mali,Cowpea,1978,100000.0,20000.0,200.0,0.2,,
Mali,Cowpea,1979,100000.0,20000.0,200.0,0.2,,
Mali,Cowpea,1980,100000.0,20000.0,200.0,0.2,,
Mali,Cowpea,1981,100000.0,18000.0,180.0,0.18,,
Mali,Cowpea,1982,100000.0,20000.0,200.0,0.2,,
Mali,Cowpea,1983,86911.0,9913.0,114.1,0.11405920999643314,,
Mali,Cowpea,1984,176100.0,36100.0,205.0,0.20499716070414536,,
Mali,Cowpea,1985,203549.0,25210.0,123.9,0.12385224196630787,,
Mali,Cowpea,1986,145636.0,41208.0,283.0,0.28295201735834546,,
Mali,Cowpea,1987,130819.0,14695.0,112.3,0.11233077763933373,,
Mali,Cowpea,1988,276068.0,65694.0,238.0,0.23796311053798339,,
Mali,Cowpea,1989,160406.0,11554.0,72.0,0.07202972457389374,,
Mali,Cowpea,1990,218512.0,13566.0,62.1,0.06208354689902614,,
Mali,Cowpea,1991,224108.0,51269.0,228.8,0.22876916486693916,,
Mali,Cowpea,1992,512455.0,113582.0,221.6,0.22164287595984036,,
Mali,Cowpea,1993,558097.0,44870.0,80.4,0.08039821034694686,,
Mali,Cowpea,1994,149998.0,69363.0,462.4,0.4624261656822091,,
Mali,Cowpea,1995,200280.0,67919.0,339.1,0.3391202316756541,,
Mali,Cowpea,1996,359556.0,73294.0,203.8,0.20384585433145325,,
Mali,Cowpea,1997,274586.0,110018.0,400.7,0.40066864297524274,,
Mali,Cowpea,1998,304748.0,126893.0,416.4,0.41638665389108376,193.2,24515727.599999998
Mali,Cowpea,1999,283935.0,133301.0,469.5,0.46947716907038584,199.4,26580219.400000002
Mali,Cowpea,2000,258400.0,100126.0,387.5,0.387484520123839,,
Mali,Cowpea,2001,278206.0,98007.0,352.3,0.3522821218809084,,
Mali,Cowpea,2002,316845.0,87590.0,276.4,0.2764443181997507,194.1,17001219.0
Mali,Cowpea,2003,300864.0,106882.0,355.3,0.35525021272069773,,
Mali,Cowpea,2004,320000.0,105000.0,328.1,0.328125,,
Mali,Cowpea,2005,307190.0,94642.0,308.1,0.30808945603698035,,
Mali,Cowpea,2006,213194.0,71036.0,333.2,0.33319887051230335,,
Mali,Cowpea,2007,263177.0,58291.0,221.5,0.22148971984633917,,
Mali,Cowpea,2008,250000.0,80000.0,320.0,0.32,,
Mali,Cowpea,2009,283665.0,133311.0,470.0,0.4699592829570092,,
Mali,Cowpea,2010,239150.0,128949.0,539.2,0.5391971565962785,,
Mali,Cowpea,2011,261805.0,133364.34,509.4,0.509403334542885,,
Mali,Cowpea,2012,266169.0,142443.21,535.2,0.5351607813081163,,
Mali,Cowpea,2013,254384.0,168274.0,661.5,0.6614960060381156,,
Mali,Cowpea,2014,353382.0,149284.0,422.4,0.42244370115059626,,
Mali,Cowpea,2015,338854.0,150000.0,442.7,0.4426685239070514,,
Mali,Cowpea,2016,357148.0,159041.03,445.3,0.44530847155800957,533.2,84800677.19600001
Mali,Cowpea,2017,414806.0,147224.0,354.9,0.3549225421040197,561.4,82651553.6
Mali,Cowpea,2018,587121.0,257939.0,439.3,0.4393285200154653,590.5,152312979.5
Mali,Cowpea,2019,454274.0,215436.0,474.2,0.4742424175717739,,
Mali,Cowpea,2020,559004.0,297834.0,532.8,0.5327940408297615,,
Mali,Cowpea,2021,507290.0,230668.0,454.7,0.4547063809655227,,
Mali,Cowpea,2022,492418.0,250317.0,508.3,0.5083425057573038,741.3,185559992.1
Mali,Cowpea,2023,485356.0,234834.0,483.8,0.48383866687544813,538.7,126505075.80000001
Mali,Cowpea,2024,485921.0,240297.2,494.5,0.49451906791433176,743.4,178636938.48
Mali,Groundnut,1961,175000.0,110000.0,628.6,0.6285714285714286,,
Mali,Groundnut,1962,180000.0,115000.0,638.9,0.6388888888888888,,
Mali,Groundnut,1963,190000.0,155600.0,818.9,0.8189473684210526,,
Mali,Groundnut,1964,141000.0,147900.0,1048.9,1.048936170212766,,
Mali,Groundnut,1965,153000.0,153200.0,1001.3,1.0013071895424837,,
Mali,Groundnut,1966,122000.0,108505.0,889.4,0.8893852459016394,,
Mali,Groundnut,1967,126300.0,116000.0,918.4,0.9184481393507522,,
Mali,Groundnut,1968,199800.0,95615.0,478.6,0.47855355355355356,,
Mali,Groundnut,1969,212000.0,122000.0,575.5,0.5754716981132075,,
Mali,Groundnut,1970,303000.0,158000.0,521.5,0.5214521452145214,,
Mali,Groundnut,1971,255000.0,152000.0,596.1,0.596078431372549,,
Mali,Groundnut,1972,249000.0,134600.0,540.6,0.5405622489959839,,
Mali,Groundnut,1973,200000.0,130200.0,651.0,0.651,,
Mali,Groundnut,1974,240000.0,160000.0,666.7,0.6666666666666666,,
Mali,Groundnut,1975,200000.0,205000.0,1025.0,1.025,,
Mali,Groundnut,1976,199000.0,230000.0,1155.8,1.1557788944723617,,
Mali,Groundnut,1977,200000.0,228500.0,1142.5,1.1425,,
Mali,Groundnut,1978,134300.0,164358.0,1223.8,1.2238123603871929,,
Mali,Groundnut,1979,163600.0,145554.0,889.7,0.8896943765281173,,
Mali,Groundnut,1980,162200.0,144098.0,888.4,0.8883970406905055,,
Mali,Groundnut,1981,170900.0,133184.0,779.3,0.7793095377413692,,
Mali,Groundnut,1982,144500.0,126885.0,878.1,0.8780968858131488,,
Mali,Groundnut,1983,120000.0,93328.0,777.7,0.7777333333333334,,
Mali,Groundnut,1984,83012.0,53709.0,647.0,0.6470028429624632,,
Mali,Groundnut,1985,89366.0,85057.0,951.8,0.9517825571246336,,
Mali,Groundnut,1986,93197.0,107015.0,1148.3,1.1482665751043488,,
Mali,Groundnut,1987,125568.0,100680.0,801.8,0.8017966360856269,,
Mali,Groundnut,1988,165805.0,171759.0,1035.9,1.0359096529055216,,
Mali,Groundnut,1989,146924.0,156983.0,1068.5,1.0684639677656476,,
Mali,Groundnut,1990,247686.0,179933.0,726.5,0.7264560774529041,,
Mali,Groundnut,1991,168694.0,183969.0,1090.5,1.0905485672282358,,
Mali,Groundnut,1992,169887.0,127487.0,750.4,0.7504223395551161,,
Mali,Groundnut,1993,189385.0,148556.0,784.4,0.784412704279642,632.1,93902247.60000001
Mali,Groundnut,1994,255426.0,215160.0,842.4,0.8423574733973832,291.8,62783688.0
Mali,Groundnut,1995,167914.0,157112.0,935.7,0.9356694498374167,360.6,56654587.2
Mali,Groundnut,1996,136398.0,134129.0,983.4,0.9833648587222686,486.8,65293997.2
Mali,Groundnut,1997,152141.0,144330.0,948.7,0.948659467204764,382.4,55191792.0
Mali,Groundnut,1998,133144.0,152141.0,1142.7,1.1426801057501652,422.4,64264358.4
Mali,Groundnut,1999,250755.0,278058.0,1108.9,1.1088831728180895,436.6,121400122.80000001
Mali,Groundnut,2000,199735.0,193073.0,966.6,0.9666458056925427,241.7,46665744.1
Mali,Groundnut,2001,197057.0,139832.0,709.6,0.7096017903449255,,
Mali,Groundnut,2002,204922.0,120844.0,589.7,0.5897073032666088,182.9,22102367.6
Mali,Groundnut,2003,252220.0,214455.0,850.3,0.8502696058996114,,
Mali,Groundnut,2004,198489.0,169770.0,855.3,0.8553118812629416,,
Mali,Groundnut,2005,259029.0,279503.0,1079.0,1.079041342861224,241.7,67555875.1
Mali,Groundnut,2006,334671.0,265549.0,793.5,0.7934628336485683,306.0,81257994.0
Mali,Groundnut,2007,330544.0,324187.0,980.8,0.9807680671862142,396.4,128507726.8
Mali,Groundnut,2008,395822.0,388383.0,981.2,0.981206198745901,,
Mali,Groundnut,2009,335031.0,300624.0,897.3,0.8973020407066808,,
Mali,Groundnut,2010,336976.0,314458.0,933.2,0.9331762499406486,,
Mali,Groundnut,2011,340000.0,524000.0,1541.2,1.5411764705882354,,
Mali,Groundnut,2012,364202.0,478870.0,1314.8,1.3148472550947001,,
Mali,Groundnut,2013,373383.0,515333.0,1380.2,1.3801726377472996,,
Mali,Groundnut,2014,351977.0,509363.0,1447.1,1.4471485352736115,507.7,258603595.1
Mali,Groundnut,2015,435495.0,521470.0,1197.4,1.1974190289211128,,
Mali,Groundnut,2016,432354.0,374318.0,865.8,0.8657674035628212,610.9,228670866.2
Mali,Groundnut,2017,387092.0,301076.0,777.8,0.777789259400866,606.2,182512271.20000002
Mali,Groundnut,2018,491541.0,491461.0,999.8,0.9998372465369114,547.3,268976605.29999995
Mali,Groundnut,2019,452369.0,368672.0,815.0,0.8149806905424554,,
Mali,Groundnut,2020,470000.0,490691.0,1044.0,1.0440234042553191,,
Mali,Groundnut,2021,443374.0,345247.0,778.7,0.778681203679061,,
Mali,Groundnut,2022,478967.0,442679.0,924.2,0.9242369516062693,578.0,255868462.0
Mali,Groundnut,2023,494789.0,454736.0,919.1,0.9190503426713205,637.2,289757779.20000005
Mali,Groundnut,2024,526150.0,497436.41,945.4,0.9454269885013779,532.2,264735657.402
Mali,Maize,1961,89505.0,69800.0,779.8,0.7798447014133288,,
Mali,Maize,1962,109000.0,87700.0,804.6,0.8045871559633028,,
Mali,Maize,1963,115759.0,100200.0,865.6,0.8655914442937482,,
Mali,Maize,1964,127685.0,106900.0,837.2,0.8372165876962838,,
Mali,Maize,1965,100650.0,87700.0,871.3,0.8713363139592648,,
Mali,Maize,1966,112950.0,100650.0,891.1,0.8911022576361222,,
Mali,Maize,1967,108200.0,98100.0,906.7,0.9066543438077634,,
Mali,Maize,1968,108390.0,91200.0,841.4,0.8414060337669527,,
Mali,Maize,1969,95940.0,72558.0,756.3,0.7562851782363977,,
Mali,Maize,1970,53400.0,57841.0,1083.2,1.0831647940074907,,
Mali,Maize,1971,84400.0,71942.0,852.4,0.8523933649289099,,
Mali,Maize,1972,65000.0,44000.0,676.9,0.676923076923077,,
Mali,Maize,1973,75000.0,63000.0,840.0,0.84,,
Mali,Maize,1974,90000.0,87000.0,966.7,0.9666666666666667,,
Mali,Maize,1975,81372.0,70628.0,868.0,0.8679644103622868,,
Mali,Maize,1976,89400.0,76620.0,857.0,0.8570469798657718,,
Mali,Maize,1977,89400.0,78000.0,872.5,0.87248322147651,,
Mali,Maize,1978,42800.0,103110.0,2409.1,2.40911214953271,,
Mali,Maize,1979,45500.0,75914.0,1668.4,1.6684395604395605,,
Mali,Maize,1980,40900.0,45387.0,1109.7,1.1097066014669927,,
Mali,Maize,1981,69200.0,61145.0,883.6,0.8835982658959538,,
Mali,Maize,1982,47400.0,47053.0,992.7,0.9926793248945147,,
Mali,Maize,1983,126300.0,144300.0,1142.5,1.1425178147268409,,
Mali,Maize,1984,89310.0,101440.0,1135.8,1.135819057216437,,
Mali,Maize,1985,109042.0,140066.0,1284.5,1.2845142238770382,,
Mali,Maize,1986,128984.0,213423.0,1654.6,1.654647088010916,,
Mali,Maize,1987,118144.0,178609.0,1511.8,1.511790696099675,,
Mali,Maize,1988,142902.0,214519.0,1501.2,1.5011616352465327,,
Mali,Maize,1989,174612.0,225393.0,1290.8,1.2908219366366573,,
Mali,Maize,1990,169958.0,196579.0,1156.6,1.1566328151660998,,
Mali,Maize,1991,185749.0,256775.0,1382.4,1.3823762173685996,134.7,34587592.5
Mali,Maize,1992,191563.0,192530.0,1005.0,1.0050479476725673,143.6,27647308.0
Mali,Maize,1993,256925.0,283373.0,1102.9,1.1029405468521942,116.5,33012954.5
Mali,Maize,1994,284208.0,322493.0,1134.7,1.1347076788830714,99.1,31959056.299999997
Mali,Maize,1995,207230.0,266136.0,1284.3,1.2842542102977368,166.3,44258416.800000004
Mali,Maize,1996,185664.0,294183.0,1584.5,1.5844913391933817,134.9,39685286.7
Mali,Maize,1997,202814.0,343357.0,1693.0,1.6929649826935025,183.3,62937338.1
Mali,Maize,1998,239379.0,392972.0,1641.6,1.6416310536847427,239.5,94116794.0
Mali,Maize,1999,426300.0,619896.0,1454.1,1.4541308937368052,187.3,116106520.80000001
Mali,Maize,2000,161053.0,214548.0,1332.2,1.332157736894066,107.7,23106819.6
Mali,Maize,2001,260627.0,301931.0,1158.5,1.158479359391007,111.9,33786078.9
Mali,Maize,2002,318161.0,365174.0,1147.8,1.1477648108976273,170.7,62335201.8
Mali,Maize,2003,316683.0,454758.0,1436.0,1.4360038271710196,132.5,60255435.0
Mali,Maize,2004,252311.0,459463.0,1821.0,1.8210185049403316,100.3,46084138.9
Mali,Maize,2005,424861.0,634464.0,1493.3,1.493344882208534,163.0,103417632.0
Mali,Maize,2006,412484.0,706737.0,1713.4,1.7133682761028306,137.7,97317684.89999999
Mali,Maize,2007,409916.0,689918.0,1683.1,1.6830716537046615,154.4,106523339.2
Mali,Maize,2008,352263.0,695073.0,1973.2,1.9731649364253412,169.7,117953888.1
Mali,Maize,2009,442890.0,1476993.0,3334.9,3.3348980559506876,175.8,259655369.4
Mali,Maize,2010,504362.0,1356043.0,2688.6,2.688630388490806,205.9,279209253.7
Mali,Maize,2011,924850.0,1298234.0,1403.7,1.4037238471103421,360.3,467753710.2
Mali,Maize,2012,580881.0,1418907.0,2442.7,2.4426810310545535,299.7,425246427.9
Mali,Maize,2013,630832.0,1635564.0,2592.7,2.592709310878332,212.5,347557350.0
Mali,Maize,2014,803136.0,1744026.0,2171.5,2.1715201410470955,182.0,317412732.0
Mali,Maize,2015,899640.0,2276036.0,2529.9,2.529940865234983,170.7,388519345.2
Mali,Maize,2016,1031522.0,2811385.0,2725.5,2.7254726510922693,175.5,493398067.5
Mali,Maize,2017,1233008.0,3598205.0,2918.2,2.9182332961343316,189.8,682939309.0
Mali,Maize,2018,1258559.0,3624949.97,2880.2,2.880238407575648,242.4,878687872.728
Mali,Maize,2019,1432151.0,3816536.0,2664.9,2.6648977656685644,155.1,591944733.6
Mali,Maize,2020,1170148.0,3516865.0,3005.5,3.0054873400629663,178.1,626353656.5
Mali,Maize,2021,1536189.0,3603000.0,2345.4,2.345414529071618,219.2,789777600.0
Mali,Maize,2022,1454000.0,3904687.0,2685.5,2.6854793672627237,339.0,1323688893.0
Mali,Maize,2023,1509160.0,3386941.0,2244.3,2.2442557449177025,268.1,908038882.1
Mali,Maize,2024,1598149.0,3952763.0,2473.3,2.4733382181511234,270.1,1067641286.3000001
Mali,Millet,1961,740000.0,476000.0,643.2,0.6432432432432432,,
Mali,Millet,1962,740000.0,498000.0,673.0,0.672972972972973,,
Mali,Millet,1963,806000.0,443000.0,549.6,0.5496277915632755,,
Mali,Millet,1964,554000.0,380000.0,685.9,0.6859205776173285,,
Mali,Millet,1965,537000.0,414000.0,770.9,0.770949720670391,,
Mali,Millet,1966,597000.0,440000.0,737.0,0.7370184254606366,,
Mali,Millet,1967,615000.0,493000.0,801.6,0.8016260162601626,,
Mali,Millet,1968,597000.0,436000.0,730.3,0.7303182579564489,,
Mali,Millet,1969,639000.0,525000.0,821.6,0.8215962441314554,,
Mali,Millet,1970,542000.0,411000.0,758.3,0.7583025830258303,,
Mali,Millet,1971,525000.0,417000.0,794.3,0.7942857142857143,,
Mali,Millet,1972,537000.0,359000.0,668.5,0.6685288640595903,,
Mali,Millet,1973,597000.0,380000.0,636.5,0.6365159128978225,,
Mali,Millet,1974,657000.0,460000.0,700.2,0.700152207001522,,
Mali,Millet,1975,670000.0,532000.0,794.0,0.7940298507462686,,
Mali,Millet,1976,844000.0,477000.0,565.2,0.5651658767772512,,
Mali,Millet,1977,846000.0,432000.0,510.6,0.5106382978723404,,
Mali,Millet,1978,546000.0,523000.0,957.9,0.9578754578754579,,
Mali,Millet,1979,570000.0,429000.0,752.6,0.7526315789473684,,
Mali,Millet,1980,660000.0,407000.0,616.7,0.6166666666666667,,
Mali,Millet,1981,700000.0,546000.0,780.0,0.78,,
Mali,Millet,1982,813000.0,608000.0,747.8,0.7478474784747847,,
Mali,Millet,1983,815200.0,566321.0,694.7,0.6947019136408243,,
Mali,Millet,1984,909571.0,506521.0,556.9,0.5568790121936605,,
Mali,Millet,1985,840688.0,871312.0,1036.4,1.0364273071579468,,
Mali,Millet,1986,821877.0,805763.0,980.4,0.9803936598785463,,
Mali,Millet,1987,781763.0,693526.0,887.1,0.8871307544613904,,
Mali,Millet,1988,1195898.0,999901.0,836.1,0.8361089323671417,,
Mali,Millet,1989,1083091.0,841793.0,777.2,0.7772135490000378,,
Mali,Millet,1990,1213367.0,737007.0,607.4,0.6074064977867373,,
Mali,Millet,1991,1074722.0,889896.0,828.0,0.8280243635098193,156.0,138823776.0
Mali,Millet,1992,1060515.0,582296.0,549.1,0.5490690843599572,170.0,98990320.0
Mali,Millet,1993,1345856.0,708062.0,526.1,0.526105318845404,158.9,112511051.8
Mali,Millet,1994,1403831.0,897592.0,639.4,0.6393875046212828,91.9,82488704.80000001
Mali,Millet,1995,1285540.0,706666.0,549.7,0.5497036264915911,194.3,137305203.8
Mali,Millet,1996,935655.0,738856.0,789.7,0.7896671315816193,150.5,111197828.0
Mali,Millet,1997,878941.0,641088.0,729.4,0.7293868416651402,160.9,103151059.2
Mali,Millet,1998,910816.0,813615.0,893.3,0.8932814091979061,210.5,171265957.5
Mali,Millet,1999,932307.0,818905.0,878.4,0.8783641010954546,143.5,117512867.5
Mali,Millet,2000,1078624.0,759114.0,703.8,0.7037800011866971,85.1,64600601.4
Mali,Millet,2001,1142388.0,792548.0,693.8,0.6937642902411439,140.5,111352994.0
Mali,Millet,2002,1557590.0,795146.0,510.5,0.5104976277454273,206.6,164277163.6
Mali,Millet,2003,1888889.0,1260498.0,667.3,0.6673224313339746,192.7,242897964.6
Mali,Millet,2004,1184607.0,974673.0,822.8,0.8227817326759002,124.9,121736657.7
Mali,Millet,2005,1484190.0,1157810.0,780.1,0.7800955403283946,237.0,274400970.0
Mali,Millet,2006,1495860.0,1128773.0,754.6,0.75459802387924,195.1,220223612.29999998
Mali,Millet,2007,1586278.0,1175107.0,740.8,0.740795119140529,202.4,237841656.8
Mali,Millet,2008,1576208.0,1413908.0,897.0,0.8970313562677007,236.7,334672023.59999996
Mali,Millet,2009,1439713.0,1449592.0,1006.9,1.0068617842583905,285.9,414438352.79999995
Mali,Millet,2010,1257043.0,1373342.0,1092.5,1.0925179170481838,266.5,365995643.0
Mali,Millet,2011,2283665.0,1462139.0,640.3,0.6402598454677021,466.2,681649201.8
Mali,Millet,2012,1873644.0,1680308.0,896.8,0.896812841713794,407.4,684557479.1999999
Mali,Millet,2013,1967200.0,1854175.0,942.5,0.9425452419682798,291.5,540492012.5
Mali,Millet,2014,1743423.0,1715044.0,983.7,0.9837222521442014,279.1,478668780.40000004
Mali,Millet,2015,1943002.0,1864301.0,959.5,0.9594951523467294,218.0,406417618.0
Mali,Millet,2016,2040152.0,1806559.0,885.5,0.8855021586626879,216.0,390216744.0
Mali,Millet,2017,2155729.0,1492650.0,692.4,0.6924107807614037,296.8,443018520.0
Mali,Millet,2018,2158263.0,1840320.81,852.7,0.852686076720029,322.6,593687493.3060001
Mali,Millet,2019,1989953.0,1878527.0,944.0,0.944005712697737,211.3,396932755.1
Mali,Millet,2020,2164374.0,1921171.0,887.6,0.8876335605583878,238.6,458391400.59999996
Mali,Millet,2021,2079082.0,1487683.0,715.5,0.7155480159031726,247.1,367606469.3
Mali,Millet,2022,2104437.0,1844664.0,876.6,0.876559383816194,440.1,811836626.4000001
Mali,Millet,2023,2155827.0,1942580.0,901.1,0.9010834357302325,318.2,618128956.0
Mali,Millet,2024,2123057.0,1984982.0,935.0,0.9349640636120462,394.7,783472395.4
Mali,Rice,1961,182000.0,185000.0,1016.5,1.0164835164835164,,
Mali,Rice,1962,200000.0,190000.0,950.0,0.95,,
Mali,Rice,1963,123000.0,165000.0,1341.5,1.3414634146341464,,
Mali,Rice,1964,158500.0,157800.0,995.6,0.9955835962145111,,
Mali,Rice,1965,169000.0,162000.0,958.6,0.9585798816568047,,
Mali,Rice,1966,177500.0,158000.0,890.1,0.8901408450704226,,
Mali,Rice,1967,197600.0,169300.0,856.8,0.8567813765182186,,
Mali,Rice,1968,162300.0,135700.0,836.1,0.836105976586568,,
Mali,Rice,1969,133300.0,156500.0,1174.0,1.1740435108777194,,
Mali,Rice,1970,172000.0,169400.0,984.9,0.9848837209302326,,
Mali,Rice,1971,169400.0,156800.0,925.6,0.9256198347107438,,
Mali,Rice,1972,167200.0,110000.0,657.9,0.6578947368421053,,
Mali,Rice,1973,185100.0,125000.0,675.3,0.6753106428957321,,
Mali,Rice,1974,197900.0,220000.0,1111.7,1.1116725618999495,,
Mali,Rice,1975,220000.0,259000.0,1177.3,1.1772727272727272,,
Mali,Rice,1976,178000.0,227000.0,1275.3,1.2752808988764044,,
Mali,Rice,1977,178000.0,199000.0,1118.0,1.1179775280898876,,
Mali,Rice,1978,111675.0,158292.0,1417.4,1.4174345198119542,,
Mali,Rice,1979,242534.0,240116.0,990.0,0.9900302637980655,,
Mali,Rice,1980,135275.0,131553.0,972.5,0.9724856773239697,,
Mali,Rice,1981,115593.0,134755.0,1165.8,1.1657712837282534,,
Mali,Rice,1982,181624.0,152633.0,840.4,0.8403790247984848,,
Mali,Rice,1983,187900.0,216000.0,1149.5,1.1495476317189994,,
Mali,Rice,1984,165176.0,109354.0,662.0,0.6620453334624885,,
Mali,Rice,1985,184833.0,213841.0,1156.9,1.1569416716711842,,
Mali,Rice,1986,190597.0,225138.0,1181.2,1.181225307848497,,
Mali,Rice,1987,163079.0,236568.0,1450.6,1.450634355128496,,
Mali,Rice,1988,231262.0,287797.0,1244.5,1.2444629900286255,,
Mali,Rice,1989,230919.0,337749.0,1462.6,1.4626297532901147,,
Mali,Rice,1990,196631.0,282366.0,1436.0,1.436019752734818,,
Mali,Rice,1991,263019.0,454349.0,1727.4,1.7274379417456533,223.3,101456131.7
Mali,Rice,1992,233194.0,410018.0,1758.3,1.7582699383346054,249.3,102217487.4
Mali,Rice,1993,246465.0,427609.0,1735.0,1.7349684539386931,300.2,128368221.8
Mali,Rice,1994,284003.0,469127.0,1651.8,1.651838184807907,156.7,73512200.89999999
Mali,Rice,1995,307469.0,476090.0,1548.4,1.548416263102947,236.4,112547676.0
Mali,Rice,1996,327806.0,627405.0,1914.0,1.9139521546280422,205.3,128806246.5
Mali,Rice,1997,327991.0,575745.0,1755.4,1.7553682875444754,188.5,108527932.5
Mali,Rice,1998,326433.0,717856.0,2199.1,2.199091390882662,186.5,133880144.0
Mali,Rice,1999,325107.0,727140.0,2236.6,2.236617482859489,178.7,129939917.99999999
Mali,Rice,2000,352739.0,742808.0,2105.8,2.1058289556867824,154.5,114763836.0
Mali,Rice,2001,468239.0,940938.0,2009.5,2.0095250502414364,165.1,155348863.79999998
Mali,Rice,2002,356611.0,693203.0,1943.9,1.9438632010790469,177.9,123320813.7
Mali,Rice,2003,405641.0,938217.0,2312.9,2.312924482485745,208.2,195336779.39999998
Mali,Rice,2004,314915.0,718086.0,2280.3,2.280253401711573,208.2,149505505.2
Mali,Rice,2005,414023.0,945823.0,2284.5,2.284469703373967,274.9,260006742.7
Mali,Rice,2006,408494.0,1053236.0,2578.3,2.578338971931044,262.0,275947832.0
Mali,Rice,2007,391869.0,1082384.0,2762.1,2.762106724441076,235.8,255226147.20000002
Mali,Rice,2008,482552.0,1624246.0,3366.0,3.365950198113364,339.4,551269092.4
Mali,Rice,2009,526784.0,1614408.0,3064.6,3.0646488883489247,315.6,509507164.8
Mali,Rice,2010,615936.0,1296154.0,2104.4,2.1043647391936826,373.5,484113519.0
Mali,Rice,2011,576460.0,1741472.0,3021.0,3.0209763036463935,415.4,723407468.8
Mali,Rice,2012,602100.0,2076423.0,3448.6,3.448634778276034,329.1,683350809.3000001
Mali,Rice,2013,659022.0,1977669.0,3000.9,3.000914992215738,277.3,548407613.7
Mali,Rice,2014,684184.0,2166830.0,3167.0,3.167028167861277,307.4,666083542.0
Mali,Rice,2015,762140.0,2331053.0,3058.6,3.0585627312567243,260.3,606773095.9
Mali,Rice,2016,834643.0,2780905.0,3331.8,3.3318496650663816,291.9,811746169.4999999
Mali,Rice,2017,767874.0,2707557.0,3526.0,3.526043335234687,276.5,748639510.5
Mali,Rice,2018,969519.0,3167527.62,3267.1,3.2671124753614937,298.6,945823747.3320001
Mali,Rice,2019,924644.0,3196336.0,3456.8,3.456828790323627,247.1,789814625.6
Mali,Rice,2020,898060.0,3010027.0,3351.7,3.3516992183150345,270.2,813309295.4
Mali,Rice,2021,874031.0,2420245.0,2769.1,2.769060822785462,298.2,721717059.0
Mali,Rice,2022,888116.0,2864723.0,3225.6,3.225618049894383,298.4,854833343.1999999
Mali,Rice,2023,906982.0,3023891.0,3334.0,3.3340143464809664,308.7,933475151.6999999
Mali,Rice,2024,789529.0,2756344.0,3491.1,3.4911244552131713,374.2,1031423924.8
Mali,Sorghum,1961,500000.0,352000.0,704.0,0.704,,
Mali,Sorghum,1962,500000.0,369000.0,738.0,0.738,,
Mali,Sorghum,1963,544000.0,327000.0,601.1,0.6011029411764706,,
Mali,Sorghum,1964,374000.0,281000.0,751.3,0.7513368983957219,,
Mali,Sorghum,1965,363000.0,306000.0,843.0,0.8429752066115702,,
Mali,Sorghum,1966,403000.0,325000.0,806.5,0.8064516129032258,,
Mali,Sorghum,1967,570000.0,364000.0,638.6,0.6385964912280702,,
Mali,Sorghum,1968,403000.0,321000.0,796.5,0.7965260545905707,,
Mali,Sorghum,1969,431000.0,388000.0,900.2,0.9002320185614849,,
Mali,Sorghum,1970,366000.0,304000.0,830.6,0.8306010928961749,,
Mali,Sorghum,1971,355000.0,308000.0,867.6,0.8676056338028169,,
Mali,Sorghum,1972,362000.0,265000.0,732.0,0.7320441988950276,,
Mali,Sorghum,1973,403000.0,280000.0,694.8,0.6947890818858561,,
Mali,Sorghum,1974,443000.0,340000.0,767.5,0.7674943566591422,,
Mali,Sorghum,1975,451000.0,393000.0,871.4,0.8713968957871396,,
Mali,Sorghum,1976,570000.0,353000.0,619.3,0.6192982456140351,,
Mali,Sorghum,1977,571000.0,319000.0,558.7,0.5586690017513135,,
Mali,Sorghum,1978,369000.0,387000.0,1048.8,1.048780487804878,,
Mali,Sorghum,1979,384000.0,317000.0,825.5,0.8255208333333334,,
Mali,Sorghum,1980,446000.0,356271.0,798.8,0.7988139013452915,,
Mali,Sorghum,1981,472000.0,404000.0,855.9,0.8559322033898306,,
Mali,Sorghum,1982,549000.0,449000.0,817.9,0.8178506375227687,,
Mali,Sorghum,1983,580400.0,503700.0,867.8,0.8678497587870434,,
Mali,Sorghum,1984,387182.0,369818.0,955.2,0.9551528738422758,,
Mali,Sorghum,1985,424874.0,477108.0,1122.9,1.1229399774992115,,
Mali,Sorghum,1986,417692.0,464565.0,1112.2,1.1122190513584171,,
Mali,Sorghum,1987,491223.0,513176.0,1044.7,1.0446904969840582,,
Mali,Sorghum,1988,679114.0,672429.0,990.2,0.9901562918744128,,
Mali,Sorghum,1989,774470.0,730836.0,943.7,0.9436595349077433,,
Mali,Sorghum,1990,808719.0,531433.0,657.1,0.6571293613727388,,
Mali,Sorghum,1991,706583.0,770044.0,1089.8,1.0898139355178373,145.3,111887393.2
Mali,Sorghum,1992,933834.0,602254.0,644.9,0.6449261860244968,170.0,102383180.0
Mali,Sorghum,1993,1031131.0,776879.0,753.4,0.753424152702227,134.2,104257161.8
Mali,Sorghum,1994,976610.0,746218.0,764.1,0.7640900666591577,106.3,79322973.39999999
Mali,Sorghum,1995,852729.0,711644.0,834.5,0.8345488425982932,198.3,141119005.20000002
Mali,Sorghum,1996,541185.0,540644.0,999.0,0.9990003418424384,150.5,81366922.0
Mali,Sorghum,1997,573034.0,559133.0,975.7,0.9757414045239898,161.3,90188152.9
Mali,Sorghum,1998,616630.0,600389.0,973.7,0.9736616771808053,214.2,128603323.8
Mali,Sorghum,1999,733037.0,688830.0,939.7,0.9396933579068997,139.9,96367317.0
Mali,Sorghum,2000,674768.0,564661.0,836.8,0.8368224337846489,87.4,49351371.400000006
Mali,Sorghum,2001,702478.0,517748.0,737.0,0.737030910576559,126.9,65702221.2
Mali,Sorghum,2002,923403.0,641848.0,695.1,0.6950897928640041,205.2,131707209.6
Mali,Sorghum,2003,822331.0,727632.0,884.8,0.8848407757946618,168.6,122678755.2
Mali,Sorghum,2004,577021.0,664083.0,1150.9,1.150881856986141,117.4,77963344.2
Mali,Sorghum,2005,744172.0,629127.0,845.4,0.8454053632762318,235.1,147907757.7
Mali,Sorghum,2006,917053.0,769681.0,839.3,0.8392982739274611,187.4,144238219.4
Mali,Sorghum,2007,1090244.0,900791.0,826.2,0.8262288074963036,156.5,140973791.5
Mali,Sorghum,2008,990995.0,1027202.0,1036.5,1.0365360067407,218.8,224751797.60000002
Mali,Sorghum,2009,919407.0,1465620.0,1594.1,1.5940927141081154,235.1,344567262.0
Mali,Sorghum,2010,1257011.0,1250868.0,995.1,0.9951130101486781,214.0,267685752.0
Mali,Sorghum,2011,1685412.0,1191020.0,706.7,0.7066640085628915,423.8,504754276.0
Mali,Sorghum,2012,1245569.0,1321760.0,1061.2,1.061169634119025,382.0,504912320.0
Mali,Sorghum,2013,1328618.0,1468439.0,1105.2,1.1052379239179357,234.8,344789477.2
Mali,Sorghum,2014,1204652.0,1271880.0,1055.8,1.0558069882422476,240.7,306141516.0
Mali,Sorghum,2015,1457267.0,1527456.0,1048.2,1.0481648181150056,201.1,307171401.59999996
Mali,Sorghum,2016,1560121.0,1393826.0,893.4,0.8934089086679815,187.3,261063609.8
Mali,Sorghum,2017,1585986.0,1423358.0,897.5,0.8974593722769305,254.4,362102275.2
Mali,Sorghum,2018,1435122.0,1469687.94,1024.1,1.0240857153607845,308.9,453986604.66599995
Mali,Sorghum,2019,1500778.0,1511110.0,1006.9,1.0068844292760155,177.7,268524247.0
Mali,Sorghum,2020,1831825.0,1822694.0,995.0,0.9950153535408677,205.6,374745886.4
Mali,Sorghum,2021,1546030.0,1239656.0,801.8,0.8018317885163936,216.2,268013627.2
Mali,Sorghum,2022,1639394.0,1603394.0,978.0,0.9780406662461861,387.3,620994496.2
Mali,Sorghum,2023,1632824.0,1528008.0,935.8,0.9358069210153697,295.8,451984766.40000004
Mali,Sorghum,2024,1693748.0,1640848.0,968.8,0.9687674907955611,333.8,547715062.4
Mali,Yam,1961,2000.0,7000.0,3500.0,3.5,,
Mali,Yam,1962,2000.0,7400.0,3700.0,3.7,,
Mali,Yam,1963,2000.0,7700.0,3850.0,3.85,,
Mali,Yam,1964,2000.0,8100.0,4050.0,4.05,,
Mali,Yam,1965,2000.0,8300.0,4150.0,4.15,,
Mali,Yam,1966,2000.0,8500.0,4250.0,4.25,,
Mali,Yam,1967,2000.0,8700.0,4350.0,4.35,,
Mali,Yam,1968,2000.0,8900.0,4450.0,4.45,,
Mali,Yam,1969,2000.0,9000.0,4500.0,4.5,,
Mali,Yam,1970,2000.0,9200.0,4600.0,4.6,,
Mali,Yam,1971,2000.0,9400.0,4700.0,4.7,,
Mali,Yam,1972,2000.0,8800.0,4400.0,4.4,,
Mali,Yam,1973,2000.0,8500.0,4250.0,4.25,,
Mali,Yam,1974,2300.0,9000.0,3913.0,3.9130434782608696,,
Mali,Yam,1975,2500.0,10000.0,4000.0,4.0,,
Mali,Yam,1976,2800.0,11000.0,3928.6,3.9285714285714284,,
Mali,Yam,1977,3000.0,12000.0,4000.0,4.0,,
Mali,Yam,1978,3300.0,13000.0,3939.4,3.9393939393939394,,
Mali,Yam,1979,3500.0,14000.0,4000.0,4.0,,
Mali,Yam,1980,3700.0,15000.0,4054.1,4.054054054054054,,
Mali,Yam,1981,3700.0,15000.0,4054.1,4.054054054054054,,
Mali,Yam,1982,3700.0,15000.0,4054.1,4.054054054054054,,
Mali,Yam,1983,5000.0,20000.0,4000.0,4.0,,
Mali,Yam,1984,2800.0,12900.0,4607.1,4.607142857142857,,
Mali,Yam,1985,4557.0,13027.0,2858.7,2.858678955453149,,
Mali,Yam,1986,4608.0,11264.0,2444.4,2.4444444444444446,,
Mali,Yam,1987,2669.0,7858.0,2944.2,2.944173847883102,,
Mali,Yam,1988,1477.0,5385.0,3645.9,3.6459038591740014,,
Mali,Yam,1989,1390.0,4324.0,3110.8,3.110791366906475,,
Mali,Yam,1990,2465.0,11115.0,4509.1,4.509127789046653,,
Mali,Yam,1991,2964.0,14955.0,5045.5,5.045546558704453,,
Mali,Yam,1992,1940.0,7199.0,3710.8,3.7108247422680414,,
Mali,Yam,1993,4086.0,17579.0,4302.3,4.302251590797846,,
Mali,Yam,1994,2500.0,10526.0,4210.4,4.2104,,
Mali,Yam,1995,3000.0,12000.0,4000.0,4.0,,
Mali,Yam,1996,3500.0,13000.0,3714.3,3.7142857142857144,,
Mali,Yam,1997,4000.0,14000.0,3500.0,3.5,,
Mali,Yam,1998,5215.0,14798.0,2837.6,2.8375838926174497,,
Mali,Yam,1999,3990.0,48820.0,12235.6,12.235588972431078,,
Mali,Yam,2000,790.0,15411.0,19507.6,19.50759493670886,,
Mali,Yam,2001,3649.0,36790.0,10082.2,10.08221430528912,,
Mali,Yam,2002,3616.0,47779.0,13213.2,13.213219026548673,475.3,22709358.7
Mali,Yam,2003,2424.0,31020.0,12797.0,12.797029702970297,,
Mali,Yam,2004,604.0,12425.0,20571.2,20.571192052980134,342.6,4256805.0
Mali,Yam,2005,2878.0,47751.0,16591.7,16.591730368311328,628.1,29992403.1
Mali,Yam,2006,3110.0,77750.0,25000.0,25.0,631.1,49068025.0
Mali,Yam,2007,3412.0,85280.0,24994.1,24.99413833528722,304.6,25976288.000000004
Mali,Yam,2008,3151.0,67110.0,21298.0,21.298000634719138,,
Mali,Yam,2009,3222.0,65433.0,20308.2,20.308193668528865,,
Mali,Yam,2010,3838.0,90138.0,23485.7,23.485669619593537,615.7,55497966.6
Mali,Yam,2011,3642.0,82186.91,22565.0,22.566422295442067,,
Mali,Yam,2012,3901.0,82949.0,21264.0,21.26352217380159,650.3,53941734.699999996
Mali,Yam,2013,3847.0,79173.0,20582.0,20.580452300493892,680.1,53845557.300000004
Mali,Yam,2014,5299.0,93305.0,17608.0,17.608039252689185,679.6,63410078.0
Mali,Yam,2015,5128.0,82818.0,16150.2,16.15015600624025,569.6,47173132.800000004
Mali,Yam,2016,4863.0,118863.0,24442.3,24.442319555829734,545.1,64792221.300000004
Mali,Yam,2017,4863.0,78844.0,16213.0,16.213037219823153,716.9,56523263.6
Mali,Yam,2018,5267.0,90976.0,17272.8,17.27283083349155,762.3,69351004.8
Mali,Yam,2019,4959.0,63936.0,12892.9,12.892921960072595,720.5,46065888.0
Mali,Yam,2020,6119.0,109822.85,17947.8,17.947842784768753,736.4,80873546.74
Mali,Yam,2021,5536.0,97858.0,17676.7,17.67666184971098,777.8,76113952.39999999
Mali,Yam,2022,6525.0,113496.0,17394.0,17.394022988505746,792.2,89911531.2
Mali,Yam,2023,3665.0,56707.0,15472.6,15.472578444747613,792.3,44928956.099999994
Mali,Yam,2024,6630.0,116157.77,17520.0,17.52002564102564,807.8,93832246.60599999
Niger,Cassava,1961,15790.0,130000.0,8233.1,8.233058898036733,,
Niger,Cassava,1962,16500.0,133000.0,8060.6,8.06060606060606,,
Niger,Cassava,1963,16210.0,136200.0,8402.2,8.402220851326343,,
Niger,Cassava,1964,17270.0,149180.0,8638.1,8.638100752750434,,
Niger,Cassava,1965,19070.0,150000.0,7865.8,7.865757734661773,,
Niger,Cassava,1966,21340.0,148500.0,6958.8,6.958762886597938,,
Niger,Cassava,1967,23514.0,168800.0,7178.7,7.178702049842647,,
Niger,Cassava,1968,26800.0,197600.0,7373.1,7.373134328358209,,
Niger,Cassava,1969,27543.0,197400.0,7167.0,7.166975275024507,,
Niger,Cassava,1970,24300.0,181600.0,7473.3,7.473251028806584,,
Niger,Cassava,1971,24300.0,165770.0,6821.8,6.821810699588477,,
Niger,Cassava,1972,18527.0,94741.0,5113.7,5.11367193825228,,
Niger,Cassava,1973,23772.0,155897.0,6558.0,6.558009422850413,,
Niger,Cassava,1974,31235.0,200568.0,6421.3,6.4212582039378905,,
Niger,Cassava,1975,34900.0,175590.0,5031.2,5.031232091690544,,
Niger,Cassava,1976,22000.0,197400.0,8972.7,8.972727272727273,,
Niger,Cassava,1977,20700.0,179800.0,8686.0,8.68599033816425,,
Niger,Cassava,1978,26088.0,204860.0,7852.7,7.852652560564244,,
Niger,Cassava,1979,27995.0,224097.0,8004.9,8.004893731023397,,
Niger,Cassava,1980,21000.0,162000.0,7714.3,7.714285714285714,,
Niger,Cassava,1981,26000.0,188100.0,7234.6,7.234615384615385,,
Niger,Cassava,1982,33700.0,219800.0,6522.3,6.5222551928783385,,
Niger,Cassava,1983,25000.0,165000.0,6600.0,6.6,,
Niger,Cassava,1984,20000.0,188000.0,9400.0,9.4,,
Niger,Cassava,1985,20000.0,196000.0,9800.0,9.8,,
Niger,Cassava,1986,26000.0,199000.0,7653.8,7.653846153846154,,
Niger,Cassava,1987,26500.0,200000.0,7547.2,7.547169811320755,,
Niger,Cassava,1988,22000.0,180000.0,8181.8,8.181818181818182,,
Niger,Cassava,1989,19000.0,160000.0,8421.1,8.421052631578947,,
Niger,Cassava,1990,16000.0,141900.0,8868.8,8.86875,,
Niger,Cassava,1991,13000.0,126300.0,9715.4,9.715384615384615,,
Niger,Cassava,1992,7000.0,76300.0,10900.0,10.9,,
Niger,Cassava,1993,10000.0,116500.0,11650.0,11.65,211.9,24686350.0
Niger,Cassava,1994,5500.0,65400.0,11890.9,11.89090909090909,113.5,7422900.0
Niger,Cassava,1995,6000.0,77700.0,12950.0,12.95,130.2,10116540.0
Niger,Cassava,1996,7400.0,96100.0,12986.5,12.986486486486486,129.0,12396900.0
Niger,Cassava,1997,8600.0,129500.0,15058.1,15.05813953488372,106.2,13752900.0
Niger,Cassava,1998,9800.0,156529.0,15972.3,15.97234693877551,118.7,18579992.3
Niger,Cassava,1999,5540.0,100767.0,18189.0,18.18898916967509,112.1,11295980.7
Niger,Cassava,2000,7086.0,164515.0,23216.9,23.21690657634773,101.1,16632466.499999998
Niger,Cassava,2001,5017.0,105494.0,21027.3,21.02730715567072,100.9,10644344.600000001
Niger,Cassava,2002,6000.0,121700.0,20283.3,20.283333333333335,104.7,12741990.0
Niger,Cassava,2003,6800.0,121700.0,17897.1,17.897058823529413,120.4,14652680.0
Niger,Cassava,2004,6300.0,106100.0,16841.3,16.841269841269842,,
Niger,Cassava,2005,7500.0,119600.0,15946.7,15.946666666666667,,
Niger,Cassava,2006,8519.0,138200.0,16222.3,16.222561333489846,,
Niger,Cassava,2007,9600.0,145500.0,15156.3,15.15625,,
Niger,Cassava,2008,7941.0,110214.0,13879.1,13.879108424631658,384.1,42333197.400000006
Niger,Cassava,2009,6730.0,107625.0,15991.8,15.99182763744428,410.9,44223112.5
Niger,Cassava,2010,5189.0,113008.0,21778.4,21.77837733667373,,
Niger,Cassava,2011,7099.0,76324.0,10751.4,10.75137343287787,,
Niger,Cassava,2012,6679.0,107269.0,16060.6,16.060637820032937,,
Niger,Cassava,2013,7816.0,156100.0,19971.9,19.971852610030705,,
Niger,Cassava,2014,6651.0,133099.0,20011.9,20.011877913095773,,
Niger,Cassava,2015,7844.0,184612.0,23535.4,23.53544110147884,,
Niger,Cassava,2016,6272.0,146563.0,23367.8,23.36782525510204,,
Niger,Cassava,2017,13855.0,319653.0,23071.3,23.071309996391193,,
Niger,Cassava,2018,15875.0,372408.29,23459.2,23.458789921259843,,
Niger,Cassava,2019,18121.0,513670.79,28347.3,28.346713205672977,,
Niger,Cassava,2020,22109.0,658234.11,29772.6,29.772224433488624,182.4,120061901.664
Niger,Cassava,2021,13753.0,374207.49,27208.6,27.20915363920599,193.0,72222045.57
Niger,Cassava,2022,34678.0,1130208.34,32591.3,32.591508737528116,174.7,197447396.998
Niger,Cassava,2023,26761.0,758537.74,28344.9,28.344895183289115,,
Niger,Cassava,2024,42156.0,1124741.78,26680.8,26.680467311889174,,
Niger,Cowpea,1961,427000.0,50000.0,117.1,0.117096018735363,,
Niger,Cowpea,1962,475000.0,73500.0,154.7,0.15473684210526314,,
Niger,Cowpea,1963,506000.0,80000.0,158.1,0.15810276679841898,,
Niger,Cowpea,1964,519350.0,86028.0,165.6,0.16564551843650718,,
Niger,Cowpea,1965,468142.0,76478.0,163.4,0.16336496191326563,,
Niger,Cowpea,1966,608300.0,67600.0,111.1,0.11112937695216177,,
Niger,Cowpea,1967,689400.0,77000.0,111.7,0.1116913257905425,,
Niger,Cowpea,1968,744500.0,74200.0,99.7,0.09966420416386837,,
Niger,Cowpea,1969,968100.0,83300.0,86.0,0.08604483007953724,,
Niger,Cowpea,1970,979800.0,84300.0,86.0,0.08603796693202695,,
Niger,Cowpea,1971,999600.0,72100.0,72.1,0.07212885154061624,,
Niger,Cowpea,1972,920590.0,144079.0,156.5,0.1565072399222238,,
Niger,Cowpea,1973,832000.0,92183.0,110.8,0.110796875,,
Niger,Cowpea,1974,918800.0,132700.0,144.4,0.14442751414888985,,
Niger,Cowpea,1975,839300.0,218500.0,260.3,0.2603359942809484,,
Niger,Cowpea,1976,873400.0,216100.0,247.4,0.24742386077398673,,
Niger,Cowpea,1977,726300.0,206800.0,284.7,0.2847308274817569,,
Niger,Cowpea,1978,952440.0,271490.0,285.0,0.28504682709672,,
Niger,Cowpea,1979,944400.0,304050.0,322.0,0.32195044472681067,,
Niger,Cowpea,1980,1105100.0,266300.0,241.0,0.24097366754139896,,
Niger,Cowpea,1981,1215700.0,275100.0,226.3,0.22628938060376738,,
Niger,Cowpea,1982,1371668.0,254380.0,185.5,0.18545303965682658,,
Niger,Cowpea,1983,1549135.0,243526.0,157.2,0.15720127684159224,,
Niger,Cowpea,1984,1512738.0,183929.0,121.6,0.12158681807424683,,
Niger,Cowpea,1985,1566269.0,119167.0,76.1,0.07608335477494607,,
Niger,Cowpea,1986,1590541.0,284809.0,179.1,0.17906423034678137,,
Niger,Cowpea,1987,1790800.0,201636.0,112.6,0.1125954880500335,,
Niger,Cowpea,1988,1925194.0,303924.0,157.9,0.1578666877208219,,
Niger,Cowpea,1989,2199838.0,318750.0,144.9,0.14489703332699955,,
Niger,Cowpea,1990,2585328.0,216565.0,83.8,0.08376693402152455,,
Niger,Cowpea,1991,2871450.0,382200.0,133.1,0.13310348430235594,,
Niger,Cowpea,1992,3906210.0,403450.0,103.3,0.10328425763079814,,
Niger,Cowpea,1994,2976520.0,384400.0,129.1,0.12914410116511899,,
Niger,Cowpea,1995,3439112.0,184062.0,53.5,0.053520211031219685,,
Niger,Cowpea,1996,3043968.0,296294.0,97.3,0.09733807976956393,,
Niger,Cowpea,1997,3295570.0,195572.0,59.3,0.05934390712380559,,
Niger,Cowpea,1998,3481607.0,693632.0,199.2,0.19922754061558354,,
Niger,Cowpea,1999,3793793.0,420084.0,110.7,0.11072928860377991,,
Niger,Cowpea,2000,3846277.0,262657.0,68.3,0.0682886333979586,,
Niger,Cowpea,2001,3512464.0,509469.0,145.0,0.1450460417530258,,
Niger,Cowpea,2002,3845212.0,654232.0,170.1,0.1701419843691323,,
Niger,Cowpea,2003,4103710.0,549035.0,133.8,0.1337899120551891,,
Niger,Cowpea,2004,2722186.0,339499.0,124.7,0.12471557784809709,,
Niger,Cowpea,2005,3464291.0,586078.0,169.2,0.16917689651360118,,
Niger,Cowpea,2006,4133495.0,712031.0,172.3,0.17225882697329983,,
Niger,Cowpea,2007,4768138.0,1001139.0,210.0,0.20996435086400603,,
Niger,Cowpea,2008,5242396.0,1548103.0,295.3,0.29530447528191306,,
Niger,Cowpea,2009,4156293.0,787472.0,189.5,0.18946498718930546,,
Niger,Cowpea,2010,5571401.0,1773688.0,318.4,0.31835583186347566,,
Niger,Cowpea,2011,4645247.0,1569156.0,337.8,0.337798183821011,,
Niger,Cowpea,2012,4706789.0,1335521.0,283.7,0.2837435457591152,,
Niger,Cowpea,2013,5130916.0,1789804.0,348.8,0.3488273828688679,,
Niger,Cowpea,2014,5325168.0,1593166.0,299.2,0.29917666447330865,,
Niger,Cowpea,2015,4915110.0,1672741.0,340.3,0.34032625922919324,,
Niger,Cowpea,2016,5192100.0,1987099.58,382.7,0.3827159684905915,,
Niger,Cowpea,2017,5861227.0,1958149.07,334.1,0.3340851787518211,,
Niger,Cowpea,2018,5889677.0,2376727.46,403.5,0.403541223058582,,
Niger,Cowpea,2019,5725433.0,2386735.34,416.9,0.4168654737554347,,
Niger,Cowpea,2020,5719499.0,2629772.0,459.8,0.45979062152122063,,
Niger,Cowpea,2021,5819043.0,1656054.0,284.6,0.2845921571639873,,
Niger,Cowpea,2022,5855618.0,2873857.81,490.8,0.4907864225432738,,
Niger,Cowpea,2023,5506304.0,2159387.65,392.2,0.3921664423177507,,
Niger,Cowpea,2024,5575434.0,2767637.4,496.4,0.49639855839025265,,
Niger,Groundnut,1961,348955.0,167000.0,478.6,0.47857173561060884,,
Niger,Groundnut,1962,323000.0,205370.0,635.8,0.6358204334365325,,
Niger,Groundnut,1963,318540.0,220330.0,691.7,0.6916870722672191,,
Niger,Groundnut,1964,292855.0,184356.0,629.5,0.6295128988748698,,
Niger,Groundnut,1965,341370.0,276535.0,810.1,0.8100741131323783,,
Niger,Groundnut,1966,355400.0,311900.0,877.6,0.877602701181767,,
Niger,Groundnut,1967,356562.0,298335.0,836.7,0.8366988069396065,,
Niger,Groundnut,1968,431958.0,252418.0,584.4,0.5843577384838341,,
Niger,Groundnut,1969,319788.0,206900.0,647.0,0.6469911316247013,,
Niger,Groundnut,1970,357500.0,204600.0,572.3,0.5723076923076923,,
Niger,Groundnut,1971,394200.0,256500.0,650.7,0.6506849315068494,,
Niger,Groundnut,1972,418454.0,260200.0,621.8,0.6218126723606417,,
Niger,Groundnut,1973,363787.0,77056.0,211.8,0.21181625511631808,,
Niger,Groundnut,1974,255965.0,129085.0,504.3,0.5043072295040337,,
Niger,Groundnut,1975,319700.0,41760.0,130.6,0.1306224585548952,,
Niger,Groundnut,1976,164200.0,79200.0,482.3,0.4823386114494519,,
Niger,Groundnut,1977,174300.0,82300.0,472.2,0.47217441193344806,,
Niger,Groundnut,1978,210200.0,96800.0,460.5,0.4605137963843958,,
Niger,Groundnut,1979,144935.0,88468.0,610.4,0.6103977645151275,,
Niger,Groundnut,1980,189600.0,126100.0,665.1,0.665084388185654,,
Niger,Groundnut,1981,208700.0,101800.0,487.8,0.4877815045519885,,
Niger,Groundnut,1982,190400.0,87500.0,459.6,0.45955882352941174,,
Niger,Groundnut,1983,159000.0,73700.0,463.5,0.46352201257861636,,
Niger,Groundnut,1984,142600.0,30000.0,210.4,0.21037868162692847,,
Niger,Groundnut,1985,118200.0,54500.0,461.1,0.461082910321489,,
Niger,Groundnut,1986,118200.0,60000.0,507.6,0.5076142131979695,,
Niger,Groundnut,1987,158240.0,40530.0,256.1,0.2561299292214358,,
Niger,Groundnut,1988,78256.0,12921.0,165.1,0.16511194029850745,,
Niger,Groundnut,1989,59518.0,25522.0,428.8,0.428811451997715,,
Niger,Groundnut,1990,62766.0,17533.0,279.3,0.2793391326514355,,
Niger,Groundnut,1991,135365.0,45794.0,338.3,0.3383001514423965,,
Niger,Groundnut,1992,175180.0,57100.0,326.0,0.325950450964722,,
Niger,Groundnut,1993,108400.0,25500.0,235.2,0.235239852398524,388.5,9906750.0
Niger,Groundnut,1994,150797.0,67433.0,447.2,0.4471773311140142,216.1,14572271.299999999
Niger,Groundnut,1995,269294.0,111092.0,412.5,0.41253054282679896,216.4,24040308.8
Niger,Groundnut,1996,416055.0,196230.0,471.6,0.4716443739409453,193.5,37970505.0
Niger,Groundnut,1997,232502.0,88428.0,380.3,0.38033221219602414,179.9,15908197.200000001
Niger,Groundnut,1998,225994.0,112136.0,496.2,0.4961901643406462,208.5,23380356.0
Niger,Groundnut,1999,250101.0,103760.0,414.9,0.4148723915538123,206.3,21405688.0
Niger,Groundnut,2000,360338.0,113216.0,314.2,0.31419389573123013,168.5,19076896.0
Niger,Groundnut,2001,192321.0,82006.0,426.4,0.4264016930028442,161.0,13202966.0
Niger,Groundnut,2002,334555.0,153729.0,459.5,0.45950292179163366,208.0,31975632.0
Niger,Groundnut,2003,423382.0,209369.0,494.5,0.4945155911210207,240.9,50436992.1
Niger,Groundnut,2004,349313.0,159079.0,455.4,0.45540532416486074,,
Niger,Groundnut,2005,309152.0,139035.0,449.7,0.4497302297898768,,
Niger,Groundnut,2006,310137.0,135900.0,438.2,0.4381934435426924,,
Niger,Groundnut,2007,375318.0,147676.0,393.5,0.39346900495046866,578.0,85356728.0
Niger,Groundnut,2008,675477.0,304969.0,451.5,0.45148687520078407,799.5,243822715.5
Niger,Groundnut,2009,588651.0,253497.0,430.6,0.4306405663117875,809.0,205079073.0
Niger,Groundnut,2010,795768.0,406245.0,510.5,0.5105068311367132,765.2,310858674.0
Niger,Groundnut,2011,690853.0,395669.0,572.7,0.5727253120417802,892.2,353015881.8
Niger,Groundnut,2012,741393.0,291826.0,393.6,0.39361849923050257,906.9,264656999.4
Niger,Groundnut,2013,706455.0,342772.0,485.2,0.48520004812762313,,
Niger,Groundnut,2014,778929.0,403365.0,517.8,0.5178456573063783,,
Niger,Groundnut,2015,718457.0,427324.0,594.8,0.5947802025730141,,
Niger,Groundnut,2016,771075.0,453576.86,588.2,0.5882396135265701,,
Niger,Groundnut,2017,921502.0,461842.0,501.2,0.5011839366599313,,
Niger,Groundnut,2018,919834.0,594162.02,645.9,0.6459448335243099,,
Niger,Groundnut,2019,899504.0,543950.5,604.7,0.6047227138511891,,
Niger,Groundnut,2020,896972.0,593669.0,661.9,0.6618590100917309,324.9,192883058.1
Niger,Groundnut,2021,1019567.0,518784.0,508.8,0.508827767081516,342.6,177735398.4
Niger,Groundnut,2022,1004594.0,672674.84,669.6,0.6695987035558644,312.6,210278154.984
Niger,Groundnut,2023,966498.0,560412.77,579.8,0.5798385201004037,,
Niger,Groundnut,2024,1043187.0,676651.32,648.6,0.6486385662398017,,
Niger,Maize,1961,2927.0,2194.0,749.6,0.7495729415784079,,
Niger,Maize,1962,3205.0,2350.0,733.2,0.733229329173167,,
Niger,Maize,1963,3285.0,2232.0,679.5,0.6794520547945205,,
Niger,Maize,1964,5105.0,4014.0,786.3,0.7862879529872674,,
Niger,Maize,1965,4435.0,2711.0,611.3,0.6112739571589628,,
Niger,Maize,1966,3475.0,2203.0,634.0,0.6339568345323741,,
Niger,Maize,1967,4571.0,2631.0,575.6,0.5755852111135419,,
Niger,Maize,1968,3627.0,1800.0,496.3,0.49627791563275436,,
Niger,Maize,1969,2840.0,1540.0,542.3,0.5422535211267606,,
Niger,Maize,1970,2670.0,1560.0,584.3,0.5842696629213483,,
Niger,Maize,1971,2860.0,1920.0,671.3,0.6713286713286714,,
Niger,Maize,1972,3600.0,2275.0,631.9,0.6319444444444444,,
Niger,Maize,1973,5179.0,2562.0,494.7,0.4946900946128596,,
Niger,Maize,1974,6035.0,3697.0,612.6,0.6125932062966032,,
Niger,Maize,1975,8000.0,3700.0,462.5,0.4625,,
Niger,Maize,1976,15800.0,11900.0,753.2,0.7531645569620253,,
Niger,Maize,1977,7700.0,5600.0,727.3,0.7272727272727273,,
Niger,Maize,1978,10900.0,8700.0,798.2,0.7981651376146789,,
Niger,Maize,1979,12172.0,9487.0,779.4,0.7794117647058824,,
Niger,Maize,1980,15200.0,10000.0,657.9,0.6578947368421053,,
Niger,Maize,1981,16000.0,11000.0,687.5,0.6875,,
Niger,Maize,1982,10695.0,7282.0,680.9,0.6808789153810192,,
Niger,Maize,1983,10515.0,6524.0,620.4,0.6204469805040418,,
Niger,Maize,1984,9410.0,3316.0,352.4,0.3523910733262487,,
Niger,Maize,1985,8020.0,2716.0,338.7,0.33865336658354117,,
Niger,Maize,1986,9400.0,6171.0,656.5,0.6564893617021277,,
Niger,Maize,1987,14019.0,7778.0,554.8,0.5548184606605321,,
Niger,Maize,1988,9560.0,4895.0,512.0,0.5120292887029289,,
Niger,Maize,1989,3634.0,2573.0,708.0,0.7080352228948816,,
Niger,Maize,1990,5600.0,1758.0,313.9,0.31392857142857145,,
Niger,Maize,1991,1949.0,1292.0,662.9,0.6629040533606978,,
Niger,Maize,1992,5700.0,4000.0,701.8,0.7017543859649122,,
Niger,Maize,1993,2500.0,2000.0,800.0,0.8,141.3,282600.0
Niger,Maize,1994,2407.0,2000.0,830.9,0.8309098462816784,115.3,230600.0
Niger,Maize,1995,1582.0,2000.0,1264.2,1.2642225031605563,138.2,276400.0
Niger,Maize,1996,5000.0,3625.0,725.0,0.725,138.8,503150.00000000006
Niger,Maize,1997,1415.0,1167.0,824.7,0.8247349823321555,140.5,163963.5
Niger,Maize,1998,5378.0,8160.0,1517.3,1.5172926738564523,140.7,1148112.0
Niger,Maize,1999,4911.0,1592.0,324.2,0.3241702300957035,129.9,206800.80000000002
Niger,Maize,2000,6149.0,3784.0,615.4,0.6153846153846154,118.0,446512.0
Niger,Maize,2001,8901.0,2325.0,261.2,0.26120660599932594,117.3,272722.5
Niger,Maize,2002,4967.0,2907.0,585.3,0.585262734044695,129.1,375293.7
Niger,Maize,2003,4358.0,2216.0,508.5,0.5084901330885727,149.7,331735.19999999995
Niger,Maize,2004,5287.0,3970.0,750.9,0.7508984301115945,,
Niger,Maize,2005,1186.0,979.0,825.5,0.8254637436762225,,
Niger,Maize,2006,16999.0,19085.0,1122.7,1.1227131007706335,,
Niger,Maize,2007,17771.0,19324.0,1087.4,1.0873895672725227,315.1,6088992.4
Niger,Maize,2008,6684.0,6409.0,958.9,0.9588569718731299,511.4,3277562.5999999996
Niger,Maize,2009,1541.0,1389.0,901.4,0.9013627514600908,480.7,667692.2999999999
Niger,Maize,2010,12398.0,9756.0,786.9,0.7869011130827552,422.0,4117032.0
Niger,Maize,2011,8308.0,6983.0,840.5,0.840515166104959,457.8,3196817.4
Niger,Maize,2012,15180.0,15844.0,1043.7,1.0437417654808958,477.9,7571847.6
Niger,Maize,2013,14452.0,17813.0,1232.6,1.2325629670633822,,
Niger,Maize,2014,32154.0,56596.83,1760.2,1.7601800709087516,,
Niger,Maize,2015,28936.0,35387.0,1222.9,1.2229402820016588,,
Niger,Maize,2016,31224.0,38022.36,1217.7,1.217728670253651,,
Niger,Maize,2017,26895.0,38344.55,1425.7,1.4257129577988474,,
Niger,Maize,2018,20185.0,29535.77,1463.2,1.4632534059945503,,
Niger,Maize,2019,24297.0,37900.27,1559.9,1.5598744700991891,,
Niger,Maize,2020,8481.0,6419.0,756.9,0.7568682938332744,338.8,2174757.2
Niger,Maize,2021,10467.0,5681.0,542.8,0.5427534154963217,362.5,2059362.5
Niger,Maize,2022,31066.0,46109.82,1484.2,1.48425352475375,331.9,15303849.258
Niger,Maize,2023,30664.0,43379.94,1414.7,1.4146862770675712,,
Niger,Maize,2024,36455.0,44297.95,1215.1,1.2151405842819913,,
Niger,Millet,1961,1640100.0,776000.0,473.1,0.4731418815925858,,
Niger,Millet,1962,1840000.0,934000.0,507.6,0.5076086956521739,,
Niger,Millet,1963,1887000.0,971000.0,514.6,0.5145733969263381,,
Niger,Millet,1964,1777000.0,1013400.0,570.3,0.5702870005627462,,
Niger,Millet,1965,1810000.0,789500.0,436.2,0.4361878453038674,,
Niger,Millet,1966,1743000.0,841800.0,483.0,0.482960413080895,,
Niger,Millet,1967,1865200.0,1000100.0,536.2,0.5361891486167704,,
Niger,Millet,1968,1895200.0,732600.0,386.6,0.3865555086534403,,
Niger,Millet,1969,2271900.0,1095400.0,482.2,0.48215150314714555,,
Niger,Millet,1970,2309800.0,870900.0,377.0,0.37704563165642047,,
Niger,Millet,1971,2355800.0,958900.0,407.0,0.4070379488920961,,
Niger,Millet,1972,2194500.0,918800.0,418.7,0.41868307131465027,,
Niger,Millet,1973,2007700.0,626900.0,312.2,0.3122478457936943,,
Niger,Millet,1974,2230000.0,882600.0,395.8,0.3957847533632287,,
Niger,Millet,1975,1692900.0,581300.0,343.4,0.34337527319983463,,
Niger,Millet,1976,2526900.0,1019100.0,403.3,0.4033004867624362,,
Niger,Millet,1977,2728500.0,1130300.0,414.3,0.41425691772035916,,
Niger,Millet,1978,2726700.0,1122600.0,411.7,0.4117064583562548,,
Niger,Millet,1979,2922085.0,1255153.0,429.5,0.42954020844705065,,
Niger,Millet,1980,3072360.0,1363600.0,443.8,0.44382819721647204,,
Niger,Millet,1981,3038000.0,1313900.0,432.5,0.4324884792626728,,
Niger,Millet,1982,3083800.0,1292500.0,419.1,0.4191257539399442,,
Niger,Millet,1983,3135550.0,1311206.0,418.2,0.4181741640222609,,
Niger,Millet,1984,3025695.0,770964.0,254.8,0.25480559012061693,,
Niger,Millet,1985,3168705.0,1450348.0,457.7,0.4577100108719493,,
Niger,Millet,1986,3239487.0,1383395.0,427.0,0.4270413803173157,,
Niger,Millet,1987,3016720.0,996930.0,330.5,0.33046819061762445,,
Niger,Millet,1988,3518003.0,1766306.0,502.1,0.5020763200031382,,
Niger,Millet,1989,3565738.0,1332728.0,373.8,0.37375937323493763,,
Niger,Millet,1990,4606093.0,1765532.0,383.3,0.3833035937398572,,
Niger,Millet,1991,4389733.0,1818000.0,414.1,0.4141481953458217,,
Niger,Millet,1992,4988796.0,1881000.0,377.0,0.37704488217197096,,
Niger,Millet,1993,4675272.0,1880000.0,402.1,0.40211564161400665,141.3,265644000.00000003
Niger,Millet,1994,4920056.0,1487000.0,302.2,0.30223233231491675,81.1,120595699.99999999
Niger,Millet,1995,5229430.0,1769328.0,338.3,0.3383405074740459,96.2,170209353.6
Niger,Millet,1996,5021190.0,1758005.0,350.1,0.3501172032924466,99.7,175273098.5
Niger,Millet,1997,4503635.0,1351918.0,300.2,0.3001837404674224,121.6,164393228.79999998
Niger,Millet,1998,5366055.0,2391282.0,445.6,0.4456312877896332,108.5,259454097.0
Niger,Millet,1999,5351201.0,2289686.0,427.9,0.42788263793492337,112.1,256673800.6
Niger,Millet,2000,5151395.0,1678631.0,325.9,0.32585950019363685,108.1,181460011.1
Niger,Millet,2001,5231937.0,2358741.0,450.8,0.4508351304688875,116.0,273613956.0
Niger,Millet,2002,5576500.0,2567219.0,460.4,0.4603638482919394,116.2,298310847.8
Niger,Millet,2003,5771300.0,2744908.0,475.6,0.475613466636633,122.2,335427757.6
Niger,Millet,2004,5604400.0,2037714.0,363.6,0.36359182071229745,,
Niger,Millet,2005,5893900.0,2652371.0,450.0,0.45001968136547954,,
Niger,Millet,2006,6229948.0,3008584.0,482.9,0.48292281091270745,,
Niger,Millet,2007,6170179.0,2781928.0,450.9,0.45086666043237966,310.9,864901415.1999999
Niger,Millet,2008,6738884.0,3489391.0,517.8,0.5177995347597614,415.4,1449493021.3999999
Niger,Millet,2009,6513144.0,2677855.0,411.1,0.41114629125350216,429.9,1151209864.5
Niger,Millet,2010,7253200.0,3837525.0,529.1,0.5290802680196327,411.9,1580676547.5
Niger,Millet,2011,7052175.0,2760917.0,391.5,0.39149865112536203,404.8,1117619201.6000001
Niger,Millet,2012,7095105.0,3862155.0,544.3,0.5443407814260677,507.3,1959271231.5
Niger,Millet,2013,7082959.0,2921982.0,412.5,0.412536907244557,,
Niger,Millet,2014,7358247.0,3321752.0,451.4,0.4514325219036545,,
Niger,Millet,2015,6426806.0,3404813.0,529.8,0.5297830679812024,,
Niger,Millet,2016,7230228.0,3886079.17,537.5,0.5374767116610983,,
Niger,Millet,2017,6998776.0,3790028.0,541.5,0.5415272613382683,,
Niger,Millet,2018,7033751.0,3856343.92,548.3,0.5482627861009012,,
Niger,Millet,2019,6831217.0,3270453.0,478.8,0.47875115078323527,,
Niger,Millet,2020,6743482.0,3508902.54,520.3,0.520339868928248,191.1,670551275.3939999
Niger,Millet,2021,6145774.0,2146706.0,349.3,0.3492979077981065,202.0,433634612.0
Niger,Millet,2022,6780623.0,3656958.05,539.3,0.5393247862327695,189.2,691896463.06
Niger,Millet,2023,6736592.0,3161868.0,469.4,0.4693572061362778,,
Niger,Millet,2024,6804476.0,3836015.13,563.7,0.563748792706448,,
Niger,Rice,1961,9155.0,9550.0,1043.1,1.0431458219552157,,
Niger,Rice,1962,9115.0,11196.0,1228.3,1.2283049917718047,,
Niger,Rice,1963,9373.0,10050.0,1072.2,1.0722287421316548,,
Niger,Rice,1964,9360.0,11790.0,1259.6,1.2596153846153846,,
Niger,Rice,1965,8700.0,11704.0,1345.3,1.345287356321839,,
Niger,Rice,1966,9200.0,20500.0,2228.3,2.2282608695652173,,
Niger,Rice,1967,11507.0,32522.0,2826.3,2.8262796558616494,,
Niger,Rice,1968,15291.0,39033.0,2552.7,2.5526780459093583,,
Niger,Rice,1969,15485.0,38000.0,2454.0,2.4539877300613497,,
Niger,Rice,1970,16400.0,37100.0,2262.2,2.2621951219512195,,
Niger,Rice,1971,17110.0,27300.0,1595.6,1.5955581531268264,,
Niger,Rice,1972,17185.0,31800.0,1850.5,1.8504509746872273,,
Niger,Rice,1973,17775.0,46309.0,2605.3,2.6052883263009847,,
Niger,Rice,1974,14810.0,30176.0,2037.5,2.037542201215395,,
Niger,Rice,1975,17200.0,29320.0,1704.7,1.7046511627906977,,
Niger,Rice,1976,21700.0,28700.0,1322.6,1.3225806451612903,,
Niger,Rice,1977,23000.0,26600.0,1156.5,1.1565217391304348,,
Niger,Rice,1978,25400.0,31600.0,1244.1,1.2440944881889764,,
Niger,Rice,1979,19523.0,23763.0,1217.2,1.2171797367207908,,
Niger,Rice,1980,20100.0,29900.0,1487.6,1.4875621890547264,,
Niger,Rice,1981,20700.0,38900.0,1879.2,1.8792270531400965,,
Niger,Rice,1982,20200.0,41200.0,2039.6,2.0396039603960396,,
Niger,Rice,1983,22200.0,44800.0,2018.0,2.018018018018018,,
Niger,Rice,1984,19300.0,48700.0,2523.3,2.523316062176166,,
Niger,Rice,1985,20600.0,56700.0,2752.4,2.7524271844660193,,
Niger,Rice,1986,27600.0,75300.0,2728.3,2.7282608695652173,,
Niger,Rice,1987,24800.0,60754.0,2449.8,2.449758064516129,,
Niger,Rice,1988,17600.0,52900.0,3005.7,3.0056818181818183,,
Niger,Rice,1989,22536.0,76953.0,3414.7,3.4146698615548456,,
Niger,Rice,1990,22989.0,72260.0,3143.2,3.143242420287964,,
Niger,Rice,1991,20979.0,74695.0,3560.5,3.560465227131894,,
Niger,Rice,1992,14500.0,47600.0,3282.8,3.282758620689655,,
Niger,Rice,1993,30000.0,78700.0,2623.3,2.6233333333333335,229.6,18069520.0
Niger,Rice,1994,28000.0,62000.0,2214.3,2.2142857142857144,180.1,11166200.0
Niger,Rice,1995,21000.0,51000.0,2428.6,2.4285714285714284,214.4,10934400.0
Niger,Rice,1996,31500.0,51200.0,1625.4,1.6253968253968254,205.3,10511360.0
Niger,Rice,1997,36976.0,83200.0,2250.1,2.250108178277802,188.5,15683200.0
Niger,Rice,1998,20000.0,58200.0,2910.0,2.91,203.4,11837880.0
Niger,Rice,1999,15078.0,61989.0,4111.2,4.1112216474333465,162.4,10067013.6
Niger,Rice,2000,22000.0,60453.0,2747.9,2.747863636363636,154.5,9339988.5
Niger,Rice,2001,27716.0,76400.0,2756.5,2.7565305238851203,143.2,10940480.0
Niger,Rice,2002,23853.0,75467.0,3163.8,3.1638368339412235,155.0,11697385.0
Niger,Rice,2003,18710.0,58080.0,3104.2,3.104222340994121,177.2,10291776.0
Niger,Rice,2004,23383.0,72367.0,3094.9,3.0948552367104307,,
Niger,Rice,2005,14683.0,56221.0,3829.0,3.828985902063611,,
Niger,Rice,2006,16475.0,60360.0,3663.7,3.663732928679818,,
Niger,Rice,2007,16757.0,60158.0,3590.0,3.5900220803246405,621.8,37406244.4
Niger,Rice,2008,16013.0,61025.0,3811.0,3.8109660900518327,877.6,53555540.0
Niger,Rice,2009,18179.0,79207.0,4357.1,4.357060344353375,887.4,70288291.8
Niger,Rice,2010,33446.0,102820.0,3074.2,3.074209172995276,791.5,81382030.0
Niger,Rice,2011,22272.0,74133.0,3328.5,3.3285290948275863,822.3,60959565.9
Niger,Rice,2012,16798.0,71289.0,4243.9,4.243898083105131,822.7,58649460.300000004
Niger,Rice,2013,21572.0,87106.0,4037.9,4.0379195253105875,,
Niger,Rice,2014,25678.0,103941.0,4047.9,4.047861983020485,,
Niger,Rice,2015,20916.0,90831.0,4342.7,4.342656339644291,,
Niger,Rice,2016,23508.0,104392.0,4440.7,4.440701037944529,,
Niger,Rice,2017,23803.0,112632.0,4731.8,4.731840524303659,,
Niger,Rice,2018,29958.0,101606.56,3391.7,3.3916336204018958,,
Niger,Rice,2019,26739.0,121760.37,4553.7,4.553662066644227,,
Niger,Rice,2020,27541.0,115000.0,4175.6,4.175592752623362,637.6,73324000.0
Niger,Rice,2021,32977.0,134000.0,4063.4,4.063438153864815,667.2,89404800.0
Niger,Rice,2022,38010.0,144422.0,3799.6,3.799579058142594,602.8,87057581.6
Niger,Rice,2023,39213.0,142592.0,3636.3,3.6363450896386404,,
Niger,Rice,2024,48714.0,164768.0,3382.4,3.3823541487046844,,
Niger,Sorghum,1961,453467.0,275440.0,607.4,0.6074091389230087,,
Niger,Sorghum,1962,463500.0,320375.0,691.2,0.6912081984897519,,
Niger,Sorghum,1963,485000.0,352000.0,725.8,0.7257731958762886,,
Niger,Sorghum,1964,453000.0,315425.0,696.3,0.6963024282560707,,
Niger,Sorghum,1965,465000.0,265600.0,571.2,0.5711827956989247,,
Niger,Sorghum,1966,545700.0,277082.0,507.8,0.5077551768370899,,
Niger,Sorghum,1967,530200.0,342162.0,645.3,0.6453451527725387,,
Niger,Sorghum,1968,595600.0,215100.0,361.1,0.3611484217595702,,
Niger,Sorghum,1969,595000.0,289300.0,486.2,0.486218487394958,,
Niger,Sorghum,1970,593100.0,230200.0,388.1,0.3881301635474625,,
Niger,Sorghum,1971,579300.0,266800.0,460.6,0.4605558432591058,,
Niger,Sorghum,1972,566800.0,208400.0,367.7,0.3676781933662668,,
Niger,Sorghum,1973,447996.0,126134.0,281.6,0.281551620996616,,
Niger,Sorghum,1974,547700.0,218850.0,399.6,0.3995800620777798,,
Niger,Sorghum,1975,790900.0,253800.0,320.9,0.32090024023264635,,
Niger,Sorghum,1976,615500.0,286600.0,465.6,0.4656376929325751,,
Niger,Sorghum,1977,732500.0,342000.0,466.9,0.4668941979522184,,
Niger,Sorghum,1978,795900.0,371200.0,466.4,0.466390250031411,,
Niger,Sorghum,1979,716660.0,350795.0,489.5,0.4894859487064996,,
Niger,Sorghum,1980,768313.0,367900.0,478.8,0.4788413055616656,,
Niger,Sorghum,1981,982300.0,321600.0,327.4,0.32739488954494556,,
Niger,Sorghum,1982,1134580.0,358731.0,316.2,0.31617955543020326,,
Niger,Sorghum,1983,1107190.0,355415.0,321.0,0.3210063313433105,,
Niger,Sorghum,1984,1098449.0,236496.0,215.3,0.21529993654689475,,
Niger,Sorghum,1985,1142226.0,329212.0,288.2,0.28821966931237775,,
Niger,Sorghum,1986,1094199.0,360363.0,329.3,0.3293395442693696,,
Niger,Sorghum,1987,1342300.0,365845.0,272.6,0.2725508455635849,,
Niger,Sorghum,1988,1474821.0,560186.0,379.8,0.37983321365779305,,
Niger,Sorghum,1989,1617410.0,421876.0,260.8,0.26083429680785947,,
Niger,Sorghum,1990,2238413.0,281276.0,125.7,0.12565866978077772,,
Niger,Sorghum,1991,2175685.0,290977.42,133.7,0.1337406012359326,,
Niger,Sorghum,1992,2530518.0,390000.0,154.1,0.1541186429023623,,
Niger,Sorghum,1993,2236976.0,300000.0,134.1,0.1341096194147814,130.7,39210000.0
Niger,Sorghum,1994,2003119.0,304000.0,151.8,0.1517633250945151,72.0,21888000.0
Niger,Sorghum,1995,1934926.0,418000.0,216.0,0.2160289334062388,96.2,40211600.0
Niger,Sorghum,1996,2115360.0,271000.0,128.1,0.12811058165040465,91.9,24904900.0
Niger,Sorghum,1997,1883287.0,410000.0,217.7,0.21770447095955103,99.4,40754000.0
Niger,Sorghum,1998,2241343.0,503000.0,224.4,0.2244190202035119,81.4,40944200.0
Niger,Sorghum,1999,2098668.0,476000.0,226.8,0.22681052934527995,82.8,39412800.0
Niger,Sorghum,2000,2155556.0,371000.0,172.1,0.17211336657456358,77.2,28641200.0
Niger,Sorghum,2001,2604308.0,663609.0,254.8,0.25481202684167925,83.2,55212268.800000004
Niger,Sorghum,2002,2240700.0,669709.0,298.9,0.2988838309456866,94.7,63421442.300000004
Niger,Sorghum,2003,2037758.0,557000.0,273.3,0.27333962128967226,101.5,56535500.0
Niger,Sorghum,2004,2218900.0,559000.0,251.9,0.25192663031231693,,
Niger,Sorghum,2005,2476600.0,944000.0,381.2,0.38116772995235404,,
Niger,Sorghum,2006,2682362.0,929000.0,346.3,0.3463365496528806,,
Niger,Sorghum,2007,2838500.0,975000.0,343.5,0.34349128060595385,292.1,284797500.0
Niger,Sorghum,2008,3055251.0,1311144.0,429.1,0.4291444467246717,410.9,538749069.6
Niger,Sorghum,2009,2544716.0,738661.0,290.3,0.2902724704839361,410.9,303515804.9
Niger,Sorghum,2010,3322142.0,1301840.0,391.9,0.3918676564698318,397.8,517871952.0
Niger,Sorghum,2011,2878823.0,770322.0,267.6,0.2675822723383827,379.3,292183134.6
Niger,Sorghum,2012,3111086.0,1375697.0,442.2,0.44219189054883085,460.3,633233329.1
Niger,Sorghum,2013,3565084.0,1320250.0,370.3,0.370327880072391,,
Niger,Sorghum,2014,3572330.0,1425982.0,399.2,0.39917420842979234,,
Niger,Sorghum,2015,3416780.0,1918330.0,561.4,0.5614438155222168,,
Niger,Sorghum,2016,3604676.0,1808263.24,501.6,0.5016437649319939,,
Niger,Sorghum,2017,3820696.0,1945135.88,509.1,0.5091051159265223,,
Niger,Sorghum,2018,3896366.0,2100189.83,539.0,0.5390124618683153,,
Niger,Sorghum,2019,3747664.0,1896638.06,506.1,0.5060854068027444,,
Niger,Sorghum,2020,3672164.0,2132295.0,580.7,0.5806644256629061,177.2,377842674.0
Niger,Sorghum,2021,3519085.0,1207237.0,343.1,0.34305423142663505,187.5,226356937.5
Niger,Sorghum,2022,3786873.0,2101732.68,555.0,0.5550047968336937,176.3,370535471.484
Niger,Sorghum,2023,3535266.0,1700912.03,481.1,0.4811270297623998,,
Niger,Sorghum,2024,3429220.0,1907733.4,556.3,0.5563170050332146,,
Nigeria,Cassava,1961,780000.0,7384000.0,9466.7,9.466666666666667,,
Nigeria,Cassava,1962,865000.0,7583000.0,8766.5,8.766473988439307,,
Nigeria,Cassava,1963,801000.0,7783000.0,9716.6,9.716604244694132,,
Nigeria,Cassava,1964,870000.0,7982000.0,9174.7,9.174712643678161,,
Nigeria,Cassava,1965,829000.0,8182000.0,9869.7,9.86972255729795,,
Nigeria,Cassava,1966,910000.0,8382000.0,9211.0,9.21098901098901,,
Nigeria,Cassava,1967,958000.0,8581000.0,8957.2,8.957202505219207,,
Nigeria,Cassava,1968,902000.0,8801000.0,9757.2,9.757206208425721,,
Nigeria,Cassava,1969,906000.0,9040000.0,9977.9,9.977924944812361,,
Nigeria,Cassava,1970,857000.0,10206000.0,11909.0,11.908984830805133,,
Nigeria,Cassava,1971,900000.0,9172000.0,10191.1,10.19111111111111,,
Nigeria,Cassava,1972,960000.0,9570000.0,9968.8,9.96875,,
Nigeria,Cassava,1973,970000.0,9600000.0,9896.9,9.896907216494846,,
Nigeria,Cassava,1974,1000000.0,9500000.0,9500.0,9.5,,
Nigeria,Cassava,1975,1050000.0,10500000.0,10000.0,10.0,,
Nigeria,Cassava,1976,1080000.0,11000000.0,10185.2,10.185185185185185,,
Nigeria,Cassava,1977,1100000.0,11000000.0,10000.0,10.0,,
Nigeria,Cassava,1978,1100000.0,12000000.0,10909.1,10.909090909090908,,
Nigeria,Cassava,1979,1150000.0,12000000.0,10434.8,10.434782608695652,,
Nigeria,Cassava,1980,1200000.0,11500000.0,9583.3,9.583333333333334,,
Nigeria,Cassava,1981,1200000.0,11000000.0,9166.7,9.166666666666666,,
Nigeria,Cassava,1982,1250000.0,11700000.0,9360.0,9.36,,
Nigeria,Cassava,1983,1100000.0,9950000.0,9045.5,9.045454545454545,,
Nigeria,Cassava,1984,1259000.0,11800000.0,9372.5,9.37251787132645,,
Nigeria,Cassava,1985,1075000.0,12090000.0,11246.5,11.246511627906976,,
Nigeria,Cassava,1986,1095000.0,12388000.0,11313.2,11.31324200913242,,
Nigeria,Cassava,1987,1288000.0,13876000.0,10773.3,10.773291925465838,,
Nigeria,Cassava,1988,1347000.0,15439000.0,11461.8,11.461766889383815,,
Nigeria,Cassava,1989,1639778.0,17404000.0,10613.6,10.613631845286374,,
Nigeria,Cassava,1990,1634130.0,19043008.0,11653.3,11.65330053300533,,
Nigeria,Cassava,1991,2551000.0,26004000.0,10193.6,10.193649549196394,208.5,5421834000.0
Nigeria,Cassava,1992,2755000.0,29184000.0,10593.1,10.593103448275862,135.3,3948595200.0000005
Nigeria,Cassava,1993,2844000.0,30128000.0,10593.5,10.59353023909986,210.3,6335918400.0
Nigeria,Cassava,1994,2927000.0,31005000.0,10592.8,10.5927570891698,124.5,3860122500.0
Nigeria,Cassava,1995,2944000.0,31404000.0,10667.1,10.66711956521739,107.7,3382210800.0
Nigeria,Cassava,1996,2946000.0,31418000.0,10664.6,10.664630006788867,138.6,4354534800.0
Nigeria,Cassava,1997,2697400.0,32050000.0,11881.8,11.881812115370357,150.6,4826730000.0
Nigeria,Cassava,1998,3042500.0,32695000.0,10746.1,10.746096959737057,139.4,4557683000.0
Nigeria,Cassava,1999,3406000.0,32697000.0,9599.8,9.599823840281855,147.5,4822807500.0
Nigeria,Cassava,2000,3300000.0,32010000.0,9700.0,9.7,,
Nigeria,Cassava,2001,3340000.0,32068000.0,9601.2,9.60119760479042,164.5,5275186000.0
Nigeria,Cassava,2002,3446000.0,34120000.0,9901.3,9.901334881021475,191.4,6530568000.0
Nigeria,Cassava,2003,3490000.0,36304000.0,10402.3,10.402292263610315,170.3,6182571200.0
Nigeria,Cassava,2004,3531000.0,38845000.0,11001.1,11.00113282356273,145.5,5651947500.0
Nigeria,Cassava,2005,3782000.0,41565000.0,10990.2,10.990216816499206,167.0,6941355000.0
Nigeria,Cassava,2006,3810000.0,45721000.0,12000.3,12.0002624671916,187.2,8558971199.999999
Nigeria,Cassava,2007,3875000.0,43410000.0,11202.6,11.20258064516129,174.6,7579386000.0
Nigeria,Cassava,2008,3778000.0,44582000.0,11800.4,11.800423504499735,283.8,12652371600.0
Nigeria,Cassava,2009,3129030.0,36822248.0,11767.9,11.767943420165354,120.8,4448127558.4
Nigeria,Cassava,2010,3481900.0,42533180.0,12215.5,12.21550877394526,142.5,6060978150.0
Nigeria,Cassava,2011,4120166.0,46190248.0,11210.8,11.210773546502738,143.6,6632919612.8
Nigeria,Cassava,2012,6401996.0,50950292.0,7958.5,7.95850106747958,151.9,7739349354.8
Nigeria,Cassava,2013,6741300.0,47406770.0,7032.3,7.032289024372154,159.6,7566120492.0
Nigeria,Cassava,2014,7096300.0,54324700.0,7655.4,7.6553556078519795,,
Nigeria,Cassava,2015,7900630.0,57405060.0,7265.9,7.265883859894717,,
Nigeria,Cassava,2016,6668996.0,60529864.0,9076.3,9.076308337866749,,
Nigeria,Cassava,2017,6761350.0,61350199.0,9073.7,9.073661177131786,,
Nigeria,Cassava,2018,6949400.0,65350850.0,9403.8,9.403811839871068,,
Nigeria,Cassava,2019,9776650.0,56969160.0,5827.1,5.827063462433451,,
Nigeria,Cassava,2020,9614230.0,55565610.0,5779.5,5.77951744445473,,
Nigeria,Cassava,2021,9979330.0,58237500.0,5835.8,5.835812624695245,,
Nigeria,Cassava,2022,10043720.0,61359000.56,6109.2,6.109190674371647,,
Nigeria,Cassava,2023,10127666.0,62751586.43,6196.1,6.1960560735316506,,
Nigeria,Cassava,2024,10722539.0,62624946.19,5840.5,5.840496004724254,,
Nigeria,Cowpea,1961,1216000.0,431000.0,354.4,0.35444078947368424,,
Nigeria,Cowpea,1962,1473000.0,508000.0,344.9,0.3448744059742023,,
Nigeria,Cowpea,1963,2638000.0,611000.0,231.6,0.23161485974222895,,
Nigeria,Cowpea,1964,2531000.0,616000.0,243.4,0.24338206242591862,,
Nigeria,Cowpea,1965,2743000.0,646000.0,235.5,0.23550856726212177,,
Nigeria,Cowpea,1966,3043000.0,580000.0,190.6,0.19060138021689121,,
Nigeria,Cowpea,1967,3935000.0,550000.0,139.8,0.1397712833545108,,
Nigeria,Cowpea,1968,3364000.0,648000.0,192.6,0.19262782401902498,,
Nigeria,Cowpea,1969,4049000.0,931000.0,229.9,0.22993331686836255,,
Nigeria,Cowpea,1970,3820000.0,884000.0,231.4,0.23141361256544501,,
Nigeria,Cowpea,1971,3790000.0,801000.0,211.3,0.21134564643799472,,
Nigeria,Cowpea,1972,2464000.0,408000.0,165.6,0.16558441558441558,,
Nigeria,Cowpea,1973,3256000.0,530000.0,162.8,0.16277641277641278,,
Nigeria,Cowpea,1974,2937000.0,1097000.0,373.5,0.3735103847463398,,
Nigeria,Cowpea,1975,3033000.0,858000.0,282.9,0.2828882294757666,,
Nigeria,Cowpea,1976,2721000.0,727000.0,267.2,0.26718118338846014,,
Nigeria,Cowpea,1977,1552000.0,408000.0,262.9,0.26288659793814434,,
Nigeria,Cowpea,1978,1406000.0,498000.0,354.2,0.3541963015647226,,
Nigeria,Cowpea,1979,1406000.0,624000.0,443.8,0.4438122332859175,,
Nigeria,Cowpea,1980,1463000.0,510000.0,348.6,0.34859876965140124,,
Nigeria,Cowpea,1981,1173000.0,560000.0,477.4,0.4774083546462063,,
Nigeria,Cowpea,1982,1520000.0,616000.0,405.3,0.4052631578947368,,
Nigeria,Cowpea,1983,1183000.0,583000.0,492.8,0.49281487743026203,,
Nigeria,Cowpea,1984,1106000.0,477000.0,431.3,0.43128390596745025,,
Nigeria,Cowpea,1985,1405000.0,611000.0,434.9,0.43487544483985763,,
Nigeria,Cowpea,1986,1405000.0,642000.0,456.9,0.45693950177935944,,
Nigeria,Cowpea,1987,1496000.0,688000.0,459.9,0.45989304812834225,,
Nigeria,Cowpea,1988,1542000.0,887000.0,575.2,0.5752269779507133,,
Nigeria,Cowpea,1989,1643000.0,1232000.0,749.8,0.7498478393183201,,
Nigeria,Cowpea,1990,1805000.0,1352000.0,749.0,0.7490304709141274,,
Nigeria,Cowpea,1991,1885740.0,1354000.0,718.0,0.7180205118415052,798.7,1081439800.0
Nigeria,Cowpea,1992,2767000.0,1411000.0,509.9,0.509938561619082,528.7,745995700.0000001
Nigeria,Cowpea,1993,3090000.0,1576000.0,510.0,0.510032362459547,835.7,1317063200.0
Nigeria,Cowpea,1994,3029000.0,1545000.0,510.1,0.5100693298118191,596.1,920974500.0
Nigeria,Cowpea,1995,3585000.0,1751000.0,488.4,0.4884239888423989,444.1,777619100.0
Nigeria,Cowpea,1996,4001000.0,1847000.0,461.6,0.46163459135216195,592.8,1094901600.0
Nigeria,Cowpea,1997,4009000.0,1909000.0,476.2,0.47617859815415314,511.9,977217100.0
Nigeria,Cowpea,1998,5025000.0,2055000.0,409.0,0.408955223880597,478.2,982701000.0
Nigeria,Cowpea,1999,3513000.0,2108000.0,600.1,0.6000569313976658,472.2,995397600.0
Nigeria,Cowpea,2000,3583000.0,2150000.0,600.1,0.6000558191459671,,
Nigeria,Cowpea,2001,3620000.0,2172000.0,600.0,0.6,542.3,1177875600.0
Nigeria,Cowpea,2002,3668000.0,2311000.0,630.0,0.6300436205016358,518.8,1198946800.0
Nigeria,Cowpea,2003,3726000.0,2459000.0,660.0,0.6599570585077832,451.1,1109254900.0
Nigeria,Cowpea,2004,3986000.0,2631000.0,660.1,0.6600602107375816,518.9,1365225900.0
Nigeria,Cowpea,2005,4140000.0,2815000.0,680.0,0.6799516908212561,745.2,2097738000.0000002
Nigeria,Cowpea,2006,4406000.0,3040000.0,690.0,0.6899682251475261,671.4,2041056000.0
Nigeria,Cowpea,2007,4491000.0,3000000.0,668.0,0.6680026720106881,608.4,1825200000.0
Nigeria,Cowpea,2008,4289000.0,2916000.0,679.9,0.6798787596176264,,
Nigeria,Cowpea,2009,2320590.0,2371640.0,1022.0,1.0219987158438155,178.0,422151920.0
Nigeria,Cowpea,2010,2859760.0,3368250.0,1177.8,1.1778086272973955,359.9,1212233175.0
Nigeria,Cowpea,2011,3021175.0,1643851.0,544.1,0.5441098248198135,377.5,620553752.5
Nigeria,Cowpea,2012,3481000.0,5146000.0,1478.3,1.478310830221201,381.5,1963199000.0
Nigeria,Cowpea,2013,3593300.0,4630540.0,1288.7,1.2886594495310717,388.3,1798038682.0
Nigeria,Cowpea,2014,3701500.0,2137900.0,577.6,0.5775766581115764,,
Nigeria,Cowpea,2015,3635700.0,2306200.0,634.3,0.634320763539346,,
Nigeria,Cowpea,2016,4814540.0,3750470.0,779.0,0.7789882314821354,,
Nigeria,Cowpea,2017,5008440.0,3874740.0,773.6,0.7736420921484534,,
Nigeria,Cowpea,2018,4909060.0,4007830.0,816.4,0.8164149552052735,,
Nigeria,Cowpea,2019,4931320.0,4064710.0,824.3,0.8242640915616914,,
Nigeria,Cowpea,2020,4973530.0,4132850.0,831.0,0.8309691506837196,,
Nigeria,Cowpea,2021,5041990.0,4213100.0,835.6,0.8356026092872061,,
Nigeria,Cowpea,2022,4922010.0,4213094.04,856.0,0.8559702316736455,,
Nigeria,Cowpea,2023,5006871.0,4285752.86,856.0,0.8559742921277581,,
Nigeria,Cowpea,2024,5142986.0,4287630.86,833.7,0.8336851121119132,,
Nigeria,Groundnut,1961,1488000.0,1565000.0,1051.7,1.051747311827957,,
Nigeria,Groundnut,1962,1501000.0,1923000.0,1281.1,1.2811459027315124,,
Nigeria,Groundnut,1963,1992000.0,1977000.0,992.5,0.9924698795180723,,
Nigeria,Groundnut,1964,2000000.0,1849000.0,924.5,0.9245,,
Nigeria,Groundnut,1965,2229000.0,1978000.0,887.4,0.8873934499775684,,
Nigeria,Groundnut,1966,2254000.0,1693000.0,751.1,0.751109139307897,,
Nigeria,Groundnut,1967,2256000.0,1558000.0,690.6,0.6906028368794326,,
Nigeria,Groundnut,1968,1941000.0,1813000.0,934.1,0.9340546110252447,,
Nigeria,Groundnut,1969,1833000.0,1846000.0,1007.1,1.0070921985815602,,
Nigeria,Groundnut,1970,1870000.0,1581000.0,845.5,0.8454545454545455,,
Nigeria,Groundnut,1971,1795000.0,1381000.0,769.4,0.7693593314763231,,
Nigeria,Groundnut,1972,2033000.0,1350000.0,664.0,0.6640432857845548,,
Nigeria,Groundnut,1973,2076000.0,878000.0,422.9,0.4229287090558767,,
Nigeria,Groundnut,1974,1815000.0,1935000.0,1066.1,1.0661157024793388,,
Nigeria,Groundnut,1975,1418000.0,458000.0,323.0,0.3229901269393512,,
Nigeria,Groundnut,1976,684000.0,459000.0,671.1,0.6710526315789473,,
Nigeria,Groundnut,1977,763000.0,603000.0,790.3,0.7903014416775884,,
Nigeria,Groundnut,1978,710000.0,701000.0,987.3,0.9873239436619718,,
Nigeria,Groundnut,1979,504000.0,507000.0,1006.0,1.005952380952381,,
Nigeria,Groundnut,1980,563000.0,471000.0,836.6,0.8365896980461812,,
Nigeria,Groundnut,1981,650000.0,530000.0,815.4,0.8153846153846154,,
Nigeria,Groundnut,1982,497000.0,458000.0,921.5,0.9215291750503019,,
Nigeria,Groundnut,1983,650000.0,591000.0,909.2,0.9092307692307692,,
Nigeria,Groundnut,1984,600000.0,546000.0,910.0,0.91,,
Nigeria,Groundnut,1985,594000.0,621000.0,1045.5,1.0454545454545454,,
Nigeria,Groundnut,1986,793000.0,896000.0,1129.9,1.1298865069356874,,
Nigeria,Groundnut,1987,597000.0,687000.0,1150.8,1.150753768844221,,
Nigeria,Groundnut,1988,707000.0,1016000.0,1437.1,1.4370579915134372,,
Nigeria,Groundnut,1989,800000.0,1017000.0,1271.3,1.27125,,
Nigeria,Groundnut,1990,707000.0,1166000.0,1649.2,1.6492220650636493,,
Nigeria,Groundnut,1991,1127000.0,1361000.0,1207.6,1.2076308784383318,633.7,862465700.0000001
Nigeria,Groundnut,1992,1046000.0,1297000.0,1240.0,1.239961759082218,395.6,513093200.0
Nigeria,Groundnut,1993,1121000.0,1323000.0,1180.2,1.1801962533452275,689.3,911943899.9999999
Nigeria,Groundnut,1994,1571000.0,1453000.0,924.9,0.92488860598345,377.8,548943400.0
Nigeria,Groundnut,1995,1767000.0,1579000.0,893.6,0.8936049801924165,326.9,516175099.99999994
Nigeria,Groundnut,1996,2266000.0,2278000.0,1005.3,1.0052956751985878,316.4,720759200.0
Nigeria,Groundnut,1997,2251500.0,2531000.0,1124.1,1.124139462580502,226.0,572006000.0
Nigeria,Groundnut,1998,2604700.0,2534000.0,972.9,0.97285675893577,260.6,660360400.0
Nigeria,Groundnut,1999,1929000.0,2894000.0,1500.3,1.5002592016588907,304.3,880644200.0
Nigeria,Groundnut,2000,1934000.0,2901000.0,1500.0,1.5,275.3,798645300.0
Nigeria,Groundnut,2001,1731000.0,2683000.0,1550.0,1.5499711149624495,365.4,980368199.9999999
Nigeria,Groundnut,2002,1878000.0,2855000.0,1520.2,1.520234291799787,423.0,1207665000.0
Nigeria,Groundnut,2003,1985000.0,3037000.0,1530.0,1.5299748110831235,379.6,1152845200.0
Nigeria,Groundnut,2004,2097000.0,3250000.0,1549.8,1.5498330948974726,439.5,1428375000.0
Nigeria,Groundnut,2005,2187000.0,3478000.0,1590.3,1.5903063557384545,459.6,1598488800.0
Nigeria,Groundnut,2006,2224000.0,3825000.0,1719.9,1.7198741007194245,543.5,2078887500.0
Nigeria,Groundnut,2007,2202638.0,2847373.0,1292.7,1.2927103772839659,454.5,1294131028.5
Nigeria,Groundnut,2008,2336400.0,2872740.0,1229.6,1.229558294812532,529.7,1521690378.0000002
Nigeria,Groundnut,2009,2643330.0,2977620.0,1126.5,1.1264654810409598,180.7,538055934.0
Nigeria,Groundnut,2010,2789180.0,3799240.0,1362.1,1.3621351078094637,242.5,921315700.0
Nigeria,Groundnut,2011,2353680.0,2962627.0,1258.7,1.258721236531729,254.3,753396046.1
Nigeria,Groundnut,2012,2659800.0,3313500.0,1245.8,1.2457703586735844,257.2,852232200.0
Nigeria,Groundnut,2013,2732700.0,2474530.0,905.5,0.9055256705822081,267.8,662679134.0
Nigeria,Groundnut,2014,2799773.0,3399158.0,1214.1,1.2140834274778705,,
Nigeria,Groundnut,2015,2801756.0,3467446.0,1237.6,1.237597421045944,,
Nigeria,Groundnut,2016,3458710.0,4360500.0,1260.7,1.2607301566190863,,
Nigeria,Groundnut,2017,3596850.0,4521450.0,1257.1,1.2570582593102297,,
Nigeria,Groundnut,2018,3759976.0,4600000.0,1223.4,1.2234120643323256,,
Nigeria,Groundnut,2019,3601541.0,4357032.01,1209.8,1.2097688211796005,,
Nigeria,Groundnut,2020,3620190.0,4230560.0,1168.6,1.1686016479798023,,
Nigeria,Groundnut,2021,3702210.0,4227520.0,1141.9,1.1418909246098952,,
Nigeria,Groundnut,2022,3400000.0,4284000.0,1260.0,1.26,,
Nigeria,Groundnut,2023,3450000.0,4300000.0,1246.4,1.2463768115942029,,
Nigeria,Groundnut,2024,3450000.0,4300000.0,1246.4,1.2463768115942029,,
Nigeria,Maize,1961,1375000.0,1107000.0,805.1,0.8050909090909091,,
Nigeria,Maize,1962,1120000.0,991000.0,884.8,0.8848214285714285,,
Nigeria,Maize,1963,1140000.0,1167000.0,1023.7,1.0236842105263158,,
Nigeria,Maize,1964,1471000.0,1118000.0,760.0,0.7600271923861319,,
Nigeria,Maize,1965,1404000.0,1160000.0,826.2,0.8262108262108262,,
Nigeria,Maize,1966,1145000.0,975000.0,851.5,0.851528384279476,,
Nigeria,Maize,1967,1163000.0,950000.0,816.9,0.8168529664660361,,
Nigeria,Maize,1968,1095000.0,1126000.0,1028.3,1.028310502283105,,
Nigeria,Maize,1969,1371000.0,1255000.0,915.4,0.9153902261123268,,
Nigeria,Maize,1970,1449000.0,1443000.0,995.9,0.9958592132505176,,
Nigeria,Maize,1971,1218000.0,1274000.0,1046.0,1.0459770114942528,,
Nigeria,Maize,1972,1115000.0,639000.0,573.1,0.5730941704035875,,
Nigeria,Maize,1973,1246000.0,808000.0,648.5,0.6484751203852327,,
Nigeria,Maize,1974,579000.0,528000.0,911.9,0.9119170984455959,,
Nigeria,Maize,1975,971000.0,1332000.0,1371.8,1.37178166838311,,
Nigeria,Maize,1976,892000.0,1068000.0,1197.3,1.1973094170403586,,
Nigeria,Maize,1977,610000.0,650000.0,1065.6,1.0655737704918034,,
Nigeria,Maize,1978,519000.0,658000.0,1267.8,1.2678227360308285,,
Nigeria,Maize,1979,425000.0,488000.0,1148.2,1.148235294117647,,
Nigeria,Maize,1980,465000.0,612000.0,1316.1,1.3161290322580645,,
Nigeria,Maize,1981,438000.0,720000.0,1643.8,1.643835616438356,,
Nigeria,Maize,1982,556000.0,766000.0,1377.7,1.3776978417266188,,
Nigeria,Maize,1983,1058000.0,1027000.0,970.7,0.9706994328922496,,
Nigeria,Maize,1984,1050000.0,1196000.0,1139.0,1.139047619047619,,
Nigeria,Maize,1985,1556000.0,1826000.0,1173.5,1.173521850899743,,
Nigeria,Maize,1986,2800000.0,3550000.0,1267.9,1.2678571428571428,,
Nigeria,Maize,1987,3408000.0,4612000.0,1353.3,1.3532863849765258,,
Nigeria,Maize,1988,3212000.0,5268000.0,1640.1,1.6400996264009962,,
Nigeria,Maize,1989,3590000.0,5008000.0,1395.0,1.3949860724233982,,
Nigeria,Maize,1990,5104000.0,5768000.0,1130.1,1.1300940438871474,,
Nigeria,Maize,1991,5142000.0,5810000.0,1129.9,1.129910540645663,334.8,1945188000.0
Nigeria,Maize,1992,5223000.0,5840000.0,1118.1,1.1181313421405323,318.8,1861792000.0
Nigeria,Maize,1993,5309000.0,6290000.0,1184.8,1.1847805613109814,338.1,2126649000.0000002
Nigeria,Maize,1994,5426000.0,6902000.0,1272.0,1.2720235901216366,156.2,1078092400.0
Nigeria,Maize,1995,5472000.0,6931000.0,1266.6,1.2666301169590644,235.9,1635022900.0
Nigeria,Maize,1996,4273400.0,5667000.0,1326.1,1.326110357092713,230.3,1305110100.0
Nigeria,Maize,1997,4200000.0,5254000.0,1251.0,1.250952380952381,295.2,1550980800.0
Nigeria,Maize,1998,3884000.0,5127000.0,1320.0,1.320030895983522,318.5,1632949500.0
Nigeria,Maize,1999,3423000.0,5476000.0,1599.8,1.5997662868828513,207.8,1137912800.0
Nigeria,Maize,2000,3159000.0,4107000.0,1300.1,1.3000949667616335,,
Nigeria,Maize,2001,3283000.0,4596000.0,1399.9,1.3999390801096558,341.4,1569074400.0
Nigeria,Maize,2002,3282000.0,4890000.0,1489.9,1.489945155393053,383.0,1872870000.0
Nigeria,Maize,2003,3469000.0,5203000.0,1499.9,1.4998558662438743,294.2,1530722600.0
Nigeria,Maize,2004,3479000.0,5567000.0,1600.2,1.6001724633515377,335.5,1867728500.0
Nigeria,Maize,2005,3589000.0,5957000.0,1659.8,1.6597938144329898,477.4,2843871800.0
Nigeria,Maize,2006,3905000.0,7100000.0,1818.2,1.8181818181818181,438.3,3111930000.0
Nigeria,Maize,2007,3944000.0,6724000.0,1704.9,1.704868154158215,419.7,2822062800.0
Nigeria,Maize,2008,3845000.0,7525000.0,1957.1,1.9570871261378413,695.5,5233637500.0
Nigeria,Maize,2009,3350560.0,7358260.0,2196.1,2.196128408385464,169.9,1250168374.0
Nigeria,Maize,2010,4149310.0,7676850.0,1850.2,1.8501509889596102,333.0,2556391050.0
Nigeria,Maize,2011,5456540.0,8878456.0,1627.1,1.6271219490739552,342.7,3042646871.2
Nigeria,Maize,2012,5751300.0,8694900.0,1511.8,1.511814720150227,349.0,3034520100.0
Nigeria,Maize,2013,5762700.0,8422670.0,1461.6,1.461583979731723,354.3,2984151981.0
Nigeria,Maize,2014,6346551.0,10790600.0,1700.2,1.70023056617681,,
Nigeria,Maize,2015,5550360.0,9540190.0,1718.8,1.7188416607211063,,
Nigeria,Maize,2016,5904906.0,10532340.0,1783.7,1.783659214896901,,
Nigeria,Maize,2017,6389296.0,10632299.0,1664.1,1.6640798923699889,,
Nigeria,Maize,2018,6541183.0,10934149.0,1671.6,1.6715858583990082,,
Nigeria,Maize,2019,6783924.0,12598945.0,1857.2,1.8571766134172494,,
Nigeria,Maize,2020,6048600.0,12403300.0,2050.6,2.0506067519756637,245.8,3048731140.0
Nigeria,Maize,2021,6205280.0,12744450.0,2053.8,2.0538074027279993,,
Nigeria,Maize,2022,5800000.0,12948920.0,2232.6,2.2325724137931036,,
Nigeria,Maize,2023,5700000.0,11053000.0,1939.1,1.939122807017544,,
Nigeria,Maize,2024,5500000.0,11164000.0,2029.8,2.029818181818182,,
Nigeria,Millet,1961,4360000.0,2644000.0,606.4,0.6064220183486239,,
Nigeria,Millet,1962,4442000.0,2525000.0,568.4,0.5684376407023863,,
Nigeria,Millet,1963,4122000.0,2728000.0,661.8,0.6618146530810286,,
Nigeria,Millet,1964,4022000.0,2479000.0,616.4,0.6163600198906017,,
Nigeria,Millet,1965,4628000.0,2729000.0,589.7,0.5896715643906655,,
Nigeria,Millet,1966,4064000.0,1747000.0,429.9,0.4298720472440945,,
Nigeria,Millet,1967,4384000.0,2590000.0,590.8,0.5907846715328468,,
Nigeria,Millet,1968,4479000.0,2632000.0,587.6,0.5876311676713553,,
Nigeria,Millet,1969,4906000.0,3081000.0,628.0,0.6280065226253567,,
Nigeria,Millet,1970,4967000.0,3106000.0,625.3,0.625327159251057,,
Nigeria,Millet,1971,4789000.0,2834000.0,591.8,0.5917728126957611,,
Nigeria,Millet,1972,3690000.0,2391000.0,648.0,0.6479674796747967,,
Nigeria,Millet,1973,5651000.0,3794000.0,671.4,0.6713855954698283,,
Nigeria,Millet,1974,4787000.0,4465000.0,932.7,0.9327344892416962,,
Nigeria,Millet,1975,4629000.0,3552000.0,767.3,0.7673363577446533,,
Nigeria,Millet,1976,3930000.0,2893000.0,736.1,0.7361323155216285,,
Nigeria,Millet,1977,3089000.0,2579000.0,834.9,0.8348980252508903,,
Nigeria,Millet,1978,2273000.0,2386000.0,1049.7,1.0497140343158822,,
Nigeria,Millet,1979,2565000.0,2366000.0,922.4,0.9224171539961014,,
Nigeria,Millet,1980,2824000.0,2354000.0,833.6,0.8335694050991501,,
Nigeria,Millet,1981,1708000.0,2682000.0,1570.3,1.5702576112412179,,
Nigeria,Millet,1982,1698000.0,2666000.0,1570.1,1.5700824499411072,,
Nigeria,Millet,1983,1773000.0,2783000.0,1569.7,1.5696559503666103,,
Nigeria,Millet,1984,2133000.0,3349000.0,1570.1,1.5700890764181903,,
Nigeria,Millet,1985,2346000.0,3584000.0,1527.7,1.5277067348678601,,
Nigeria,Millet,1986,3917000.0,4111000.0,1049.5,1.0495276997702323,,
Nigeria,Millet,1987,3829000.0,3905000.0,1019.8,1.0198485244189084,,
Nigeria,Millet,1988,3563000.0,3949000.0,1108.3,1.1083356721863598,,
Nigeria,Millet,1989,4067000.0,4770000.0,1172.9,1.1728546840422915,,
Nigeria,Millet,1990,4778000.0,5136000.0,1074.9,1.0749267475931352,,
Nigeria,Millet,1991,4560000.0,4109000.0,901.1,0.9010964912280702,339.6,1395416400.0
Nigeria,Millet,1992,4367000.0,4501000.0,1030.7,1.030684680558736,328.4,1478128400.0
Nigeria,Millet,1993,4850000.0,4602000.0,948.9,0.9488659793814433,298.2,1372316400.0
Nigeria,Millet,1994,5007000.0,4757000.0,950.1,0.9500699021370081,173.0,822961000.0
Nigeria,Millet,1995,5107000.0,5563000.0,1089.3,1.0892892108870178,147.4,819986200.0
Nigeria,Millet,1996,5356000.0,5681000.0,1060.7,1.0606796116504855,205.5,1167445500.0
Nigeria,Millet,1997,5487000.0,5902000.0,1075.6,1.075633315108438,250.5,1478451000.0
Nigeria,Millet,1998,5596000.0,5956000.0,1064.3,1.0643316654753396,307.3,1830278800.0
Nigeria,Millet,1999,5603000.0,5960000.0,1063.7,1.0637158665000892,193.3,1152068000.0
Nigeria,Millet,2000,5814000.0,6105000.0,1050.1,1.0500515995872033,,
Nigeria,Millet,2001,4254000.0,5530000.0,1300.0,1.2999529854254819,331.4,1832641999.9999998
Nigeria,Millet,2002,4490000.0,5884000.0,1310.5,1.310467706013363,372.9,2194143600.0
Nigeria,Millet,2003,4536000.0,6260000.0,1380.1,1.3800705467372134,256.7,1606942000.0
Nigeria,Millet,2004,4620000.0,6699000.0,1450.0,1.45,282.0,1889118000.0
Nigeria,Millet,2005,4685000.0,7168000.0,1530.0,1.5299893276414087,493.6,3538124800.0
Nigeria,Millet,2006,4971000.0,7705000.0,1550.0,1.5499899416616374,386.0,2974130000.0
Nigeria,Millet,2007,5056000.0,8090000.0,1600.1,1.6000791139240507,348.4,2818556000.0
Nigeria,Millet,2008,4904000.0,9064000.0,1848.3,1.8482871125611746,623.5,5651404000.0
Nigeria,Millet,2009,3787730.0,4929950.0,1301.6,1.3015579251953018,174.1,858304295.0
Nigeria,Millet,2010,4364140.0,5170430.0,1184.8,1.1847534680372307,279.3,1444101099.0
Nigeria,Millet,2011,2827090.0,1271370.0,449.7,0.4497097722392991,283.5,360433395.0
Nigeria,Millet,2012,1328200.0,1280700.0,964.2,0.9642373136575817,292.0,373964400.0
Nigeria,Millet,2013,1485200.0,909560.0,612.4,0.6124158362510099,296.4,269593584.0
Nigeria,Millet,2014,1574400.0,1846200.0,1172.6,1.1726371951219512,,
Nigeria,Millet,2015,1742803.0,1807810.0,1037.3,1.0373002571145449,,
Nigeria,Millet,2016,1737830.0,1487220.0,855.8,0.8557914180328341,,
Nigeria,Millet,2017,1800069.0,1528250.0,849.0,0.8489952329605143,,
Nigeria,Millet,2018,1734330.0,1879340.0,1083.6,1.0836115387498342,,
Nigeria,Millet,2019,1747800.0,1925075.0,1101.4,1.1014275088682917,,
Nigeria,Millet,2020,1762280.0,1905430.0,1081.2,1.0812299975032345,342.2,652038146.0
Nigeria,Millet,2021,1767390.0,1926950.0,1090.3,1.0902800174268272,,
Nigeria,Millet,2022,2000000.0,1941220.0,970.6,0.97061,,
Nigeria,Millet,2023,2000000.0,1559000.0,779.5,0.7795,,
Nigeria,Millet,2024,1900000.0,1550000.0,815.8,0.8157894736842105,,
Nigeria,Rice,1961,149000.0,133000.0,892.6,0.8926174496644296,,
Nigeria,Rice,1962,218000.0,257000.0,1178.9,1.1788990825688073,,
Nigeria,Rice,1963,162000.0,195000.0,1203.7,1.2037037037037037,,
Nigeria,Rice,1964,179000.0,220000.0,1229.1,1.229050279329609,,
Nigeria,Rice,1965,188000.0,231000.0,1228.7,1.2287234042553192,,
Nigeria,Rice,1966,160000.0,199000.0,1243.8,1.24375,,
Nigeria,Rice,1967,262000.0,385000.0,1469.5,1.4694656488549618,,
Nigeria,Rice,1968,235000.0,353000.0,1502.1,1.5021276595744681,,
Nigeria,Rice,1969,258000.0,325000.0,1259.7,1.2596899224806202,,
Nigeria,Rice,1970,255000.0,343000.0,1345.1,1.3450980392156864,,
Nigeria,Rice,1971,304000.0,388000.0,1276.3,1.2763157894736843,,
Nigeria,Rice,1972,237000.0,447000.0,1886.1,1.8860759493670887,,
Nigeria,Rice,1973,373000.0,487000.0,1305.6,1.3056300268096515,,
Nigeria,Rice,1974,269000.0,525000.0,1951.7,1.9516728624535316,,
Nigeria,Rice,1975,261000.0,504000.0,1931.0,1.9310344827586208,,
Nigeria,Rice,1976,172000.0,218000.0,1267.4,1.2674418604651163,,
Nigeria,Rice,1977,246000.0,408000.0,1658.5,1.6585365853658536,,
Nigeria,Rice,1978,292000.0,515000.0,1763.7,1.7636986301369864,,
Nigeria,Rice,1979,400000.0,750000.0,1875.0,1.875,,
Nigeria,Rice,1980,550000.0,1090000.0,1981.8,1.981818181818182,,
Nigeria,Rice,1981,600000.0,1241000.0,2068.3,2.0683333333333334,,
Nigeria,Rice,1982,600000.0,1250000.0,2083.3,2.0833333333333335,,
Nigeria,Rice,1983,630000.0,1280000.0,2031.7,2.0317460317460316,,
Nigeria,Rice,1984,650000.0,1300000.0,2000.0,2.0,,
Nigeria,Rice,1985,670000.0,1430000.0,2134.3,2.1343283582089554,,
Nigeria,Rice,1986,700000.0,1416322.0,2023.3,2.023317142857143,,
Nigeria,Rice,1987,745000.0,1780000.0,2389.3,2.389261744966443,,
Nigeria,Rice,1988,1041000.0,2081000.0,1999.0,1.9990393852065322,,
Nigeria,Rice,1989,1652000.0,3303000.0,1999.4,1.9993946731234866,,
Nigeria,Rice,1990,1208000.0,2500000.0,2069.5,2.0695364238410594,,
Nigeria,Rice,1991,1652000.0,3226000.0,1952.8,1.9527845036319613,761.3,2455953800.0
Nigeria,Rice,1992,1664000.0,3260000.0,1959.1,1.9591346153846154,728.7,2375562000.0
Nigeria,Rice,1993,1564000.0,3065000.0,1959.7,1.9597186700767264,851.1,2608621500.0
Nigeria,Rice,1994,1714000.0,2427000.0,1416.0,1.4159859976662776,344.2,835373400.0
Nigeria,Rice,1995,1796000.0,2920000.0,1625.8,1.6258351893095768,232.6,679192000.0
Nigeria,Rice,1996,1784200.0,3122000.0,1749.8,1.749803833650936,338.9,1058045799.9999999
Nigeria,Rice,1997,2048000.0,3268000.0,1595.7,1.595703125,321.0,1049028000.0
Nigeria,Rice,1998,2044000.0,3275000.0,1602.3,1.6022504892367906,387.0,1267425000.0
Nigeria,Rice,1999,2191000.0,3277000.0,1495.7,1.495664080328617,292.7,959177900.0
Nigeria,Rice,2000,2199000.0,3298000.0,1499.8,1.4997726239199636,,
Nigeria,Rice,2001,2117000.0,2752000.0,1300.0,1.2999527633443553,337.0,927424000.0
Nigeria,Rice,2002,2185000.0,2928000.0,1340.0,1.340045766590389,377.8,1106198400.0
Nigeria,Rice,2003,2210000.0,3116000.0,1410.0,1.4099547511312218,295.8,921712800.0
Nigeria,Rice,2004,2348000.0,3334000.0,1419.9,1.419931856899489,347.4,1158231600.0
Nigeria,Rice,2005,2494000.0,3567000.0,1430.2,1.430232558139535,545.0,1944015000.0
Nigeria,Rice,2006,2725000.0,4042000.0,1483.3,1.483302752293578,511.9,2069099800.0
Nigeria,Rice,2007,2451000.0,3186000.0,1299.9,1.2998776009791921,438.9,1398335400.0
Nigeria,Rice,2008,2382000.0,4179000.0,1754.4,1.7544080604534005,633.8,2648650200.0
Nigeria,Rice,2009,1836880.0,3546250.0,1930.6,1.9305833805147858,191.7,679816125.0
Nigeria,Rice,2010,2432630.0,4472520.0,1838.6,1.8385533352791013,364.4,1629786288.0
Nigeria,Rice,2011,2269410.0,4612614.0,2032.5,2.0325168215527385,387.9,1789232970.6
Nigeria,Rice,2012,2863815.0,5432930.0,1897.1,1.897095308181569,364.4,1979759691.9999998
Nigeria,Rice,2013,2931800.0,5818200.0,1984.5,1.9845146326488847,360.4,2096879279.9999998
Nigeria,Rice,2014,3095900.0,6690000.0,2160.9,2.160922510417003,,
Nigeria,Rice,2015,3651200.0,7573400.0,2074.2,2.0742221735319895,,
Nigeria,Rice,2016,3898900.0,7812200.0,2003.7,2.0036933494062428,,
Nigeria,Rice,2017,3765000.0,7835100.0,2081.0,2.0810358565737053,,
Nigeria,Rice,2018,4065500.0,8403300.0,2067.0,2.066978231459845,,
Nigeria,Rice,2019,4126670.0,8435510.0,2044.1,2.044144552387276,,
Nigeria,Rice,2020,4195100.0,8171800.0,1947.9,1.947939262472885,485.7,3969043260.0
Nigeria,Rice,2021,4320100.0,8342000.0,1931.0,1.9309738200504618,,
Nigeria,Rice,2022,4580000.0,8502000.0,1856.3,1.8563318777292577,,
Nigeria,Rice,2023,4509800.0,8902200.0,1974.0,1.973967803450264,,
Nigeria,Rice,2024,4572900.0,9129900.0,1996.5,1.9965229941612543,,
Nigeria,Sorghum,1961,4658000.0,3958000.0,849.7,0.849720910261915,,
Nigeria,Sorghum,1962,4773000.0,4499000.0,942.6,0.9425937565472449,,
Nigeria,Sorghum,1963,5234000.0,4060000.0,775.7,0.7756973633931983,,
Nigeria,Sorghum,1964,5532000.0,4230000.0,764.6,0.764642082429501,,
Nigeria,Sorghum,1965,5937000.0,4235000.0,713.3,0.7133232272191342,,
Nigeria,Sorghum,1966,4643000.0,3160000.0,680.6,0.6805944432479001,,
Nigeria,Sorghum,1967,4735000.0,3389000.0,715.7,0.7157338965153115,,
Nigeria,Sorghum,1968,5138000.0,3236000.0,629.8,0.629817049435578,,
Nigeria,Sorghum,1969,7809000.0,4093000.0,524.1,0.5241388141887565,,
Nigeria,Sorghum,1970,5714000.0,4052000.0,709.1,0.7091354567728386,,
Nigeria,Sorghum,1971,5387000.0,3794000.0,704.3,0.70428810098385,,
Nigeria,Sorghum,1972,3791000.0,2298000.0,606.2,0.6061725138485887,,
Nigeria,Sorghum,1973,5198000.0,3125000.0,601.2,0.6011927664486341,,
Nigeria,Sorghum,1974,4651000.0,4732000.0,1017.4,1.017415609546334,,
Nigeria,Sorghum,1975,2734000.0,2926000.0,1070.2,1.0702267739575713,,
Nigeria,Sorghum,1976,4845000.0,2950000.0,608.9,0.608875128998968,,
Nigeria,Sorghum,1977,3480000.0,3286000.0,944.3,0.9442528735632184,,
Nigeria,Sorghum,1978,3433000.0,2409000.0,701.7,0.7017186134576172,,
Nigeria,Sorghum,1979,2686000.0,2797000.0,1041.3,1.04132539091586,,
Nigeria,Sorghum,1980,3286000.0,3690000.0,1122.9,1.122945830797322,,
Nigeria,Sorghum,1981,2076500.0,3364000.0,1620.0,1.620033710570672,,
Nigeria,Sorghum,1982,2290000.0,3740000.0,1633.2,1.6331877729257642,,
Nigeria,Sorghum,1983,2280000.0,3694000.0,1620.2,1.6201754385964913,,
Nigeria,Sorghum,1984,4410000.0,4608000.0,1044.9,1.0448979591836736,,
Nigeria,Sorghum,1985,4862000.0,4911000.0,1010.1,1.0100781571369806,,
Nigeria,Sorghum,1986,5147000.0,5425000.0,1054.0,1.0540120458519526,,
Nigeria,Sorghum,1987,5131000.0,5455000.0,1063.1,1.0631455856558176,,
Nigeria,Sorghum,1988,4776000.0,5182000.0,1085.0,1.0850083752093802,,
Nigeria,Sorghum,1989,4953700.0,4831000.0,975.2,0.9752306356864566,,
Nigeria,Sorghum,1990,4185000.0,4185000.0,1000.0,1.0,,
Nigeria,Sorghum,1991,5538000.0,5367000.0,969.1,0.9691224268689057,368.1,1975592700.0000002
Nigeria,Sorghum,1992,5474000.0,5909000.0,1079.5,1.0794665692363903,270.4,1597793599.9999998
Nigeria,Sorghum,1993,5605000.0,6051000.0,1079.6,1.07957181088314,317.2,1919377200.0
Nigeria,Sorghum,1994,5738000.0,6197000.0,1080.0,1.0799930289299406,146.9,910339300.0
Nigeria,Sorghum,1995,6095000.0,6997000.0,1148.0,1.1479901558654635,302.3,2115193100.0
Nigeria,Sorghum,1996,6191000.0,7084000.0,1144.2,1.1442416410919076,194.0,1374296000.0
Nigeria,Sorghum,1997,6589000.0,7297000.0,1107.5,1.1074518136287752,244.2,1781927400.0
Nigeria,Sorghum,1998,6635000.0,7516000.0,1132.8,1.1327807083647325,274.3,2061638800.0
Nigeria,Sorghum,1999,6678000.0,7520000.0,1126.1,1.1260856543875413,199.4,1499488000.0
Nigeria,Sorghum,2000,6885000.0,7711000.0,1120.0,1.1199709513435003,,
Nigeria,Sorghum,2001,6437000.0,7081000.0,1100.0,1.100046605561597,324.9,2300616900.0
Nigeria,Sorghum,2002,6849000.0,7534000.0,1100.0,1.100014600671631,361.0,2719774000.0
Nigeria,Sorghum,2003,6935000.0,8016000.0,1155.9,1.1558759913482335,236.0,1891776000.0
Nigeria,Sorghum,2004,7031000.0,8578000.0,1220.0,1.2200256009102546,274.6,2355518800.0
Nigeria,Sorghum,2005,7284000.0,9178000.0,1260.0,1.2600219659527732,508.9,4670684200.0
Nigeria,Sorghum,2006,7308000.0,9866000.0,1350.0,1.3500273672687466,378.2,3731321200.0
Nigeria,Sorghum,2007,7812000.0,9058000.0,1159.5,1.1594982078853047,320.5,2903089000.0
Nigeria,Sorghum,2008,7617000.0,9318000.0,1223.3,1.2233162662465538,670.2,6244923600.0
Nigeria,Sorghum,2009,4736830.0,5279170.0,1114.5,1.1144942925965255,171.7,906433488.9999999
Nigeria,Sorghum,2010,4960130.0,7140970.0,1439.7,1.4396739601583024,262.2,1872362334.0
Nigeria,Sorghum,2011,4661867.0,5690145.0,1220.6,1.220572144164559,283.5,1613156107.5
Nigeria,Sorghum,2012,5099975.0,5837106.0,1144.5,1.1445361987068563,292.0,1704434952.0
Nigeria,Sorghum,2013,5449200.0,5300270.0,972.7,0.9726693826616751,296.4,1571000027.9999998
Nigeria,Sorghum,2014,5702160.0,6883294.0,1207.1,1.2071379968292717,,
Nigeria,Sorghum,2015,5899134.0,7005025.0,1187.5,1.1874666688364768,,
Nigeria,Sorghum,2016,5472010.0,7556076.0,1380.9,1.3808593186050464,,
Nigeria,Sorghum,2017,5820000.0,6939000.0,1192.3,1.1922680412371134,,
Nigeria,Sorghum,2018,5628899.0,6800000.0,1208.1,1.2080515212655263,,
Nigeria,Sorghum,2019,5397000.0,6665000.0,1234.9,1.2349453400037058,,
Nigeria,Sorghum,2020,5799600.0,6590600.0,1136.4,1.1363887164632043,330.7,2179511420.0
Nigeria,Sorghum,2021,5930900.0,6725500.0,1134.0,1.1339762936485187,,
Nigeria,Sorghum,2022,5700000.0,6806370.0,1194.1,1.1941,,
Nigeria,Sorghum,2023,5700000.0,6402000.0,1123.2,1.1231578947368421,,
Nigeria,Sorghum,2024,6100000.0,6500000.0,1065.6,1.0655737704918034,,
Nigeria,Yam,1961,450000.0,3500000.0,7777.8,7.777777777777778,,
Nigeria,Yam,1962,450000.0,3500000.0,7777.8,7.777777777777778,,
Nigeria,Yam,1963,550000.0,4500000.0,8181.8,8.181818181818182,,
Nigeria,Yam,1964,600000.0,5000000.0,8333.3,8.333333333333334,,
Nigeria,Yam,1965,700000.0,6000000.0,8571.4,8.571428571428571,,
Nigeria,Yam,1966,742000.0,6987000.0,9416.4,9.41644204851752,,
Nigeria,Yam,1967,771000.0,7806000.0,10124.5,10.124513618677042,,
Nigeria,Yam,1968,1068000.0,8233000.0,7708.8,7.7088014981273405,,
Nigeria,Yam,1969,1043000.0,9785000.0,9381.6,9.381591562799617,,
Nigeria,Yam,1970,1237000.0,12033000.0,9727.6,9.727566693613582,,
Nigeria,Yam,1971,1236000.0,9766000.0,7901.3,7.901294498381877,,
Nigeria,Yam,1972,932000.0,6900000.0,7403.4,7.4034334763948495,,
Nigeria,Yam,1973,948000.0,6935000.0,7315.4,7.315400843881856,,
Nigeria,Yam,1974,671000.0,7160000.0,10670.6,10.670640834575261,,
Nigeria,Yam,1975,776000.0,8621000.0,11109.5,11.109536082474227,,
Nigeria,Yam,1976,679000.0,6556000.0,9655.4,9.655375552282768,,
Nigeria,Yam,1977,577000.0,6376000.0,11050.3,11.050259965337954,,
Nigeria,Yam,1978,471000.0,5780000.0,12271.8,12.27176220806794,,
Nigeria,Yam,1979,481000.0,5256000.0,10927.2,10.927234927234927,,
Nigeria,Yam,1980,498000.0,5248000.0,10538.2,10.538152610441767,,
Nigeria,Yam,1981,926000.0,5212000.0,5628.5,5.628509719222462,,
Nigeria,Yam,1982,956000.0,5385000.0,5632.8,5.632845188284519,,
Nigeria,Yam,1983,888000.0,4998000.0,5628.4,5.628378378378378,,
Nigeria,Yam,1984,816000.0,4600000.0,5637.3,5.637254901960785,,
Nigeria,Yam,1985,840000.0,4738000.0,5640.5,5.640476190476191,,
Nigeria,Yam,1986,924000.0,5209000.0,5637.4,5.637445887445887,,
Nigeria,Yam,1987,751000.0,4886000.0,6506.0,6.505992010652464,,
Nigeria,Yam,1988,935000.0,9132000.0,9766.8,9.766844919786097,,
Nigeria,Yam,1989,921000.0,9609000.0,10433.2,10.433224755700326,,
Nigeria,Yam,1990,1276000.0,13624000.0,10677.1,10.677115987460816,,
Nigeria,Yam,1991,1639000.0,16956000.0,10345.3,10.345332519829164,262.0,4442472000.0
Nigeria,Yam,1992,1743000.0,19781000.0,11348.8,11.348823866896156,343.5,6794773500.0
Nigeria,Yam,1993,1906000.0,21632000.0,11349.4,11.349422875131165,532.1,11510387200.0
Nigeria,Yam,1994,2031000.0,23153000.0,11399.8,11.399803052683406,403.3,9337604900.0
Nigeria,Yam,1995,2118000.0,22818000.0,10773.4,10.773371104815864,304.6,6950362800.000001
Nigeria,Yam,1996,2172000.0,23201000.0,10681.9,10.681860036832413,310.2,7196950200.0
Nigeria,Yam,1997,2169890.0,23972000.0,11047.6,11.047564623091493,339.1,8128905200.000001
Nigeria,Yam,1998,2625000.0,24768000.0,9435.4,9.435428571428572,345.6,8559820800.000001
Nigeria,Yam,1999,2613000.0,25873000.0,9901.6,9.901645618063528,328.0,8486344000.0
Nigeria,Yam,2000,2647000.0,26201000.0,9898.4,9.898375519455987,,
Nigeria,Yam,2001,2677000.0,26232000.0,9799.0,9.799028763541278,439.2,11521094400.0
Nigeria,Yam,2002,2794000.0,27911000.0,9989.6,9.989620615604867,493.5,13774078500.0
Nigeria,Yam,2003,2828000.0,29697000.0,10501.1,10.501060820367751,450.3,13372559100.0
Nigeria,Yam,2004,2837000.0,31776000.0,11200.6,11.200563976031018,441.7,14035459200.0
Nigeria,Yam,2005,2957000.0,34000000.0,11498.1,11.498140006763611,504.1,17139400000.0
Nigeria,Yam,2006,3035000.0,36720000.0,12098.8,12.098846787479406,597.2,21929184000.0
Nigeria,Yam,2007,3123000.0,31136000.0,9969.9,9.969900736471342,607.2,18905779200.0
Nigeria,Yam,2008,3045000.0,35017000.0,11499.8,11.49983579638752,753.6,26388811200.0
Nigeria,Yam,2009,2776020.0,29091980.0,10479.7,10.479744382245086,188.5,5483838230.0
Nigeria,Yam,2010,2868990.0,37328180.0,13010.9,13.010913248216271,286.8,10705722024.0
Nigeria,Yam,2011,4475356.0,33134172.0,7403.7,7.40369525910341,305.3,10115862711.6
Nigeria,Yam,2012,4487946.0,32318900.0,7201.3,7.201267573183813,328.1,10603831090.0
Nigeria,Yam,2013,5088300.0,35618420.0,7000.1,7.000062889373661,317.7,11315972034.0
Nigeria,Yam,2014,5333871.0,43709800.0,8194.8,8.19476136561983,,
Nigeria,Yam,2015,5389870.0,44103900.0,8182.7,8.182739101314132,,
Nigeria,Yam,2016,5347483.0,48982621.0,9159.9,9.159939545389859,,
Nigeria,Yam,2017,5276098.0,49519100.0,9385.6,9.385553490477243,,
Nigeria,Yam,2018,5427899.0,55363999.0,10199.9,10.199894839605527,,
Nigeria,Yam,2019,6778080.0,52914910.0,7806.8,7.806769763708897,,
Nigeria,Yam,2020,7128080.0,56345530.0,7904.7,7.904727500252522,,
Nigeria,Yam,2021,7498130.0,59884050.0,7986.5,7.986531308472912,,
Nigeria,Yam,2022,7467286.0,61100194.52,8182.4,8.182383066618849,,
Nigeria,Yam,2023,7613167.0,62378631.04,8193.5,8.193519338272758,,
Nigeria,Yam,2024,8015649.0,65322031.57,8149.3,8.149312871609023,,
Senegal,Cassava,1961,36442.0,144900.0,3976.2,3.9761813292354975,,
Senegal,Cassava,1962,38100.0,157000.0,4120.7,4.120734908136483,,
Senegal,Cassava,1963,34000.0,153000.0,4500.0,4.5,,
Senegal,Cassava,1964,33000.0,156000.0,4727.3,4.7272727272727275,,
Senegal,Cassava,1965,37725.0,149925.0,3974.2,3.9741550695825048,,
Senegal,Cassava,1966,64293.0,241425.0,3755.1,3.7550744248985115,,
Senegal,Cassava,1967,63253.0,239377.0,3784.4,3.7844371017975433,,
Senegal,Cassava,1968,62538.0,232310.0,3714.7,3.714701461511401,,
Senegal,Cassava,1969,39000.0,176773.0,4532.6,4.532641025641025,,
Senegal,Cassava,1970,39000.0,161900.0,4151.3,4.151282051282052,,
Senegal,Cassava,1971,31100.0,137507.0,4421.4,4.42144694533762,,
Senegal,Cassava,1972,40789.0,149700.0,3670.1,3.6701071367280393,,
Senegal,Cassava,1973,28592.0,131400.0,4595.7,4.595691102406268,,
Senegal,Cassava,1974,33400.0,120057.0,3594.5,3.5945209580838324,,
Senegal,Cassava,1975,37100.0,109200.0,2943.4,2.943396226415094,,
Senegal,Cassava,1976,25300.0,67800.0,2679.8,2.6798418972332017,,
Senegal,Cassava,1977,18913.0,75111.0,3971.4,3.9713953365410037,,
Senegal,Cassava,1978,17216.0,81007.0,4705.3,4.705332249070632,,
Senegal,Cassava,1979,7786.0,24647.0,3165.6,3.1655535576676086,,
Senegal,Cassava,1980,7790.0,26500.0,3401.8,3.4017971758664953,,
Senegal,Cassava,1981,7779.0,33704.0,4332.7,4.332690577195012,,
Senegal,Cassava,1982,8616.0,32030.0,3717.5,3.717502321262767,,
Senegal,Cassava,1983,6305.0,17288.0,2742.0,2.741950832672482,,
Senegal,Cassava,1984,6499.0,19229.0,2958.8,2.9587628865979383,,
Senegal,Cassava,1985,7831.0,30955.0,3952.9,3.9528795811518322,,
Senegal,Cassava,1986,20089.0,75044.0,3735.6,3.73557668375728,,
Senegal,Cassava,1987,14122.0,52885.0,3744.9,3.7448661662654015,,
Senegal,Cassava,1988,16111.0,54885.0,3406.7,3.4066786667494258,,
Senegal,Cassava,1989,16048.0,58591.0,3651.0,3.650984546360917,,
Senegal,Cassava,1990,19704.0,69278.0,3515.9,3.515935850588713,,
Senegal,Cassava,1991,9906.0,24519.0,2475.2,2.4751665657177466,514.0,12602766.0
Senegal,Cassava,1992,21373.0,45943.0,2149.6,2.149581247368175,566.7,26035898.1
Senegal,Cassava,1993,15701.0,43450.0,2767.3,2.767339659894274,533.3,23171884.999999996
Senegal,Cassava,1994,30859.0,76915.0,2492.5,2.492465731229139,313.4,24105161.0
Senegal,Cassava,1995,17457.0,55515.0,3180.1,3.1800996734834164,254.4,14123016.0
Senegal,Cassava,1996,14011.0,36985.0,2639.7,2.6397116551281137,238.5,8820922.5
Senegal,Cassava,1997,19937.0,46564.0,2335.6,2.335557004564378,212.4,9890193.6
Senegal,Cassava,1998,13247.0,65608.0,4952.7,4.952668528723485,213.6,14013868.799999999
Senegal,Cassava,1999,20394.0,104009.0,5100.0,5.099980386388153,206.3,21457056.700000003
Senegal,Cassava,2000,27179.0,132859.0,4888.3,4.888296110968027,179.8,23888048.200000003
Senegal,Cassava,2001,27794.0,137893.0,4961.3,4.9612506296322945,178.7,24641479.099999998
Senegal,Cassava,2002,21408.0,106960.0,4996.3,4.996263079222721,192.3,20568408.0
Senegal,Cassava,2003,36061.0,181721.0,5039.3,5.039266797925737,230.6,41904862.6
Senegal,Cassava,2004,59585.0,401448.0,6737.4,6.737400352437694,255.5,102569964.0
Senegal,Cassava,2005,26040.0,281448.0,10808.3,10.808294930875576,259.7,73092045.6
Senegal,Cassava,2006,19464.0,120041.0,6167.3,6.167334566378956,267.7,32134975.7
Senegal,Cassava,2007,61248.0,308312.0,5033.8,5.033829676071055,310.9,95854200.8
Senegal,Cassava,2008,113205.0,920866.0,8134.5,8.134499359568924,350.6,322855619.6
Senegal,Cassava,2009,32418.0,265533.0,8190.9,8.19091245604294,326.1,86590311.30000001
Senegal,Cassava,2010,25206.0,181236.12,7190.2,7.190197572006665,315.0,57089377.8
Senegal,Cassava,2011,20672.0,154879.0,7492.2,7.492211687306502,341.2,52844714.8
Senegal,Cassava,2012,23600.0,194472.0,8240.3,8.240338983050847,319.3,62094909.6
Senegal,Cassava,2013,23600.0,189469.0,8028.3,8.028347457627119,332.0,62903708.0
Senegal,Cassava,2014,20868.0,146031.0,6997.8,6.99784358826912,339.8,49621333.800000004
Senegal,Cassava,2015,31394.0,257259.0,8194.5,8.194527616742052,,
Senegal,Cassava,2016,40268.0,439571.0,10916.1,10.916136882884672,,
Senegal,Cassava,2017,60513.0,695120.0,11487.1,11.487118470411316,270.9,188308007.99999997
Senegal,Cassava,2018,63857.0,760455.0,11908.7,11.908717916594892,278.3,211634626.5
Senegal,Cassava,2019,86624.0,1023738.0,11818.2,11.818179719246398,265.3,271597691.40000004
Senegal,Cassava,2020,96476.0,1346474.34,13956.6,13.956573033707866,261.5,352103039.91
Senegal,Cassava,2021,96203.0,1328888.71,13813.4,13.813381183538974,228.6,303783959.106
Senegal,Cassava,2022,96746.0,1322803.0,13672.9,13.672947718768734,234.5,310197303.5
Senegal,Cassava,2023,96797.0,1388741.0,14346.9,14.34694257053421,254.1,352879088.09999996
Senegal,Cassava,2024,96844.0,1433575.36,14802.9,14.802934203461238,,
Senegal,Cowpea,1961,48000.0,12000.0,250.0,0.25,,
Senegal,Cowpea,1962,49000.0,13200.0,269.4,0.2693877551020408,,
Senegal,Cowpea,1963,51000.0,14000.0,274.5,0.27450980392156865,,
Senegal,Cowpea,1964,51000.0,17000.0,333.3,0.3333333333333333,,
Senegal,Cowpea,1965,54000.0,14000.0,259.3,0.25925925925925924,,
Senegal,Cowpea,1966,85900.0,18200.0,211.9,0.21187427240977882,,
Senegal,Cowpea,1967,99100.0,30350.0,306.3,0.30625630676084764,,
Senegal,Cowpea,1968,69600.0,17100.0,245.7,0.24568965517241378,,
Senegal,Cowpea,1969,71200.0,22600.0,317.4,0.31741573033707865,,
Senegal,Cowpea,1970,63100.0,17800.0,282.1,0.2820919175911252,,
Senegal,Cowpea,1971,70800.0,25900.0,365.8,0.365819209039548,,
Senegal,Cowpea,1972,86392.0,10805.0,125.1,0.12506945087508103,,
Senegal,Cowpea,1973,52930.0,16240.0,306.8,0.3068203287360665,,
Senegal,Cowpea,1974,59394.0,22103.0,372.1,0.37214196720207426,,
Senegal,Cowpea,1975,62000.0,24462.0,394.5,0.3945483870967742,,
Senegal,Cowpea,1976,62400.0,12100.0,193.9,0.19391025641025642,,
Senegal,Cowpea,1977,57223.0,11719.0,204.8,0.20479527462733516,,
Senegal,Cowpea,1978,62417.0,22565.0,361.5,0.3615200986910617,,
Senegal,Cowpea,1979,46500.0,15800.0,339.8,0.33978494623655914,,
Senegal,Cowpea,1980,50000.0,20889.0,417.8,0.41778,,
Senegal,Cowpea,1981,59183.0,25800.0,435.9,0.4359359951337377,,
Senegal,Cowpea,1982,45886.0,10889.0,237.3,0.23730549622978686,,
Senegal,Cowpea,1983,39433.0,12858.0,326.1,0.3260720716151447,,
Senegal,Cowpea,1984,52498.0,15795.0,300.9,0.30086860451826736,,
Senegal,Cowpea,1985,120716.0,65966.0,546.5,0.5464561450014911,,
Senegal,Cowpea,1986,117607.0,54863.0,466.5,0.46649434132322054,,
Senegal,Cowpea,1987,71480.0,28625.0,400.5,0.4004616675993285,,
Senegal,Cowpea,1988,70687.0,24405.0,345.3,0.3452544315079152,,
Senegal,Cowpea,1989,64809.0,26350.0,406.6,0.406579333117314,,
Senegal,Cowpea,1990,45334.0,12242.0,270.0,0.2700401464684343,,
Senegal,Cowpea,1991,50744.0,16679.0,328.7,0.32868910610121393,549.4,9163442.6
Senegal,Cowpea,1992,73653.0,16833.0,228.5,0.22854466213188873,547.8,9221117.399999999
Senegal,Cowpea,1993,118432.0,43993.0,371.5,0.3714621048365307,480.3,21129837.900000002
Senegal,Cowpea,1994,91504.0,28980.0,316.7,0.31670746634026925,408.9,11849922.0
Senegal,Cowpea,1995,97479.0,41911.0,429.9,0.4299490146595677,458.8,19228766.8
Senegal,Cowpea,1996,88623.0,20626.0,232.7,0.23273867957527955,373.4,7701748.399999999
Senegal,Cowpea,1997,88000.0,33131.0,376.5,0.3764886363636364,346.1,11466639.100000001
Senegal,Cowpea,1998,123365.0,40620.0,329.3,0.32926680987314066,593.3,24099846.0
Senegal,Cowpea,1999,170000.0,68000.0,400.0,0.4,341.1,23194800.0
Senegal,Cowpea,2000,146464.0,47290.0,322.9,0.3228779768407254,216.3,10228827.0
Senegal,Cowpea,2001,90685.0,31720.0,349.8,0.3497822131554281,332.9,10559588.0
Senegal,Cowpea,2002,132596.0,12805.0,96.6,0.09657154061962653,453.4,5805787.0
Senegal,Cowpea,2003,145487.0,34705.0,238.5,0.23854364994810534,555.7,19285568.5
Senegal,Cowpea,2004,188181.0,11984.0,63.7,0.06368336867165122,588.7,7054980.800000001
Senegal,Cowpea,2005,221907.0,92878.0,418.5,0.4185447056649858,656.0,60927968.0
Senegal,Cowpea,2006,193462.0,52931.0,273.6,0.27359894966453363,550.8,29154394.799999997
Senegal,Cowpea,2007,168825.0,59812.0,354.3,0.3542840219161854,761.6,45552819.2
Senegal,Cowpea,2008,272104.0,126423.0,464.6,0.46461279510775294,587.3,74248227.89999999
Senegal,Cowpea,2009,215783.0,86625.0,401.4,0.40144497017837366,633.2,54850950.00000001
Senegal,Cowpea,2010,128244.0,48879.75,381.1,0.38114648638532794,664.3,32470817.924999997
Senegal,Cowpea,2011,94530.0,28110.0,297.4,0.2973659155823548,837.1,23530881.0
Senegal,Cowpea,2012,143600.0,59894.0,417.1,0.4170891364902507,,
Senegal,Cowpea,2013,129206.0,55015.0,425.8,0.42579291983344425,,
Senegal,Cowpea,2014,123111.0,40688.0,330.5,0.33049849322968705,,
Senegal,Cowpea,2015,153142.0,62032.0,405.1,0.40506196863042143,,
Senegal,Cowpea,2016,162990.0,82875.0,508.5,0.5084667771028898,,
Senegal,Cowpea,2017,183422.0,105016.0,572.5,0.5725376454296649,,
Senegal,Cowpea,2018,203059.0,117784.0,580.0,0.5800481633416888,,
Senegal,Cowpea,2019,257216.0,152753.0,593.9,0.5938705212739488,,
Senegal,Cowpea,2020,289895.0,253896.95,875.8,0.8758238327670363,,
Senegal,Cowpea,2021,288888.0,239193.6,828.0,0.8279803937858271,,
Senegal,Cowpea,2022,293854.0,152211.0,518.0,0.5179817188127438,,
Senegal,Cowpea,2023,313474.0,221798.0,707.5,0.7075483134167427,,
Senegal,Cowpea,2024,300395.0,212909.14,708.8,0.7087639274954644,,
Senegal,Groundnut,1961,1026000.0,1022000.0,996.1,0.9961013645224172,,
Senegal,Groundnut,1962,1015000.0,1022000.0,1006.9,1.006896551724138,,
Senegal,Groundnut,1963,1084000.0,1084500.0,1000.5,1.0004612546125462,,
Senegal,Groundnut,1964,1055000.0,1019000.0,965.9,0.9658767772511848,,
Senegal,Groundnut,1965,1114000.0,1121000.0,1006.3,1.0062836624775584,,
Senegal,Groundnut,1966,1116710.0,1000000.0,895.5,0.8954876377931603,,
Senegal,Groundnut,1967,1166746.0,1008610.0,864.5,0.8644640735858533,,
Senegal,Groundnut,1968,1195117.0,836800.0,700.2,0.7001824925927754,,
Senegal,Groundnut,1969,959800.0,796100.0,829.4,0.8294436340904355,,
Senegal,Groundnut,1970,989918.0,589950.0,596.0,0.5959584531244002,,
Senegal,Groundnut,1971,1068873.0,997120.0,932.9,0.9328704158492169,,
Senegal,Groundnut,1972,1086732.0,586900.0,540.1,0.5400595547016191,,
Senegal,Groundnut,1973,1042691.0,692779.0,664.4,0.6644144813755944,,
Senegal,Groundnut,1974,1152100.0,980200.0,850.8,0.8507942018921969,,
Senegal,Groundnut,1975,1302300.0,1444093.0,1108.9,1.10887890654995,,
Senegal,Groundnut,1976,1346000.0,1231500.0,914.9,0.9149331352154532,,
Senegal,Groundnut,1977,1113000.0,518956.0,466.3,0.4662677448337826,,
Senegal,Groundnut,1978,1178000.0,1061082.0,900.7,0.900748726655348,,
Senegal,Groundnut,1979,1069000.0,676000.0,632.4,0.6323666978484564,,
Senegal,Groundnut,1980,1074742.0,523003.0,486.6,0.486631210095074,,
Senegal,Groundnut,1981,1015740.0,872319.0,858.8,0.8588014649418159,,
Senegal,Groundnut,1982,1147723.0,1004023.0,874.8,0.8747955734963925,,
Senegal,Groundnut,1983,1108000.0,549000.0,495.5,0.4954873646209386,,
Senegal,Groundnut,1984,872972.0,503770.0,577.1,0.5770746369872115,,
Senegal,Groundnut,1985,604573.0,601246.0,994.5,0.9944969424701401,,
Senegal,Groundnut,1986,807728.0,842564.0,1043.1,1.0431283798506428,,
Senegal,Groundnut,1987,845338.0,963123.0,1139.3,1.1393347986249287,,
Senegal,Groundnut,1988,903438.0,722898.0,800.2,0.8001633759040465,,
Senegal,Groundnut,1989,784059.0,844225.0,1076.7,1.0767365721202102,,
Senegal,Groundnut,1990,913948.0,702584.0,768.7,0.7687352015650781,,
Senegal,Groundnut,1991,871614.0,724416.0,831.1,0.8311201977021938,283.6,205444377.60000002
Senegal,Groundnut,1992,956780.0,578498.0,604.6,0.604630113505717,302.2,174822095.6
Senegal,Groundnut,1993,739031.0,627633.0,849.3,0.8492647805031183,353.2,221679975.6
Senegal,Groundnut,1994,892031.0,678040.0,760.1,0.7601081128346436,216.1,146524444.0
Senegal,Groundnut,1995,841384.0,790617.0,939.7,0.9396625084384775,250.4,197970496.8
Senegal,Groundnut,1996,919815.0,646394.0,702.7,0.7027434864619516,256.1,165541503.4
Senegal,Groundnut,1997,788120.0,544825.0,691.3,0.6912970106075217,257.0,140020025.0
Senegal,Groundnut,1998,555464.0,579067.0,1042.5,1.042492402747973,271.2,157042970.4
Senegal,Groundnut,1999,916847.0,1014250.0,1106.2,1.1062369184825822,238.8,242202900.0
Senegal,Groundnut,2000,1095390.0,1061540.0,969.1,0.9690977642666082,203.7,216235698.0
Senegal,Groundnut,2001,920534.0,887356.0,964.0,0.9639578766237857,163.7,145260177.2
Senegal,Groundnut,2002,813725.0,260723.0,320.4,0.32040677132938034,172.2,44896500.599999994
Senegal,Groundnut,2003,524843.0,440709.0,839.7,0.8396968236215402,258.1,113746992.9
Senegal,Groundnut,2004,747303.0,602621.0,806.4,0.8063944611489583,283.9,171084101.89999998
Senegal,Groundnut,2005,772305.0,703373.0,910.7,0.9107451071791585,284.4,200039281.2
Senegal,Groundnut,2006,594264.0,460481.0,774.9,0.7748761493208406,286.9,132111998.89999999
Senegal,Groundnut,2007,607195.0,331195.0,545.5,0.5454508024604946,313.0,103664035.0
Senegal,Groundnut,2008,836843.0,731210.0,873.8,0.8737720217531842,368.5,269450885.0
Senegal,Groundnut,2009,1059093.0,1032651.0,975.0,0.9750333540114041,349.4,360808259.4
Senegal,Groundnut,2010,1195573.0,1286855.5,1076.4,1.0763504194223188,333.1,428651567.05
Senegal,Groundnut,2011,865770.0,527528.0,609.3,0.6093165621354402,370.9,195660135.2
Senegal,Groundnut,2012,708950.0,692572.0,976.9,0.9768982297764299,,
Senegal,Groundnut,2013,916750.0,677456.0,739.0,0.7389757294791383,,
Senegal,Groundnut,2014,878659.0,669329.0,761.8,0.7617619577105567,,
Senegal,Groundnut,2015,1135339.0,1050042.0,924.9,0.9248708975909398,,
Senegal,Groundnut,2016,880000.0,719000.0,817.0,0.8170454545454545,,
Senegal,Groundnut,2017,1254058.0,1405223.0,1120.5,1.1205406767470085,361.7,508269159.09999996
Senegal,Groundnut,2018,1134330.0,1500588.37,1322.9,1.3228852009556302,378.1,567372462.697
Senegal,Groundnut,2019,1110934.0,1421288.11,1279.4,1.2793632294987822,426.7,606463636.5370001
Senegal,Groundnut,2020,1225081.0,1797486.11,1467.2,1.4672385825916818,434.3,780648217.5730001
Senegal,Groundnut,2021,1214316.0,1677803.56,1381.7,1.3816861179462347,450.8,756353844.848
Senegal,Groundnut,2022,1225172.0,1501498.0,1225.5,1.2255405771597785,440.9,662010468.1999999
Senegal,Groundnut,2023,1253527.0,1675329.0,1336.5,1.33649215373901,461.6,773331866.4000001
Senegal,Groundnut,2024,1267592.0,1681953.41,1326.9,1.3268886282021344,503.0,846022565.2299999
Senegal,Maize,1961,31967.0,28313.0,885.7,0.8856946225795351,,
Senegal,Maize,1962,31000.0,27000.0,871.0,0.8709677419354839,,
Senegal,Maize,1963,33000.0,27000.0,818.2,0.8181818181818182,,
Senegal,Maize,1964,47000.0,37000.0,787.2,0.7872340425531915,,
Senegal,Maize,1965,54285.0,40793.0,751.5,0.7514598876301004,,
Senegal,Maize,1966,53764.0,41812.0,777.7,0.7776951119708355,,
Senegal,Maize,1967,71665.0,56800.0,792.6,0.7925765715481755,,
Senegal,Maize,1968,36345.0,25300.0,696.1,0.6961067547117898,,
Senegal,Maize,1969,55414.0,48840.0,881.4,0.8813657198541884,,
Senegal,Maize,1970,50642.0,38747.0,765.1,0.765115911693851,,
Senegal,Maize,1971,48834.0,38503.0,788.4,0.7884465741082033,,
Senegal,Maize,1972,32319.0,20200.0,625.0,0.6250193384696309,,
Senegal,Maize,1973,39256.0,33800.0,861.0,0.8610148767067455,,
Senegal,Maize,1974,48624.0,43293.0,890.4,0.890362783810464,,
Senegal,Maize,1975,56437.0,48900.0,866.5,0.8664528589400571,,
Senegal,Maize,1976,48600.0,52800.0,1086.4,1.0864197530864197,,
Senegal,Maize,1977,53642.0,56407.0,1051.5,1.0515454308191343,,
Senegal,Maize,1978,56307.0,54048.0,959.9,0.9598806542703394,,
Senegal,Maize,1979,67685.0,46293.0,683.9,0.683947698899313,,
Senegal,Maize,1980,78059.0,56777.0,727.4,0.7273600737903381,,
Senegal,Maize,1981,77934.0,94825.0,1216.7,1.2167346729283752,,
Senegal,Maize,1982,78149.0,76259.0,975.8,0.9758154295000576,,
Senegal,Maize,1983,70512.0,60594.0,859.3,0.8593430905377808,,
Senegal,Maize,1984,82680.0,98450.0,1190.7,1.1907353652636672,,
Senegal,Maize,1985,101381.0,146934.0,1449.3,1.4493248241781005,,
Senegal,Maize,1986,94699.0,107883.0,1139.2,1.1392200551220182,,
Senegal,Maize,1987,98860.0,113625.0,1149.4,1.1493526198664779,,
Senegal,Maize,1988,110297.0,123327.0,1118.1,1.118135579390192,,
Senegal,Maize,1989,92990.0,131407.0,1413.1,1.4131304441337778,,
Senegal,Maize,1990,116686.0,133147.0,1141.1,1.14107090824949,,
Senegal,Maize,1991,90632.0,102633.0,1132.4,1.1324145996998853,237.5,24375337.5
Senegal,Maize,1992,105041.0,114564.0,1090.7,1.0906598375872278,219.1,25100972.4
Senegal,Maize,1993,108960.0,138318.0,1269.4,1.2694383259911894,226.0,31259868.0
Senegal,Maize,1994,106814.0,108233.0,1013.3,1.0132847754039733,151.3,16375652.9
Senegal,Maize,1995,97889.0,106509.0,1088.1,1.0880589238831737,234.4,24965709.6
Senegal,Maize,1996,84913.0,88634.0,1043.8,1.0438213230011895,244.4,21662149.6
Senegal,Maize,1997,62178.0,80281.0,1291.1,1.2911479944674966,214.2,17196190.2
Senegal,Maize,1998,53714.0,44339.0,825.5,0.8254644971515805,206.8,9169305.200000001
Senegal,Maize,1999,70440.0,66132.0,938.8,0.9388415672913117,136.4,9020404.8
Senegal,Maize,2000,70715.0,78593.0,1111.4,1.111404935303684,130.6,10264245.799999999
Senegal,Maize,2001,88399.0,108546.0,1227.9,1.2279098179843664,156.9,17030867.400000002
Senegal,Maize,2002,108114.0,80372.0,743.4,0.7434004846735853,205.2,16492334.399999999
Senegal,Maize,2003,175575.0,400907.0,2283.4,2.2833945607290334,239.2,95896954.39999999
Senegal,Maize,2004,147298.0,400555.0,2719.4,2.719351247131665,174.1,69736625.5
Senegal,Maize,2005,143039.0,399958.0,2796.1,2.7961465054985,185.8,74312196.4
Senegal,Maize,2006,130461.0,181585.0,1391.9,1.3918719004146833,242.9,44106996.5
Senegal,Maize,2007,143769.0,158266.0,1100.8,1.1008353678470324,298.4,47226574.4
Senegal,Maize,2008,216517.0,397326.0,1835.1,1.8350799244401133,377.4,149950832.39999998
Senegal,Maize,2009,178710.0,291301.0,1630.0,1.6300207039337473,324.0,94381524.0
Senegal,Maize,2010,121235.0,186511.03,1538.4,1.5384256196642883,290.7,54218756.421
Senegal,Maize,2011,109517.0,124092.0,1133.1,1.1330843613320307,328.5,40764222.0
Senegal,Maize,2012,147699.0,228422.65,1546.5,1.5465416150414018,354.5,80975829.425
Senegal,Maize,2013,156576.0,225902.0,1442.8,1.442762620069487,332.0,74999464.0
Senegal,Maize,2014,146361.0,178732.0,1221.2,1.2211723068303715,335.8,60018205.6
Senegal,Maize,2015,199502.0,304296.0,1525.3,1.5252779420757687,,
Senegal,Maize,2016,219453.0,400462.0,1824.8,1.824818981740965,,
Senegal,Maize,2017,231659.0,410364.0,1771.4,1.7714140180178624,279.9,114860883.6
Senegal,Maize,2018,250891.0,485672.51,1935.8,1.9357908812990503,288.9,140310788.139
Senegal,Maize,2019,258391.0,530704.97,2053.9,2.053883339590001,285.2,151357057.44399998
Senegal,Maize,2020,286977.0,761883.04,2654.9,2.654857497290724,302.6,230545807.904
Senegal,Maize,2021,284955.0,754620.83,2648.2,2.6482105244687757,340.7,257099316.781
Senegal,Maize,2022,277243.0,787750.0,2841.4,2.841370205920438,409.8,322819950.0
Senegal,Maize,2023,278149.0,855033.0,3074.0,3.0740106921110626,419.6,358771846.8
Senegal,Maize,2024,275000.0,774000.0,2814.5,2.8145454545454545,412.3,319120200.0
Senegal,Millet,1961,738100.0,334300.0,452.9,0.45291965858284783,,
Senegal,Millet,1962,768300.0,348700.0,453.9,0.4538591695952102,,
Senegal,Millet,1963,842000.0,392700.0,466.4,0.4663895486935867,,
Senegal,Millet,1964,898200.0,436800.0,486.3,0.4863059452237809,,
Senegal,Millet,1965,950000.0,454000.0,477.9,0.47789473684210526,,
Senegal,Millet,1966,849000.0,345100.0,406.5,0.4064782096584217,,
Senegal,Millet,1967,1014400.0,533700.0,526.1,0.5261238170347003,,
Senegal,Millet,1968,925100.0,366900.0,396.6,0.39660577234893524,,
Senegal,Millet,1969,910700.0,517400.0,568.1,0.5681344021082684,,
Senegal,Millet,1970,856400.0,326700.0,381.5,0.38148061653432974,,
Senegal,Millet,1971,855700.0,474900.0,555.0,0.5549842234427954,,
Senegal,Millet,1972,822200.0,263100.0,320.0,0.31999513500364873,,
Senegal,Millet,1973,960000.0,416300.0,433.6,0.43364583333333334,,
Senegal,Millet,1974,1013100.0,647900.0,639.5,0.6395222584147665,,
Senegal,Millet,1975,845700.0,506100.0,598.4,0.5984391628236964,,
Senegal,Millet,1976,786100.0,455100.0,578.9,0.5789339778654116,,
Senegal,Millet,1977,827800.0,342400.0,413.6,0.41362647982604495,,
Senegal,Millet,1978,925900.0,654700.0,707.1,0.707095798682363,,
Senegal,Millet,1979,812100.0,424000.0,522.1,0.5221031892624061,,
Senegal,Millet,1980,951400.0,451000.0,474.0,0.4740382594071894,,
Senegal,Millet,1981,1033300.0,790000.0,764.5,0.7645407916384399,,
Senegal,Millet,1982,870000.0,476900.0,548.2,0.5481609195402298,,
Senegal,Millet,1983,709000.0,287000.0,404.8,0.40479548660084624,,
Senegal,Millet,1984,903000.0,381000.0,421.9,0.4219269102990033,,
Senegal,Millet,1985,1146000.0,768000.0,670.2,0.6701570680628273,,
Senegal,Millet,1986,856195.0,502060.0,586.4,0.5863851108684354,,
Senegal,Millet,1987,946001.0,690103.0,729.5,0.7294950005338261,,
Senegal,Millet,1988,893436.0,484638.0,542.4,0.5424428834298148,,
Senegal,Millet,1989,952898.0,638883.0,670.5,0.6704631555528504,,
Senegal,Millet,1990,864842.0,504801.0,583.7,0.5836915875963471,,
Senegal,Millet,1991,978818.0,670607.0,685.1,0.6851191947839128,251.7,168791781.9
Senegal,Millet,1992,905086.0,562706.0,621.7,0.6217155054878762,238.0,133924028.0
Senegal,Millet,1993,1100271.0,752616.0,684.0,0.6840278440493297,201.3,151501600.8
Senegal,Millet,1994,1077727.0,670843.0,622.5,0.6224609757387539,140.5,94253441.5
Senegal,Millet,1995,1039274.0,794133.0,764.1,0.7641228395976422,170.3,135240849.9
Senegal,Millet,1996,971643.0,601359.0,618.9,0.6189094142601758,193.5,116362966.5
Senegal,Millet,1997,821238.0,426481.0,519.3,0.5193147418896836,205.6,87684493.6
Senegal,Millet,1998,789703.0,441418.0,559.0,0.558967105354798,203.4,89784421.2
Senegal,Millet,1999,1007462.0,675000.0,670.0,0.6700004565929037,123.4,83295000.0
Senegal,Millet,2000,842124.0,600221.0,712.7,0.7127465788886197,147.5,88532597.5
Senegal,Millet,2001,801074.0,556655.0,694.9,0.6948858657252638,137.8,76707059.0
Senegal,Millet,2002,819580.0,414820.0,506.1,0.5061372898313771,221.0,91675220.0
Senegal,Millet,2003,857458.0,628426.0,732.9,0.7328942058969652,196.1,123234338.6
Senegal,Millet,2004,686929.0,323752.0,471.3,0.4713034389289141,160.9,52091696.800000004
Senegal,Millet,2005,800763.0,608551.0,760.0,0.7599639343975683,180.1,109600035.1
Senegal,Millet,2006,748311.0,494345.0,660.6,0.6606143702284211,216.1,106827954.5
Senegal,Millet,2007,686892.0,318822.0,464.2,0.46415156967907617,262.9,83818303.8
Senegal,Millet,2008,883619.0,678171.0,767.5,0.7674925505223406,359.5,243802474.5
Senegal,Millet,2009,1051668.0,810121.0,770.3,0.7703201010204741,324.0,262479204.0
Senegal,Millet,2010,1033157.0,813295.0,787.2,0.7871940082678625,306.9,249600235.49999997
Senegal,Millet,2011,779803.0,480759.0,616.5,0.6165134014616512,328.5,157929331.5
Senegal,Millet,2012,817471.0,662614.0,810.6,0.8105657570727279,,
Senegal,Millet,2013,754274.0,515365.0,683.3,0.6832596642599373,,
Senegal,Millet,2014,715996.0,408993.0,571.2,0.5712224649299716,,
Senegal,Millet,2015,922008.0,749874.0,813.3,0.8133053075461384,,
Senegal,Millet,2016,935232.0,698643.0,747.0,0.7470264062820776,,
Senegal,Millet,2017,940880.0,875484.0,930.5,0.9304948558796021,321.1,281117912.40000004
Senegal,Millet,2018,930122.0,897574.18,965.0,0.9650069345741742,334.5,300238563.21000004
Senegal,Millet,2019,880408.0,807044.07,916.7,0.9166705322986615,323.2,260836643.42399997
Senegal,Millet,2020,1023065.0,1144854.92,1119.0,1.1190441663041937,366.4,419474842.68799996
Senegal,Millet,2021,968218.0,1039859.75,1074.0,1.0739934085092406,416.6,433205571.85
Senegal,Millet,2022,969693.0,1097033.0,1131.3,1.1313199125908922,494.3,542263411.9
Senegal,Millet,2023,1005909.0,1260709.0,1253.3,1.253303231206799,649.5,818830495.5
Senegal,Millet,2024,1000000.0,1106000.0,1106.0,1.106,458.8,507432800.0
Senegal,Rice,1961,72500.0,83100.0,1146.2,1.146206896551724,,
Senegal,Rice,1962,66000.0,77000.0,1166.7,1.1666666666666667,,
Senegal,Rice,1963,75000.0,106000.0,1413.3,1.4133333333333333,,
Senegal,Rice,1964,86000.0,110000.0,1279.1,1.2790697674418605,,
Senegal,Rice,1965,82168.0,122275.0,1488.1,1.4881097264141758,,
Senegal,Rice,1966,87974.0,125338.0,1424.7,1.4247163934798919,,
Senegal,Rice,1967,101200.0,137500.0,1358.7,1.358695652173913,,
Senegal,Rice,1968,64600.0,58300.0,902.5,0.9024767801857585,,
Senegal,Rice,1969,102600.0,155900.0,1519.5,1.5194931773879143,,
Senegal,Rice,1970,88000.0,90500.0,1028.4,1.0284090909090908,,
Senegal,Rice,1971,83700.0,108200.0,1292.7,1.2927120669056154,,
Senegal,Rice,1972,53700.0,36700.0,683.4,0.6834264432029795,,
Senegal,Rice,1973,64558.0,64340.0,996.6,0.996623191548685,,
Senegal,Rice,1974,84000.0,116975.0,1392.6,1.3925595238095239,,
Senegal,Rice,1975,87100.0,115707.0,1328.4,1.328438576349024,,
Senegal,Rice,1976,80100.0,115200.0,1438.2,1.4382022471910112,,
Senegal,Rice,1977,63300.0,62918.0,994.0,0.9939652448657188,,
Senegal,Rice,1978,91487.0,147045.0,1607.3,1.6072775366992031,,
Senegal,Rice,1979,78718.0,96567.0,1226.7,1.2267461063543281,,
Senegal,Rice,1980,67175.0,64658.0,962.5,0.9625307033866766,,
Senegal,Rice,1981,75848.0,127032.0,1674.8,1.6748233308722709,,
Senegal,Rice,1982,67105.0,118571.0,1766.9,1.7669473213620446,,
Senegal,Rice,1983,52006.0,108540.0,2087.1,2.0870668768988194,,
Senegal,Rice,1984,66090.0,135828.0,2055.2,2.055197458011802,,
Senegal,Rice,1985,78153.0,147005.0,1881.0,1.8809898532366,,
Senegal,Rice,1986,71479.0,142792.0,1997.7,1.997677639586452,,
Senegal,Rice,1987,74346.0,135793.0,1826.5,1.8265004169693058,,
Senegal,Rice,1988,78809.0,146405.0,1857.7,1.8577192960194902,,
Senegal,Rice,1989,79331.0,168227.0,2120.6,2.1205707730899648,,
Senegal,Rice,1990,72957.0,181119.0,2482.5,2.482544512521074,,
Senegal,Rice,1991,72264.0,169800.0,2349.7,2.3497177017602127,301.3,51160740.0
Senegal,Rice,1992,73696.0,177346.0,2406.5,2.4064535388623534,321.1,56945800.6
Senegal,Rice,1993,77945.0,193374.0,2480.9,2.4809032009750465,317.8,61454257.2
Senegal,Rice,1994,77736.0,162228.0,2086.9,2.086909539981476,180.1,29217262.8
Senegal,Rice,1995,68966.0,155152.0,2249.7,2.2496882521822346,230.4,35747020.800000004
Senegal,Rice,1996,73811.0,148780.0,2015.7,2.0156887184836947,185.7,27628446.0
Senegal,Rice,1997,74698.0,173702.0,2325.4,2.3253902380251144,162.8,28278685.6
Senegal,Rice,1998,45405.0,123519.0,2720.4,2.720383217707301,169.5,20936470.5
Senegal,Rice,1999,130000.0,364000.0,2800.0,2.8,162.4,59113600.0
Senegal,Rice,2000,86252.0,202293.0,2345.4,2.3453717015257616,140.5,28422166.5
Senegal,Rice,2001,87230.0,206989.0,2372.9,2.3729106958615156,136.4,28233299.6
Senegal,Rice,2002,76025.0,172395.0,2267.6,2.267609339033213,143.5,24738682.5
Senegal,Rice,2003,87814.0,231805.0,2639.7,2.6397271505682465,172.1,39893640.5
Senegal,Rice,2004,81486.0,201744.0,2475.8,2.475811795891319,189.3,38190139.2
Senegal,Rice,2005,97779.0,279080.0,2854.2,2.854191595332331,201.0,56095080.0
Senegal,Rice,2006,85037.0,190493.0,2240.1,2.2401190070204735,208.5,39717790.5
Senegal,Rice,2007,80312.0,193379.0,2407.8,2.407846897101305,246.2,47609909.8
Senegal,Rice,2008,125329.0,408219.0,3257.2,3.2571791045967013,393.0,160430067.0
Senegal,Rice,2009,139388.0,502104.0,3602.2,3.6022039199931126,324.0,162681696.0
Senegal,Rice,2010,147208.0,604043.3,4103.3,4.103332019998914,290.7,175595387.31
Senegal,Rice,2011,109177.0,405824.0,3717.1,3.717119906207351,337.0,136762688.0
Senegal,Rice,2012,117729.0,469649.0,3989.2,3.98923799573597,,
Senegal,Rice,2013,108547.0,436153.0,4018.1,4.018102757330926,,
Senegal,Rice,2014,134973.0,559021.0,4141.7,4.141724641224541,,
Senegal,Rice,2015,237300.0,906348.0,3819.4,3.819418457648546,,
Senegal,Rice,2016,283501.0,950779.0,3353.7,3.3537059834004115,,
Senegal,Rice,2017,305934.0,1011269.0,3305.5,3.3055136075101164,223.9,226423129.1
Senegal,Rice,2018,323635.0,1206587.27,3728.2,3.7282348015511304,234.0,282341421.18
Senegal,Rice,2019,345596.0,1155730.28,3344.2,3.3441656732138103,213.3,246517268.724
Senegal,Rice,2020,403727.0,1349723.01,3343.2,3.3431576535629275,225.9,304902427.959
Senegal,Rice,2021,380993.0,1382119.93,3627.7,3.6276780150816417,292.1,403717231.55300003
Senegal,Rice,2022,372413.0,1409120.0,3783.8,3.783756206147476,259.7,365948464.0
Senegal,Rice,2023,398193.0,1519700.0,3816.5,3.816490998083844,267.1,405911870.00000006
Senegal,Rice,2024,410271.0,1580000.0,3851.1,3.8511130447923447,,
Senegal,Sorghum,1961,102600.0,75900.0,739.8,0.7397660818713451,,
Senegal,Sorghum,1962,106700.0,79100.0,741.3,0.7413308341143393,,
Senegal,Sorghum,1963,117000.0,89100.0,761.5,0.7615384615384615,,
Senegal,Sorghum,1964,124800.0,99200.0,794.9,0.7948717948717948,,
Senegal,Sorghum,1965,132000.0,103100.0,781.1,0.781060606060606,,
Senegal,Sorghum,1966,118000.0,78300.0,663.6,0.6635593220338983,,
Senegal,Sorghum,1967,140900.0,121200.0,860.2,0.8601845280340668,,
Senegal,Sorghum,1968,128600.0,83300.0,647.7,0.6477449455676516,,
Senegal,Sorghum,1969,126600.0,117400.0,927.3,0.9273301737756714,,
Senegal,Sorghum,1970,119000.0,74200.0,623.5,0.6235294117647059,,
Senegal,Sorghum,1971,118900.0,107800.0,906.6,0.9066442388561816,,
Senegal,Sorghum,1972,114200.0,59700.0,522.8,0.5227670753064798,,
Senegal,Sorghum,1973,133000.0,94500.0,710.5,0.7105263157894737,,
Senegal,Sorghum,1974,140800.0,147100.0,1044.7,1.0447443181818181,,
Senegal,Sorghum,1975,117500.0,114900.0,977.9,0.977872340425532,,
Senegal,Sorghum,1976,109200.0,103300.0,946.0,0.9459706959706959,,
Senegal,Sorghum,1977,115000.0,77700.0,675.7,0.6756521739130434,,
Senegal,Sorghum,1978,128700.0,148600.0,1154.6,1.1546231546231547,,
Senegal,Sorghum,1979,112800.0,96000.0,851.1,0.851063829787234,,
Senegal,Sorghum,1980,132200.0,102000.0,771.6,0.7715582450832073,,
Senegal,Sorghum,1981,143600.0,196000.0,1364.9,1.3649025069637883,,
Senegal,Sorghum,1982,120900.0,108300.0,895.8,0.8957816377171216,,
Senegal,Sorghum,1983,75000.0,65000.0,866.7,0.8666666666666667,,
Senegal,Sorghum,1984,100000.0,90000.0,900.0,0.9,,
Senegal,Sorghum,1985,190000.0,182000.0,957.9,0.9578947368421052,,
Senegal,Sorghum,1986,136959.0,131666.0,961.4,0.961353397732168,,
Senegal,Sorghum,1987,127816.0,111186.0,869.9,0.8698910934468298,,
Senegal,Sorghum,1988,129880.0,109562.0,843.6,0.8435632891900215,,
Senegal,Sorghum,1989,131461.0,126868.0,965.1,0.9650618814705502,,
Senegal,Sorghum,1990,172860.0,157323.0,910.1,0.9101180145782715,,
Senegal,Sorghum,1991,99636.0,78094.0,783.8,0.7837930065438194,251.7,19656259.8
Senegal,Sorghum,1992,131398.0,116739.0,888.4,0.888438180185391,238.0,27783882.0
Senegal,Sorghum,1993,126360.0,99073.0,784.1,0.7840534979423869,201.3,19943394.900000002
Senegal,Sorghum,1994,141947.0,123092.0,867.2,0.867168731991518,140.5,17294426.0
Senegal,Sorghum,1995,148414.0,127328.0,857.9,0.8579244545662809,170.3,21683958.400000002
Senegal,Sorghum,1996,148646.0,133009.0,894.8,0.8948037619579403,193.5,25737241.5
Senegal,Sorghum,1997,154476.0,118297.0,765.8,0.7657953339030011,205.6,24321863.2
Senegal,Sorghum,1998,201756.0,119574.0,592.7,0.5926663891036698,203.4,24321351.6
Senegal,Sorghum,1999,230196.0,147444.0,640.5,0.6405150393577647,123.4,18194589.6
Senegal,Sorghum,2000,165394.0,143750.0,869.1,0.8691367280554313,147.5,21203125.0
Senegal,Sorghum,2001,174724.0,149649.0,856.5,0.8564879467045169,137.8,20621632.200000003
Senegal,Sorghum,2002,199757.0,116929.0,585.4,0.5853562077924679,221.0,25841309.0
Senegal,Sorghum,2003,208363.0,189787.0,910.8,0.910847895259715,196.1,37217230.699999996
Senegal,Sorghum,2004,163130.0,126492.0,775.4,0.7754061178201435,160.9,20352562.8
Senegal,Sorghum,2005,149173.0,143989.0,965.2,0.9652484028611076,180.1,25932418.9
Senegal,Sorghum,2006,159063.0,121003.0,760.7,0.7607237383929638,216.1,26148748.3
Senegal,Sorghum,2007,155919.0,100704.0,645.9,0.645873819098378,262.9,26475081.599999998
Senegal,Sorghum,2008,249297.0,251515.0,1008.9,1.0088970184157853,359.5,90419642.5
Senegal,Sorghum,2009,240425.0,224956.0,935.7,0.9356597691587814,324.0,72885744.0
Senegal,Sorghum,2010,174264.0,162598.88,933.1,0.9330606436211725,306.9,49901596.272
Senegal,Sorghum,2011,135960.0,86865.0,638.9,0.638901147396293,328.5,28535152.5
Senegal,Sorghum,2012,143271.0,137574.0,960.2,0.9602361957409385,348.7,47972053.8
Senegal,Sorghum,2013,108803.0,92029.0,845.8,0.8458314568532118,358.3,32973990.7
Senegal,Sorghum,2014,125066.0,102323.0,818.2,0.8181520157356915,368.1,37665096.300000004
Senegal,Sorghum,2015,200737.0,188500.0,939.0,0.939039638930541,,
Senegal,Sorghum,2016,220811.0,193452.0,876.1,0.876097658178261,,
Senegal,Sorghum,2017,221329.0,215491.0,973.6,0.9736229775582955,321.1,69194160.10000001
Senegal,Sorghum,2018,247678.0,295463.11,1192.9,1.1929323960949296,334.5,98832410.295
Senegal,Sorghum,2019,238833.0,270168.31,1131.2,1.1312017602257645,323.2,87318397.792
Senegal,Sorghum,2020,278101.0,377322.86,1356.8,1.3567835426697494,366.4,138251095.90399998
Senegal,Sorghum,2021,265387.0,352474.34,1328.1,1.328152245588518,416.6,146840810.04400003
Senegal,Sorghum,2022,270168.0,363164.0,1344.2,1.3442154511267064,494.3,179511965.20000002
Senegal,Sorghum,2023,276413.0,364577.0,1319.0,1.3189575019988207,649.5,236792761.5
Senegal,Sorghum,2024,260000.0,445000.0,1711.5,1.7115384615384615,514.5,228952500.0
Senegal,Yam,2014,1350.0,28350.0,21000.0,21.0,,
Senegal,Yam,2015,1840.0,35000.0,19021.7,19.02173913043478,,
Senegal,Yam,2016,3500.0,70000.0,20000.0,20.0,,
Senegal,Yam,2017,3790.0,72000.0,18997.4,18.99736147757256,,
Senegal,Yam,2018,3890.0,70000.0,17994.9,17.994858611825194,,
Senegal,Yam,2019,4310.0,76094.07,17655.2,17.655236658932715,,
Senegal,Yam,2020,5960.0,101699.42,17063.7,17.063661073825504,,
Senegal,Yam,2021,5760.0,96475.65,16749.2,16.749244791666666,,
Senegal,Yam,2022,6356.0,104274.29,16405.6,16.40564663310258,,
Senegal,Yam,2023,7565.0,120502.0,15928.5,15.928883013879709,,
Senegal,Yam,2024,7822.0,146536.35,18733.8,18.733872411148045,,
South Africa,Cowpea,1961,25500.0,15800.0,619.6,0.6196078431372549,,
South Africa,Cowpea,1962,17000.0,7600.0,447.1,0.4470588235294118,,
South Africa,Cowpea,1963,19000.0,8400.0,442.1,0.4421052631578947,,
South Africa,Cowpea,1964,19000.0,7800.0,410.5,0.4105263157894737,,
South Africa,Cowpea,1965,19000.0,9500.0,500.0,0.5,,
South Africa,Cowpea,1966,13000.0,9600.0,738.5,0.7384615384615385,,
South Africa,Cowpea,1967,19000.0,15300.0,805.3,0.8052631578947368,,
South Africa,Cowpea,1968,16000.0,13600.0,850.0,0.85,,
South Africa,Cowpea,1969,18000.0,19100.0,1061.1,1.0611111111111111,,
South Africa,Cowpea,1970,13000.0,10300.0,792.3,0.7923076923076923,,
South Africa,Cowpea,1971,13000.0,14400.0,1107.7,1.1076923076923078,,
South Africa,Cowpea,1972,16000.0,18900.0,1181.3,1.18125,,
South Africa,Cowpea,1973,16000.0,9500.0,593.8,0.59375,,
South Africa,Cowpea,1974,16000.0,21000.0,1312.5,1.3125,,
South Africa,Cowpea,1975,11000.0,10200.0,927.3,0.9272727272727272,,
South Africa,Cowpea,1976,10000.0,8800.0,880.0,0.88,,
South Africa,Cowpea,1977,11000.0,10400.0,945.5,0.9454545454545454,,
South Africa,Cowpea,1978,12000.0,10800.0,900.0,0.9,,
South Africa,Cowpea,1979,10000.0,9400.0,940.0,0.94,,
South Africa,Cowpea,1980,11000.0,11600.0,1054.5,1.0545454545454545,,
South Africa,Cowpea,1981,16000.0,17800.0,1112.5,1.1125,,
South Africa,Cowpea,1982,14000.0,11100.0,792.9,0.7928571428571428,,
South Africa,Cowpea,1983,11000.0,6500.0,590.9,0.5909090909090909,,
South Africa,Cowpea,1984,13000.0,5500.0,423.1,0.4230769230769231,,
South Africa,Cowpea,1985,11000.0,6200.0,563.6,0.5636363636363636,,
South Africa,Cowpea,1986,12000.0,4100.0,341.7,0.3416666666666667,,
South Africa,Cowpea,1987,13000.0,4500.0,346.2,0.34615384615384615,,
South Africa,Cowpea,1988,13000.0,5200.0,400.0,0.4,,
South Africa,Cowpea,1989,13000.0,6500.0,500.0,0.5,,
South Africa,Cowpea,1990,14138.0,7353.0,520.1,0.5200877068892347,,
South Africa,Cowpea,1991,13331.0,6081.99,456.2,0.45622909009076584,325.9,1982120.5409999997
South Africa,Cowpea,1992,13155.0,6000.0,456.1,0.45610034207525657,413.0,2478000.0
South Africa,Cowpea,1993,13463.0,6200.0,460.5,0.46052142910198324,246.0,1525200.0
South Africa,Cowpea,1994,13656.0,6400.0,468.7,0.46865846514352666,314.9,2015359.9999999998
South Africa,Cowpea,1995,12000.0,5800.0,483.3,0.48333333333333334,414.9,2406420.0
South Africa,Cowpea,1996,13000.0,6000.0,461.5,0.46153846153846156,304.7,1828200.0
South Africa,Cowpea,1997,10894.0,5000.0,459.0,0.45896823939783365,231.1,1155500.0
South Africa,Cowpea,1998,13145.0,6000.0,456.4,0.4564473183720046,264.6,1587600.0000000002
South Africa,Cowpea,1999,15406.0,7000.0,454.4,0.4543684278852395,,
South Africa,Cowpea,2000,15463.0,7000.0,452.7,0.4526935264825713,,
South Africa,Cowpea,2001,13500.0,6093.43,451.4,0.4513651851851852,,
South Africa,Cowpea,2002,12637.0,5690.68,450.3,0.45031890480335524,,
South Africa,Cowpea,2003,12013.0,5400.28,449.5,0.4495363356363939,,
South Africa,Cowpea,2004,11471.0,5147.55,448.7,0.4487446604480865,,
South Africa,Cowpea,2005,10747.0,4813.68,447.9,0.447909183958314,,
South Africa,Cowpea,2006,11308.0,5056.54,447.2,0.4471648390519986,,
South Africa,Cowpea,2007,10552.0,4711.41,446.5,0.4464945034116755,,
South Africa,Cowpea,2008,10723.0,4780.4,445.8,0.44580807609810685,,
South Africa,Cowpea,2009,10793.0,4803.17,445.0,0.44502640600389143,,
South Africa,Cowpea,2010,10890.0,4836.89,444.2,0.44415886134067956,,
South Africa,Cowpea,2011,10381.0,4600.0,443.1,0.44311723340718623,,
South Africa,Cowpea,2012,11500.0,5000.0,434.8,0.43478260869565216,,
South Africa,Cowpea,2013,11500.0,5000.0,434.8,0.43478260869565216,,
South Africa,Cowpea,2014,11185.0,4895.3,437.7,0.43766651765757714,,
South Africa,Cowpea,2015,11011.0,4828.52,438.5,0.4385178457905731,,
South Africa,Cowpea,2016,10888.0,4765.62,437.7,0.4376947097722263,,
South Africa,Cowpea,2017,10754.0,4698.28,436.9,0.43688673981774223,,
South Africa,Cowpea,2018,10622.0,4635.51,436.4,0.43640651478064396,,
South Africa,Cowpea,2019,10515.0,4578.32,435.4,0.4354084640989063,,
South Africa,Cowpea,2020,10403.0,4529.0,435.3,0.4353551860040373,,
South Africa,Cowpea,2021,10453.0,4558.84,436.1,0.43612742753276573,,
South Africa,Cowpea,2022,10464.0,4569.74,436.7,0.43671062691131496,,
South Africa,Cowpea,2023,10427.0,4549.83,436.3,0.4363508199865733,,
South Africa,Cowpea,2024,10390.0,4529.93,436.0,0.43598941289701637,,
South Africa,Groundnut,1961,306000.0,268700.0,878.1,0.8781045751633987,,
South Africa,Groundnut,1962,251000.0,191000.0,761.0,0.7609561752988048,,
South Africa,Groundnut,1963,323000.0,274600.0,850.2,0.8501547987616099,,
South Africa,Groundnut,1964,345000.0,217900.0,631.6,0.6315942028985507,,
South Africa,Groundnut,1965,256000.0,206000.0,804.7,0.8046875,,
South Africa,Groundnut,1966,256000.0,213400.0,833.6,0.83359375,,
South Africa,Groundnut,1967,271000.0,443300.0,1635.8,1.6357933579335793,,
South Africa,Groundnut,1968,328000.0,241800.0,737.2,0.7371951219512195,,
South Africa,Groundnut,1969,341000.0,365700.0,1072.4,1.072434017595308,,
South Africa,Groundnut,1970,393000.0,325400.0,828.0,0.8279898218829517,,
South Africa,Groundnut,1971,373000.0,400000.0,1072.4,1.0723860589812333,,
South Africa,Groundnut,1972,345000.0,420900.0,1220.0,1.22,,
South Africa,Groundnut,1973,235000.0,201500.0,857.4,0.8574468085106383,,
South Africa,Groundnut,1974,364000.0,573100.0,1574.5,1.5744505494505494,,
South Africa,Groundnut,1975,244000.0,262700.0,1076.6,1.076639344262295,,
South Africa,Groundnut,1976,186000.0,150700.0,810.2,0.8102150537634408,,
South Africa,Groundnut,1977,185000.0,244800.0,1323.2,1.3232432432432433,,
South Africa,Groundnut,1978,226000.0,320900.0,1419.9,1.4199115044247788,,
South Africa,Groundnut,1979,294000.0,203000.0,690.5,0.6904761904761905,,
South Africa,Groundnut,1980,352000.0,377600.0,1072.7,1.0727272727272728,,
South Africa,Groundnut,1981,306000.0,332800.0,1087.6,1.0875816993464051,,
South Africa,Groundnut,1982,245000.0,125400.0,511.8,0.5118367346938776,,
South Africa,Groundnut,1983,235000.0,94000.0,400.0,0.4,,
South Africa,Groundnut,1984,246000.0,77600.0,315.4,0.3154471544715447,,
South Africa,Groundnut,1985,237000.0,207500.0,875.5,0.8755274261603375,,
South Africa,Groundnut,1986,236000.0,123900.0,525.0,0.525,,
South Africa,Groundnut,1987,193000.0,137300.0,711.4,0.71139896373057,,
South Africa,Groundnut,1988,231000.0,261200.0,1130.7,1.1307359307359308,,
South Africa,Groundnut,1989,178000.0,188100.0,1056.7,1.056741573033708,,
South Africa,Groundnut,1990,106000.0,129900.0,1225.5,1.2254716981132074,,
South Africa,Groundnut,1991,104000.0,131300.0,1262.5,1.2625,574.0,75366200.0
South Africa,Groundnut,1992,245000.0,132800.0,542.0,0.5420408163265306,502.1,66678880.0
South Africa,Groundnut,1993,198000.0,150700.0,761.1,0.7611111111111111,420.5,63369350.0
South Africa,Groundnut,1994,135000.0,174600.0,1293.3,1.2933333333333332,406.1,70905060.0
South Africa,Groundnut,1995,107000.0,117288.0,1096.1,1.0961495327102804,579.0,67909752.0
South Africa,Groundnut,1996,135000.0,215857.0,1598.9,1.5989407407407408,511.7,110454026.89999999
South Africa,Groundnut,1997,95000.0,157876.0,1661.9,1.6618526315789475,217.2,34290667.199999996
South Africa,Groundnut,1998,59000.0,108442.0,1838.0,1.838,357.4,38757170.8
South Africa,Groundnut,1999,94550.0,163260.0,1726.7,1.7267054468535166,251.7,41092542.0
South Africa,Groundnut,2000,82600.0,136128.0,1648.0,1.648038740920097,354.5,48257376.0
South Africa,Groundnut,2001,165000.0,222319.0,1347.4,1.3473878787878788,237.5,52800762.5
South Africa,Groundnut,2002,94160.0,133730.0,1420.2,1.4202421410365336,230.2,30784646.0
South Africa,Groundnut,2003,49850.0,66934.0,1342.7,1.3427081243731194,667.6,44685138.4
South Africa,Groundnut,2004,71500.0,115000.0,1608.4,1.6083916083916083,444.3,51094500.0
South Africa,Groundnut,2005,40000.0,64000.0,1600.0,1.6,387.5,24800000.0
South Africa,Groundnut,2006,48550.0,74000.0,1524.2,1.5242018537590114,420.7,31131800.0
South Africa,Groundnut,2007,40770.0,58000.0,1422.6,1.4226146676477802,782.6,45390800.0
South Africa,Groundnut,2008,54200.0,88800.0,1638.4,1.6383763837638377,741.1,65809680.0
South Africa,Groundnut,2009,54550.0,99500.0,1824.0,1.8240146654445464,750.7,74694650.0
South Africa,Groundnut,2010,57450.0,88000.0,1531.8,1.5317667536988686,636.5,56012000.0
South Africa,Groundnut,2011,55150.0,64250.0,1165.0,1.1650045330915684,716.1,46009425.0
South Africa,Groundnut,2012,45450.0,59000.0,1298.1,1.2981298129812981,1009.4,59554600.0
South Africa,Groundnut,2013,46900.0,41500.0,884.9,0.8848614072494669,906.9,37636350.0
South Africa,Groundnut,2014,52125.0,74500.0,1429.3,1.4292565947242206,758.7,56523150.0
South Africa,Groundnut,2015,58000.0,62300.0,1074.1,1.0741379310344827,594.3,37024890.0
South Africa,Groundnut,2016,22600.0,17680.0,782.3,0.7823008849557522,525.0,9282000.0
South Africa,Groundnut,2017,56000.0,92050.0,1643.8,1.64375,586.0,53941300.0
South Africa,Groundnut,2018,56300.0,57000.0,1012.4,1.0124333925399644,590.2,33641400.0
South Africa,Groundnut,2019,20050.0,19400.0,967.6,0.9675810473815462,,
South Africa,Groundnut,2020,37500.0,50080.0,1335.5,1.3354666666666666,482.0,24138560.0
South Africa,Groundnut,2021,38550.0,64300.0,1668.0,1.667963683527886,529.9,34072570.0
South Africa,Groundnut,2022,43400.0,48500.0,1117.5,1.1175115207373272,463.1,22460350.0
South Africa,Groundnut,2023,31300.0,53000.0,1693.3,1.6932907348242812,426.6,22609800.0
South Africa,Groundnut,2024,41200.0,52000.0,1262.1,1.2621359223300972,430.9,22406800.0
South Africa,Maize,1961,4118000.0,5293000.0,1285.3,1.285332685769791,,
South Africa,Maize,1962,4341000.0,6024000.0,1387.7,1.3876986869384935,,
South Africa,Maize,1963,4339000.0,6127000.0,1412.1,1.4120765153261121,,
South Africa,Maize,1964,4433000.0,4310000.0,972.3,0.9722535528987142,,
South Africa,Maize,1965,4290000.0,4608000.0,1074.1,1.0741258741258741,,
South Africa,Maize,1966,4241000.0,5161000.0,1216.9,1.216929969346852,,
South Africa,Maize,1967,4589000.0,9802000.0,2136.0,2.1359773371104818,,
South Africa,Maize,1968,4728000.0,5358000.0,1133.2,1.133248730964467,,
South Africa,Maize,1969,4387000.0,5378000.0,1225.9,1.2258946888534306,,
South Africa,Maize,1970,4418000.0,6179000.0,1398.6,1.3985966500679041,,
South Africa,Maize,1971,4796000.0,8644000.0,1802.3,1.8023352793994996,,
South Africa,Maize,1972,4968000.0,9525000.0,1917.3,1.9172705314009661,,
South Africa,Maize,1973,3975000.0,4202000.0,1057.1,1.0571069182389936,,
South Africa,Maize,1974,4820000.0,11083000.0,2299.4,2.2993775933609957,,
South Africa,Maize,1975,4792000.0,9139000.0,1907.1,1.9071368948247078,,
South Africa,Maize,1976,4989000.0,7518000.0,1506.9,1.506915213469633,,
South Africa,Maize,1977,4706000.0,9793000.0,2081.0,2.0809604759881,,
South Africa,Maize,1978,4412000.0,10205000.0,2313.0,2.3130099728014506,,
South Africa,Maize,1979,4566000.0,8475000.0,1856.1,1.8561103810775295,,
South Africa,Maize,1980,4563000.0,11040000.0,2419.5,2.4194608809993428,,
South Africa,Maize,1981,4488000.0,14872000.0,3313.7,3.3137254901960786,,
South Africa,Maize,1982,4664000.0,8781000.0,1882.7,1.8827186963979416,,
South Africa,Maize,1983,4680000.0,4399000.0,940.0,0.939957264957265,,
South Africa,Maize,1984,4839000.0,4797000.0,991.3,0.9913205207687539,,
South Africa,Maize,1985,4502000.0,8444000.0,1875.6,1.8756108396268325,,
South Africa,Maize,1986,4829000.0,8600000.0,1780.9,1.7809070200869745,,
South Africa,Maize,1987,5063000.0,7890000.0,1558.4,1.558364605964843,,
South Africa,Maize,1988,4736000.0,7670000.0,1619.5,1.619510135135135,,
South Africa,Maize,1989,4394000.0,12481000.0,2840.5,2.8404642694583524,,
South Africa,Maize,1990,4163000.0,9180000.0,2205.1,2.2051405236608215,,
South Africa,Maize,1991,3816000.0,8614000.0,2257.3,2.257337526205451,129.3,1113790200.0
South Africa,Maize,1992,4173000.0,3277000.0,785.3,0.7852863647256171,158.5,519404500.0
South Africa,Maize,1993,4377000.0,9997000.0,2284.0,2.2839844642449165,126.1,1260621700.0
South Africa,Maize,1994,4661000.0,13275000.0,2848.1,2.848101265822785,102.8,1364670000.0
South Africa,Maize,1995,3526000.0,4866000.0,1380.0,1.3800340328984686,159.1,774180600.0
South Africa,Maize,1996,3761000.0,10171000.0,2704.3,2.7043339537357087,137.7,1400546700.0
South Africa,Maize,1997,4023060.0,10136000.0,2519.5,2.5194752253259955,128.0,1297408000.0
South Africa,Maize,1998,3559750.0,7693000.0,2161.1,2.161106819299108,103.8,798533400.0
South Africa,Maize,1999,3567383.0,7946000.0,2227.4,2.2274031131504524,110.3,876443800.0
South Africa,Maize,2000,4012000.0,11431183.0,2849.2,2.8492480059820537,78.5,897347865.5
South Africa,Maize,2001,3189000.0,7772000.0,2437.1,2.4371276262151143,103.0,800516000.0
South Africa,Maize,2002,3533459.0,10076000.0,2851.6,2.851596693211949,129.5,1304842000.0
South Africa,Maize,2003,3650904.0,9705000.0,2658.2,2.658245738589675,123.5,1198567500.0
South Africa,Maize,2004,3204110.0,9710070.0,3030.5,3.0305045706920173,129.4,1256483058.0
South Africa,Maize,2005,3223000.0,11715948.0,3635.1,3.635106422587651,99.1,1161050446.8
South Africa,Maize,2006,2032446.0,6935056.0,3412.2,3.412172328317702,144.9,1004889614.4000001
South Africa,Maize,2007,2551800.0,7125000.0,2792.1,2.7921467199623793,205.8,1466325000.0
South Africa,Maize,2008,2799000.0,12700000.0,4537.3,4.537334762415148,201.7,2561590000.0
South Africa,Maize,2009,2427500.0,12050000.0,4964.0,4.963954685890834,154.0,1855700000.0
South Africa,Maize,2010,2742000.0,12815000.0,4673.6,4.6735959153902265,137.3,1759499500.0000002
South Africa,Maize,2011,2372300.0,10360000.0,4367.1,4.367069932133373,210.8,2183888000.0
South Africa,Maize,2012,2699200.0,12120656.0,4490.5,4.490462359217546,240.0,2908957440.0
South Africa,Maize,2013,2781200.0,11810600.0,4246.6,4.246584208255429,207.8,2454242680.0
South Africa,Maize,2014,2688200.0,14250000.0,5300.9,5.300944870173351,175.9,2506575000.0
South Africa,Maize,2015,3048050.0,10628800.0,3487.1,3.4870819048243957,183.3,1948259040.0000002
South Africa,Maize,2016,2212880.0,8214240.0,3712.0,3.7120133039297207,219.0,1798918560.0
South Africa,Maize,2017,2995250.0,17551000.0,5859.6,5.859611050830481,127.3,2234242300.0
South Africa,Maize,2018,2633685.0,13103975.0,4975.5,4.975528584473846,171.4,2246021315.0
South Africa,Maize,2019,2596500.0,11824180.0,4553.9,4.553891777392644,162.6,1922611668.0
South Africa,Maize,2020,2908260.0,15843545.0,5447.8,5.4477746143742305,146.6,2322663697.0
South Africa,Maize,2021,2755400.0,16315000.0,5921.1,5.921100384699137,189.2,3086798000.0
South Africa,Maize,2022,2623000.0,15470000.0,5897.8,5.89782691574533,246.8,3817996000.0
South Africa,Maize,2023,2586100.0,16430000.0,6353.2,6.353195932098527,180.2,2960686000.0
South Africa,Maize,2024,2636250.0,12850000.0,4874.3,4.874348032242769,223.0,2865550000.0
South Africa,Millet,1961,30000.0,18000.0,600.0,0.6,,
South Africa,Millet,1962,20000.0,14000.0,700.0,0.7,,
South Africa,Millet,1963,20000.0,11000.0,550.0,0.55,,
South Africa,Millet,1964,20000.0,10000.0,500.0,0.5,,
South Africa,Millet,1965,20000.0,12000.0,600.0,0.6,,
South Africa,Millet,1966,20000.0,12000.0,600.0,0.6,,
South Africa,Millet,1967,20000.0,12000.0,600.0,0.6,,
South Africa,Millet,1968,22000.0,15000.0,681.8,0.6818181818181818,,
South Africa,Millet,1969,22000.0,15000.0,681.8,0.6818181818181818,,
South Africa,Millet,1970,22000.0,15000.0,681.8,0.6818181818181818,,
South Africa,Millet,1971,22000.0,15000.0,681.8,0.6818181818181818,,
South Africa,Millet,1972,22000.0,15000.0,681.8,0.6818181818181818,,
South Africa,Millet,1973,22000.0,15000.0,681.8,0.6818181818181818,,
South Africa,Millet,1974,22000.0,15000.0,681.8,0.6818181818181818,,
South Africa,Millet,1975,22000.0,15000.0,681.8,0.6818181818181818,,
South Africa,Millet,1976,22000.0,15000.0,681.8,0.6818181818181818,,
South Africa,Millet,1977,22000.0,15000.0,681.8,0.6818181818181818,,
South Africa,Millet,1978,22000.0,15000.0,681.8,0.6818181818181818,,
South Africa,Millet,1979,22000.0,15000.0,681.8,0.6818181818181818,,
South Africa,Millet,1980,22000.0,15000.0,681.8,0.6818181818181818,,
South Africa,Millet,1981,22000.0,15000.0,681.8,0.6818181818181818,,
South Africa,Millet,1982,22000.0,15000.0,681.8,0.6818181818181818,,
South Africa,Millet,1983,22000.0,15000.0,681.8,0.6818181818181818,,
South Africa,Millet,1984,22000.0,15000.0,681.8,0.6818181818181818,,
South Africa,Millet,1985,22000.0,15000.0,681.8,0.6818181818181818,,
South Africa,Millet,1986,22000.0,15000.0,681.8,0.6818181818181818,,
South Africa,Millet,1987,22000.0,15000.0,681.8,0.6818181818181818,,
South Africa,Millet,1988,22000.0,15000.0,681.8,0.6818181818181818,,
South Africa,Millet,1989,22000.0,15000.0,681.8,0.6818181818181818,,
South Africa,Millet,1990,20148.0,11301.0,560.9,0.5608993448481239,,
South Africa,Millet,1991,22230.0,11667.66,524.9,0.5248609986504723,,
South Africa,Millet,1992,20000.0,10000.0,500.0,0.5,,
South Africa,Millet,1993,22000.0,13000.0,590.9,0.5909090909090909,,
South Africa,Millet,1994,21000.0,11783.52,561.1,0.5611200000000001,,
South Africa,Millet,1995,20719.0,11595.02,559.6,0.5596322216323182,,
South Africa,Millet,1996,20967.0,11652.45,555.7,0.5557518958363142,,
South Africa,Millet,1997,21259.0,11690.04,549.9,0.5498866362481772,,
South Africa,Millet,1998,22037.0,12000.0,544.5,0.5445387303171938,,
South Africa,Millet,1999,20000.0,11000.0,550.0,0.55,,
South Africa,Millet,2000,21000.0,12000.0,571.4,0.5714285714285714,,
South Africa,Millet,2001,19675.0,10783.31,548.1,0.5480716645489199,,
South Africa,Millet,2002,19046.0,10523.25,552.5,0.5525175889950645,,
South Africa,Millet,2003,18874.0,10268.9,544.1,0.5440765073646285,,
South Africa,Millet,2004,18736.0,10137.11,541.1,0.5410498505550811,,
South Africa,Millet,2005,17585.0,9451.93,537.5,0.5374995735001422,,
South Africa,Millet,2006,17075.0,9112.66,533.7,0.5336843338213763,,
South Africa,Millet,2007,16339.0,8706.43,532.9,0.5328618642511782,,
South Africa,Millet,2008,15815.0,8322.49,526.2,0.5262402782168827,,
South Africa,Millet,2009,15332.0,7980.75,520.5,0.5205289590399165,,
South Africa,Millet,2010,14851.0,7646.1,514.8,0.51485421857114,,
South Africa,Millet,2011,14000.0,7000.0,500.0,0.5,,
South Africa,Millet,2012,13500.0,6500.0,481.5,0.48148148148148145,,
South Africa,Millet,2013,14000.0,6700.0,478.6,0.4785714285714286,,
South Africa,Millet,2014,12869.0,6279.0,487.9,0.48791669904421475,,
South Africa,Millet,2015,12631.0,6243.24,494.3,0.49427915446124615,,
South Africa,Millet,2016,13167.0,6407.41,486.6,0.48662641452115135,,
South Africa,Millet,2017,12889.0,6309.88,489.6,0.4895554348669408,,
South Africa,Millet,2018,12895.0,6320.18,490.1,0.4901264055835595,,
South Africa,Millet,2019,12984.0,6345.82,488.8,0.488741528034504,,
South Africa,Millet,2020,12923.0,6325.29,489.5,0.4894598777373675,,
South Africa,Millet,2021,12934.0,6330.43,489.4,0.4894410081954539,,
South Africa,Millet,2022,12947.0,6333.85,489.2,0.48921371746350506,,
South Africa,Millet,2023,12934.0,6329.86,489.4,0.48939693830214936,,
South Africa,Millet,2024,12938.0,6331.38,489.4,0.4893631164012985,,
South Africa,Rice,1961,1600.0,2540.0,1587.5,1.5875,,
South Africa,Rice,1962,1500.0,2177.0,1451.3,1.4513333333333334,,
South Africa,Rice,1963,1300.0,1814.0,1395.4,1.3953846153846154,,
South Africa,Rice,1964,1300.0,1900.0,1461.5,1.4615384615384615,,
South Africa,Rice,1965,1300.0,2000.0,1538.5,1.5384615384615385,,
South Africa,Rice,1966,1300.0,2000.0,1538.5,1.5384615384615385,,
South Africa,Rice,1967,1300.0,2000.0,1538.5,1.5384615384615385,,
South Africa,Rice,1968,1300.0,2000.0,1538.5,1.5384615384615385,,
South Africa,Rice,1969,1300.0,2000.0,1538.5,1.5384615384615385,,
South Africa,Rice,1970,1300.0,2000.0,1538.5,1.5384615384615385,,
South Africa,Rice,1971,1300.0,2000.0,1538.5,1.5384615384615385,,
South Africa,Rice,1972,1300.0,3000.0,2307.7,2.3076923076923075,,
South Africa,Rice,1973,1300.0,3000.0,2307.7,2.3076923076923075,,
South Africa,Rice,1974,1300.0,3000.0,2307.7,2.3076923076923075,,
South Africa,Rice,1975,1300.0,3000.0,2307.7,2.3076923076923075,,
South Africa,Rice,1976,1300.0,3000.0,2307.7,2.3076923076923075,,
South Africa,Rice,1977,1300.0,3000.0,2307.7,2.3076923076923075,,
South Africa,Rice,1978,1300.0,3000.0,2307.7,2.3076923076923075,,
South Africa,Rice,1979,1300.0,3000.0,2307.7,2.3076923076923075,,
South Africa,Rice,1980,1300.0,3000.0,2307.7,2.3076923076923075,,
South Africa,Rice,1981,1300.0,3000.0,2307.7,2.3076923076923075,,
South Africa,Rice,1982,1300.0,3000.0,2307.7,2.3076923076923075,,
South Africa,Rice,1983,1300.0,3000.0,2307.7,2.3076923076923075,,
South Africa,Rice,1984,1300.0,3000.0,2307.7,2.3076923076923075,,
South Africa,Rice,1985,1300.0,3000.0,2307.7,2.3076923076923075,,
South Africa,Rice,1986,1300.0,3000.0,2307.7,2.3076923076923075,,
South Africa,Rice,1987,1300.0,3000.0,2307.7,2.3076923076923075,,
South Africa,Rice,1988,1300.0,3000.0,2307.7,2.3076923076923075,,
South Africa,Rice,1989,1300.0,3000.0,2307.7,2.3076923076923075,,
South Africa,Rice,1990,1191.0,2260.0,1897.6,1.8975650713685979,,
South Africa,Rice,1991,1442.0,3050.21,2115.4,2.115263522884882,,
South Africa,Rice,1992,1427.0,3051.35,2138.0,2.1382971268395234,,
South Africa,Rice,1993,1413.0,3052.49,2160.6,2.1602901627742392,,
South Africa,Rice,1994,1399.0,3053.64,2183.2,2.1827305218012865,,
South Africa,Rice,1995,1385.0,3054.78,2205.8,2.205617328519856,,
South Africa,Rice,1996,1371.0,3055.92,2228.4,2.2289715536105033,,
South Africa,Rice,1997,1359.0,3057.97,2251.0,2.2501618837380426,,
South Africa,Rice,1998,1332.0,3029.15,2273.6,2.2741366366366367,,
South Africa,Rice,1999,1263.0,2900.0,2296.0,2.2961203483768804,,
South Africa,Rice,2000,1305.0,3000.0,2298.8,2.2988505747126435,,
South Africa,Rice,2001,1400.0,3200.0,2285.7,2.2857142857142856,,
South Africa,Rice,2002,1273.0,3000.0,2356.3,2.356637863315004,,
South Africa,Rice,2003,1340.0,3200.0,2387.3,2.388059701492537,,
South Africa,Rice,2004,1292.0,3123.05,2418.0,2.4172213622291023,,
South Africa,Rice,2005,1274.0,3118.9,2448.6,2.448116169544741,,
South Africa,Rice,2006,1258.0,3117.62,2478.1,2.478235294117647,,
South Africa,Rice,2007,1316.0,3300.0,2506.7,2.507598784194529,,
South Africa,Rice,2008,1184.0,3000.0,2534.6,2.5337837837837838,,
South Africa,Rice,2009,1197.0,3066.77,2561.7,2.562046783625731,,
South Africa,Rice,2010,1184.0,3063.63,2588.2,2.587525337837838,,
South Africa,Rice,2011,1173.0,3066.99,2614.1,2.6146547314578004,,
South Africa,Rice,2012,1100.0,3000.0,2727.3,2.727272727272727,,
South Africa,Rice,2013,1150.0,3000.0,2608.7,2.608695652173913,,
South Africa,Rice,2014,1146.0,3056.61,2666.4,2.6671989528795814,,
South Africa,Rice,2015,1130.0,3074.24,2721.0,2.7205663716814157,,
South Africa,Rice,2016,1123.0,3077.21,2741.4,2.7401691896705254,,
South Africa,Rice,2017,1113.0,3079.22,2765.7,2.7665947888589395,,
South Africa,Rice,2018,1103.0,3079.93,2791.4,2.792320942883046,,
South Africa,Rice,2019,1094.0,3079.96,2816.3,2.8153199268738573,,
South Africa,Rice,2020,1084.0,3080.21,2840.8,2.8415221402214024,,
South Africa,Rice,2021,1079.0,3081.04,2856.1,2.8554587581093607,,
South Africa,Rice,2022,1074.0,3081.13,2868.2,2.868836126629423,,
South Africa,Rice,2023,1066.0,3081.75,2890.2,2.8909474671669795,,
South Africa,Rice,2024,1058.0,3082.36,2912.3,2.913383742911153,,
South Africa,Sorghum,1961,328000.0,335022.0,1021.4,1.0214085365853658,,
South Africa,Sorghum,1962,264000.0,181164.0,686.2,0.6862272727272727,,
South Africa,Sorghum,1963,501000.0,272000.0,542.9,0.5429141716566867,,
South Africa,Sorghum,1964,366000.0,257000.0,702.2,0.7021857923497268,,
South Africa,Sorghum,1965,483000.0,414000.0,857.1,0.8571428571428571,,
South Africa,Sorghum,1966,456000.0,314000.0,688.6,0.6885964912280702,,
South Africa,Sorghum,1967,640000.0,728000.0,1137.5,1.1375,,
South Africa,Sorghum,1968,266000.0,199000.0,748.1,0.7481203007518797,,
South Africa,Sorghum,1969,255000.0,199000.0,780.4,0.7803921568627451,,
South Africa,Sorghum,1970,328000.0,379000.0,1155.5,1.1554878048780488,,
South Africa,Sorghum,1971,380000.0,551000.0,1450.0,1.45,,
South Africa,Sorghum,1972,322000.0,510000.0,1583.9,1.5838509316770186,,
South Africa,Sorghum,1973,214000.0,222000.0,1037.4,1.0373831775700935,,
South Africa,Sorghum,1974,336000.0,685000.0,2038.7,2.0386904761904763,,
South Africa,Sorghum,1975,254000.0,405000.0,1594.5,1.594488188976378,,
South Africa,Sorghum,1976,213000.0,310000.0,1455.4,1.4553990610328638,,
South Africa,Sorghum,1977,283000.0,419000.0,1480.6,1.480565371024735,,
South Africa,Sorghum,1978,284000.0,620000.0,2183.1,2.183098591549296,,
South Africa,Sorghum,1979,250000.0,377000.0,1508.0,1.508,,
South Africa,Sorghum,1980,264000.0,711000.0,2693.2,2.6931818181818183,,
South Africa,Sorghum,1981,219000.0,553000.0,2525.1,2.5251141552511416,,
South Africa,Sorghum,1982,215000.0,302000.0,1404.7,1.4046511627906977,,
South Africa,Sorghum,1983,247000.0,221000.0,894.7,0.8947368421052632,,
South Africa,Sorghum,1984,323000.0,498000.0,1541.8,1.541795665634675,,
South Africa,Sorghum,1985,354000.0,628000.0,1774.0,1.7740112994350283,,
South Africa,Sorghum,1986,388000.0,487000.0,1255.2,1.2551546391752577,,
South Africa,Sorghum,1987,401000.0,677000.0,1688.3,1.688279301745636,,
South Africa,Sorghum,1988,326000.0,651000.0,1996.9,1.9969325153374233,,
South Africa,Sorghum,1989,228000.0,511000.0,2241.2,2.241228070175439,,
South Africa,Sorghum,1990,196000.0,341000.0,1739.8,1.739795918367347,,
South Africa,Sorghum,1991,166000.0,302000.0,1819.3,1.819277108433735,106.8,32253600.0
South Africa,Sorghum,1992,191000.0,118000.0,617.8,0.6178010471204188,166.5,19647000.0
South Africa,Sorghum,1993,239000.0,515368.0,2156.4,2.1563514644351462,142.6,73491476.8
South Africa,Sorghum,1994,227000.0,520185.0,2291.6,2.2915638766519826,100.5,52278592.5
South Africa,Sorghum,1995,143000.0,290557.0,2031.9,2.031867132867133,132.9,38615025.300000004
South Africa,Sorghum,1996,174120.0,535839.0,3077.4,3.0774121295658166,110.5,59210209.5
South Africa,Sorghum,1997,161000.0,433371.0,2691.7,2.6917453416149066,112.8,48884248.8
South Africa,Sorghum,1998,131277.0,358469.0,2730.6,2.730630651218416,99.5,35667665.5
South Africa,Sorghum,1999,98900.0,223530.0,2260.2,2.260161779575329,119.5,26711835.0
South Africa,Sorghum,2000,142200.0,472763.0,3324.6,3.324634317862166,74.9,35409948.7
South Africa,Sorghum,2001,88000.0,206173.0,2342.9,2.342875,88.3,18205075.9
South Africa,Sorghum,2002,75250.0,258000.0,3428.6,3.4285714285714284,142.3,36713400.0
South Africa,Sorghum,2003,95497.0,260000.0,2722.6,2.722598615663319,191.7,49842000.0
South Africa,Sorghum,2004,130000.0,373000.0,2869.2,2.8692307692307693,139.3,51958900.00000001
South Africa,Sorghum,2005,86500.0,260000.0,3005.8,3.005780346820809,70.8,18408000.0
South Africa,Sorghum,2006,37150.0,96000.0,2584.1,2.5841184387617764,175.9,16886400.0
South Africa,Sorghum,2007,69000.0,176000.0,2550.7,2.550724637681159,210.5,37048000.0
South Africa,Sorghum,2008,86800.0,255000.0,2937.8,2.9377880184331797,214.7,54748500.0
South Africa,Sorghum,2009,85500.0,276500.0,3233.9,3.2339181286549707,176.4,48774600.0
South Africa,Sorghum,2010,86675.0,196500.0,2267.1,2.2670897029131813,189.0,37138500.0
South Africa,Sorghum,2011,69200.0,155000.0,2239.9,2.239884393063584,230.3,35696500.0
South Africa,Sorghum,2012,48550.0,135000.0,2780.6,2.780638516992791,325.8,43983000.0
South Africa,Sorghum,2013,62620.0,147200.0,2350.7,2.350686681571383,278.8,41039360.0
South Africa,Sorghum,2014,78750.0,265000.0,3365.1,3.365079365079365,242.1,64156500.0
South Africa,Sorghum,2015,70500.0,120500.0,1709.2,1.7092198581560283,186.6,22485300.0
South Africa,Sorghum,2016,48500.0,70500.0,1453.6,1.4536082474226804,233.5,16461750.0
South Africa,Sorghum,2017,42350.0,152000.0,3589.1,3.58913813459268,197.8,30065600.0
South Africa,Sorghum,2018,28800.0,115000.0,3993.1,3.9930555555555554,220.4,25346000.0
South Africa,Sorghum,2019,50500.0,127000.0,2514.9,2.514851485148515,199.8,25374600.0
South Africa,Sorghum,2020,42500.0,158000.0,3717.6,3.7176470588235295,160.4,25343200.0
South Africa,Sorghum,2021,49200.0,215000.0,4369.9,4.369918699186992,228.9,49213500.0
South Africa,Sorghum,2022,37200.0,103140.0,2772.6,2.77258064516129,237.8,24526692.0
South Africa,Sorghum,2023,34000.0,94360.0,2775.3,2.775294117647059,177.6,16758336.0
South Africa,Sorghum,2024,42100.0,98000.0,2327.8,2.327790973871734,212.2,20795600.0
Uganda,Cassava,1961,317000.0,1120000.0,3533.1,3.533123028391167,,
Uganda,Cassava,1962,264000.0,1055000.0,3996.2,3.996212121212121,,
Uganda,Cassava,1963,286000.0,1140000.0,3986.0,3.986013986013986,,
Uganda,Cassava,1964,240000.0,985000.0,4104.2,4.104166666666667,,
Uganda,Cassava,1965,359000.0,1300000.0,3621.2,3.6211699164345403,,
Uganda,Cassava,1966,217000.0,900000.0,4147.5,4.147465437788019,,
Uganda,Cassava,1967,253000.0,1063000.0,4201.6,4.201581027667984,,
Uganda,Cassava,1968,227000.0,930000.0,4096.9,4.096916299559472,,
Uganda,Cassava,1969,300000.0,1400000.0,4666.7,4.666666666666667,,
Uganda,Cassava,1970,539000.0,2578000.0,4782.9,4.782931354359926,,
Uganda,Cassava,1971,508000.0,2417000.0,4757.9,4.7578740157480315,,
Uganda,Cassava,1972,375000.0,2650400.0,7067.7,7.067733333333333,,
Uganda,Cassava,1973,483000.0,2131900.0,4413.9,4.413871635610766,,
Uganda,Cassava,1974,485000.0,2349900.0,4845.2,4.845154639175258,,
Uganda,Cassava,1975,618200.0,2992100.0,4840.0,4.840019411193788,,
Uganda,Cassava,1976,512200.0,2837800.0,5540.4,5.540413900819992,,
Uganda,Cassava,1977,540300.0,2993400.0,5540.3,5.540255413659079,,
Uganda,Cassava,1978,528600.0,2028400.0,3837.3,3.8373060915626183,,
Uganda,Cassava,1979,303000.0,1294000.0,4270.6,4.270627062706271,,
Uganda,Cassava,1980,302000.0,2072000.0,6860.9,6.860927152317881,,
Uganda,Cassava,1981,310000.0,3034000.0,9787.1,9.787096774193548,,
Uganda,Cassava,1982,331000.0,3127000.0,9447.1,9.44712990936556,,
Uganda,Cassava,1983,372000.0,3239000.0,8707.0,8.706989247311828,,
Uganda,Cassava,1984,401000.0,2969000.0,7404.0,7.403990024937656,,
Uganda,Cassava,1985,299769.0,2699565.0,9005.5,9.005484222851596,,
Uganda,Cassava,1986,361724.0,2900000.0,8017.2,8.017162256305912,,
Uganda,Cassava,1987,345000.0,3101000.0,8988.4,8.98840579710145,,
Uganda,Cassava,1988,361000.0,3271000.0,9060.9,9.060941828254848,,
Uganda,Cassava,1989,392096.0,3568376.0,9100.8,9.100771239696401,,
Uganda,Cassava,1990,412000.0,3420000.0,8301.0,8.300970873786408,,
Uganda,Cassava,1991,389000.0,3229000.0,8300.8,8.300771208226221,,
Uganda,Cassava,1992,362000.0,2896000.0,8000.0,8.0,,
Uganda,Cassava,1993,369000.0,3139000.0,8506.8,8.506775067750677,,
Uganda,Cassava,1994,320000.0,2080000.0,6500.0,6.5,,
Uganda,Cassava,1995,332000.0,2224000.0,6698.8,6.698795180722891,,
Uganda,Cassava,1996,335000.0,2245000.0,6701.5,6.701492537313433,,
Uganda,Cassava,1997,342000.0,2291000.0,6698.8,6.6988304093567255,,
Uganda,Cassava,1998,356000.0,3204000.0,9000.0,9.0,,
Uganda,Cassava,1999,375000.0,4875000.0,13000.0,13.0,,
Uganda,Cassava,2000,401000.0,4966000.0,12384.0,12.384039900249377,,
Uganda,Cassava,2001,390000.0,5265000.0,13500.0,13.5,,
Uganda,Cassava,2002,398000.0,5373000.0,13500.0,13.5,,
Uganda,Cassava,2003,405000.0,5450000.0,13456.8,13.45679012345679,,
Uganda,Cassava,2004,407000.0,5500000.0,13513.5,13.513513513513514,,
Uganda,Cassava,2005,387000.0,5576000.0,14408.3,14.408268733850129,,
Uganda,Cassava,2006,379000.0,4926000.0,12997.4,12.997361477572559,,
Uganda,Cassava,2007,386000.0,4973000.0,12883.4,12.88341968911917,,
Uganda,Cassava,2008,398000.0,2875619.0,7225.2,7.225173366834171,,
Uganda,Cassava,2009,411000.0,2952171.0,7182.9,7.182897810218978,,
Uganda,Cassava,2010,490819.0,3017118.0,6147.1,6.147109219488243,,
Uganda,Cassava,2011,552214.0,2712000.0,4911.1,4.911139521996907,,
Uganda,Cassava,2012,851000.0,2806000.0,3297.3,3.2972972972972974,,
Uganda,Cassava,2013,851000.0,2979000.0,3500.6,3.5005875440658047,,
Uganda,Cassava,2014,852000.0,2812721.0,3301.3,3.3013157276995306,,
Uganda,Cassava,2015,852340.0,2727487.0,3200.0,3.1999988267592743,,
Uganda,Cassava,2016,1029409.0,2728988.0,2651.0,2.6510240341788345,,
Uganda,Cassava,2017,1218614.0,2729260.0,2239.6,2.2396427416720965,,
Uganda,Cassava,2018,1627887.0,4390231.0,2696.9,2.696889280398455,,
Uganda,Cassava,2019,965976.0,2660000.0,2753.7,2.753691603104011,,
Uganda,Cassava,2020,758218.0,2084000.0,2748.5,2.7485498893458082,,
Uganda,Cassava,2021,992665.0,2257790.0,2274.5,2.2744732613721648,,
Uganda,Cassava,2022,1006129.0,2181261.0,2168.0,2.1679734904768675,,
Uganda,Cassava,2023,901376.0,1865320.17,2069.4,2.0694140625,,
Uganda,Cassava,2024,826544.0,1628999.06,1970.9,1.9708558286068256,,
Uganda,Cowpea,1961,50000.0,45000.0,900.0,0.9,,
Uganda,Cowpea,1962,50000.0,50000.0,1000.0,1.0,,
Uganda,Cowpea,1963,50000.0,45000.0,900.0,0.9,,
Uganda,Cowpea,1964,65000.0,50000.0,769.2,0.7692307692307693,,
Uganda,Cowpea,1965,65000.0,40000.0,615.4,0.6153846153846154,,
Uganda,Cowpea,1966,50000.0,23369.0,467.4,0.46738,,
Uganda,Cowpea,1967,65000.0,61000.0,938.5,0.9384615384615385,,
Uganda,Cowpea,1968,65000.0,64000.0,984.6,0.9846153846153847,,
Uganda,Cowpea,1969,65000.0,55640.0,856.0,0.856,,
Uganda,Cowpea,1970,48000.0,50000.0,1041.7,1.0416666666666667,,
Uganda,Cowpea,1971,40000.0,45000.0,1125.0,1.125,,
Uganda,Cowpea,1972,63300.0,61900.0,977.9,0.9778830963665087,,
Uganda,Cowpea,1973,49000.0,50300.0,1026.5,1.026530612244898,,
Uganda,Cowpea,1974,68000.0,63900.0,939.7,0.9397058823529412,,
Uganda,Cowpea,1975,78000.0,56900.0,729.5,0.7294871794871794,,
Uganda,Cowpea,1976,86675.0,31000.0,357.7,0.3576579175079319,,
Uganda,Cowpea,1977,80700.0,31500.0,390.3,0.3903345724907063,,
Uganda,Cowpea,1978,80200.0,31300.0,390.3,0.39027431421446385,,
Uganda,Cowpea,1979,43000.0,22000.0,511.6,0.5116279069767442,,
Uganda,Cowpea,1980,38000.0,16000.0,421.1,0.42105263157894735,,
Uganda,Cowpea,1981,41000.0,18000.0,439.0,0.43902439024390244,,
Uganda,Cowpea,1982,45000.0,20000.0,444.4,0.4444444444444444,,
Uganda,Cowpea,1983,46500.0,37200.0,800.0,0.8,,
Uganda,Cowpea,1984,49000.0,39000.0,795.9,0.7959183673469388,,
Uganda,Cowpea,1985,44000.0,35000.0,795.5,0.7954545454545454,,
Uganda,Cowpea,1986,50000.0,39000.0,780.0,0.78,,
Uganda,Cowpea,1987,42000.0,37000.0,881.0,0.8809523809523809,,
Uganda,Cowpea,1988,46000.0,38000.0,826.1,0.8260869565217391,,
Uganda,Cowpea,1989,47000.0,37557.0,799.1,0.7990851063829787,,
Uganda,Cowpea,1990,49000.0,39000.0,795.9,0.7959183673469388,,
Uganda,Cowpea,1991,48000.0,40000.0,833.3,0.8333333333333334,,
Uganda,Cowpea,1992,49000.0,41000.0,836.7,0.8367346938775511,,
Uganda,Cowpea,1993,51000.0,43000.0,843.1,0.8431372549019608,,
Uganda,Cowpea,1994,53000.0,45000.0,849.1,0.8490566037735849,,
Uganda,Cowpea,1995,54000.0,45000.0,833.3,0.8333333333333334,,
Uganda,Cowpea,1996,56000.0,47000.0,839.3,0.8392857142857143,,
Uganda,Cowpea,1997,58000.0,46000.0,793.1,0.7931034482758621,,
Uganda,Cowpea,1998,60000.0,50000.0,833.3,0.8333333333333334,,
Uganda,Cowpea,1999,62000.0,62000.0,1000.0,1.0,,
Uganda,Cowpea,2000,64000.0,60000.0,937.5,0.9375,,
Uganda,Cowpea,2001,65000.0,59000.0,907.7,0.9076923076923077,,
Uganda,Cowpea,2002,66000.0,59400.0,900.0,0.9,,
Uganda,Cowpea,2003,67000.0,67000.0,1000.0,1.0,,
Uganda,Cowpea,2004,70000.0,69000.0,985.7,0.9857142857142858,,
Uganda,Cowpea,2005,71000.0,70000.0,985.9,0.9859154929577465,,
Uganda,Cowpea,2006,71000.0,71000.0,1000.0,1.0,,
Uganda,Cowpea,2007,72000.0,71000.0,986.1,0.9861111111111112,,
Uganda,Cowpea,2008,17000.0,9000.0,529.4,0.5294117647058824,,
Uganda,Cowpea,2009,28000.0,11000.0,392.9,0.39285714285714285,,
Uganda,Cowpea,2010,24000.0,12000.0,500.0,0.5,,
Uganda,Cowpea,2011,24720.0,12360.0,500.0,0.5,,
Uganda,Cowpea,2012,25462.0,10135.0,398.0,0.39804414421490847,,
Uganda,Cowpea,2013,25341.0,12670.0,500.0,0.49998026912907934,,
Uganda,Cowpea,2014,25366.0,12683.0,500.0,0.5,,
Uganda,Cowpea,2015,25414.0,12696.0,499.6,0.49956716770284093,,
Uganda,Cowpea,2016,23275.0,11433.0,491.2,0.4912137486573577,,
Uganda,Cowpea,2017,26707.0,12714.0,476.1,0.4760549668626203,,
Uganda,Cowpea,2018,26775.0,12441.0,464.6,0.4646498599439776,,
Uganda,Cowpea,2019,25586.0,12366.88,483.3,0.4833455796138513,,
Uganda,Cowpea,2020,25824.0,12760.16,494.1,0.49412019826517967,,
Uganda,Cowpea,2021,26061.0,12522.68,480.5,0.48051417827404935,,
Uganda,Cowpea,2022,25824.0,12549.91,486.0,0.48597854708798016,,
Uganda,Cowpea,2023,25903.0,12610.92,486.9,0.4868517160174497,,
Uganda,Cowpea,2024,25929.0,12561.17,484.4,0.4844448301130009,,
Uganda,Groundnut,1961,240000.0,120000.0,500.0,0.5,,
Uganda,Groundnut,1962,240000.0,128000.0,533.3,0.5333333333333333,,
Uganda,Groundnut,1963,250000.0,131000.0,524.0,0.524,,
Uganda,Groundnut,1964,250000.0,128000.0,512.0,0.512,,
Uganda,Groundnut,1965,260000.0,130000.0,500.0,0.5,,
Uganda,Groundnut,1966,280000.0,150000.0,535.7,0.5357142857142857,,
Uganda,Groundnut,1967,277000.0,163000.0,588.4,0.5884476534296029,,
Uganda,Groundnut,1968,251000.0,176000.0,701.2,0.701195219123506,,
Uganda,Groundnut,1969,245000.0,210000.0,857.1,0.8571428571428571,,
Uganda,Groundnut,1970,250000.0,244000.0,976.0,0.976,,
Uganda,Groundnut,1971,291800.0,251000.0,860.2,0.860178204249486,,
Uganda,Groundnut,1972,291000.0,233900.0,803.8,0.8037800687285224,,
Uganda,Groundnut,1973,222000.0,212200.0,955.9,0.9558558558558559,,
Uganda,Groundnut,1974,267500.0,199700.0,746.5,0.7465420560747663,,
Uganda,Groundnut,1975,243000.0,194400.0,800.0,0.8,,
Uganda,Groundnut,1976,213331.0,176900.0,829.2,0.8292278196792777,,
Uganda,Groundnut,1977,233604.0,192600.0,824.5,0.8244721836954847,,
Uganda,Groundnut,1978,234000.0,187200.0,800.0,0.8,,
Uganda,Groundnut,1979,122000.0,80000.0,655.7,0.6557377049180327,,
Uganda,Groundnut,1980,95000.0,70000.0,736.8,0.7368421052631579,,
Uganda,Groundnut,1981,110000.0,90000.0,818.2,0.8181818181818182,,
Uganda,Groundnut,1982,120000.0,90000.0,750.0,0.75,,
Uganda,Groundnut,1983,124000.0,99000.0,798.4,0.7983870967741935,,
Uganda,Groundnut,1984,148000.0,102000.0,689.2,0.6891891891891891,,
Uganda,Groundnut,1985,137000.0,93000.0,678.8,0.6788321167883211,,
Uganda,Groundnut,1986,177000.0,118000.0,666.7,0.6666666666666666,,
Uganda,Groundnut,1987,148000.0,122000.0,824.3,0.8243243243243243,,
Uganda,Groundnut,1988,179000.0,134000.0,748.6,0.7486033519553073,,
Uganda,Groundnut,1989,189377.0,145823.0,770.0,0.7700143100798935,,
Uganda,Groundnut,1990,186000.0,158000.0,849.5,0.8494623655913979,,
Uganda,Groundnut,1991,180000.0,144000.0,800.0,0.8,,
Uganda,Groundnut,1992,184000.0,147000.0,798.9,0.7989130434782609,,
Uganda,Groundnut,1993,187000.0,153000.0,818.2,0.8181818181818182,,
Uganda,Groundnut,1994,189000.0,142000.0,751.3,0.7513227513227513,,
Uganda,Groundnut,1995,192000.0,144000.0,750.0,0.75,,
Uganda,Groundnut,1996,195000.0,125000.0,641.0,0.6410256410256411,,
Uganda,Groundnut,1997,197000.0,134000.0,680.2,0.6802030456852792,,
Uganda,Groundnut,1998,200000.0,140000.0,700.0,0.7,,
Uganda,Groundnut,1999,196000.0,137000.0,699.0,0.6989795918367347,,
Uganda,Groundnut,2000,199000.0,139000.0,698.5,0.6984924623115578,,
Uganda,Groundnut,2001,208000.0,146000.0,701.9,0.7019230769230769,,
Uganda,Groundnut,2002,211000.0,148000.0,701.4,0.7014218009478673,,
Uganda,Groundnut,2003,216000.0,220000.0,1018.5,1.0185185185185186,,
Uganda,Groundnut,2004,221000.0,221000.0,1000.0,1.0,,
Uganda,Groundnut,2005,225000.0,225000.0,1000.0,1.0,,
Uganda,Groundnut,2006,230000.0,230000.0,1000.0,1.0,,
Uganda,Groundnut,2007,235000.0,235000.0,1000.0,1.0,,
Uganda,Groundnut,2008,280000.0,229636.0,820.1,0.8201285714285714,,
Uganda,Groundnut,2009,369000.0,257967.0,699.1,0.6990975609756097,,
Uganda,Groundnut,2010,394000.0,275767.0,699.9,0.6999162436548223,,
Uganda,Groundnut,2011,409000.0,327000.0,799.5,0.7995110024449877,,
Uganda,Groundnut,2012,421000.0,295000.0,700.7,0.7007125890736342,,
Uganda,Groundnut,2013,422000.0,295305.86,699.8,0.6997769194312796,,
Uganda,Groundnut,2014,422300.0,295601.17,700.0,0.6999790906938195,,
Uganda,Groundnut,2015,428000.0,295897.0,691.3,0.6913481308411215,,
Uganda,Groundnut,2016,423000.0,274844.0,649.7,0.6497494089834516,,
Uganda,Groundnut,2017,424000.0,296578.0,699.5,0.6994764150943397,,
Uganda,Groundnut,2018,286000.0,193236.0,675.7,0.6756503496503496,,
Uganda,Groundnut,2019,320000.0,133000.0,415.6,0.415625,,
Uganda,Groundnut,2020,330000.0,183000.0,554.5,0.5545454545454546,,
Uganda,Groundnut,2021,352000.0,136000.0,386.4,0.38636363636363635,,
Uganda,Groundnut,2022,464000.0,232200.0,500.4,0.5004310344827586,,
Uganda,Groundnut,2023,330000.0,221000.0,669.7,0.6696969696969697,,
Uganda,Groundnut,2024,330000.0,150000.0,454.5,0.45454545454545453,,
Uganda,Maize,1961,178464.0,196000.0,1098.3,1.098260713645329,,
Uganda,Maize,1962,170896.0,190000.0,1111.8,1.1117872858346596,,
Uganda,Maize,1963,159606.0,200000.0,1253.1,1.253085723594351,,
Uganda,Maize,1964,193000.0,220000.0,1139.9,1.1398963730569949,,
Uganda,Maize,1965,284000.0,270000.0,950.7,0.9507042253521126,,
Uganda,Maize,1966,306000.0,273000.0,892.2,0.8921568627450981,,
Uganda,Maize,1967,275000.0,230000.0,836.4,0.8363636363636363,,
Uganda,Maize,1968,275000.0,341884.0,1243.2,1.2432145454545454,,
Uganda,Maize,1969,350000.0,446011.0,1274.3,1.274317142857143,,
Uganda,Maize,1970,300000.0,388000.0,1293.3,1.2933333333333332,,
Uganda,Maize,1971,280000.0,421000.0,1503.6,1.5035714285714286,,
Uganda,Maize,1972,415000.0,500000.0,1204.8,1.2048192771084338,,
Uganda,Maize,1973,314000.0,419000.0,1334.4,1.3343949044585988,,
Uganda,Maize,1974,388000.0,430000.0,1108.2,1.1082474226804124,,
Uganda,Maize,1975,475400.0,570000.0,1199.0,1.1989903239377366,,
Uganda,Maize,1976,526470.0,674000.0,1280.2,1.280224894106027,,
Uganda,Maize,1977,429298.0,566000.0,1318.4,1.318431485821038,,
Uganda,Maize,1978,450000.0,594000.0,1320.0,1.32,,
Uganda,Maize,1979,272000.0,453000.0,1665.4,1.6654411764705883,,
Uganda,Maize,1980,258000.0,286000.0,1108.5,1.1085271317829457,,
Uganda,Maize,1981,260000.0,342000.0,1315.4,1.3153846153846154,,
Uganda,Maize,1982,285000.0,393000.0,1378.9,1.3789473684210527,,
Uganda,Maize,1983,295000.0,413000.0,1400.0,1.4,,
Uganda,Maize,1984,347000.0,338000.0,974.1,0.9740634005763689,,
Uganda,Maize,1985,288614.0,354000.0,1226.6,1.2265517265274726,,
Uganda,Maize,1986,321953.0,322000.0,1000.1,1.0001459840411488,,
Uganda,Maize,1987,307000.0,357000.0,1162.9,1.1628664495114007,,
Uganda,Maize,1988,345000.0,440000.0,1275.4,1.2753623188405796,,
Uganda,Maize,1989,430064.0,623585.0,1450.0,1.4499818631645522,,
Uganda,Maize,1990,401000.0,602000.0,1501.2,1.5012468827930174,,
Uganda,Maize,1991,420000.0,567000.0,1350.0,1.35,,
Uganda,Maize,1992,438000.0,657000.0,1500.0,1.5,,
Uganda,Maize,1993,503000.0,804000.0,1598.4,1.5984095427435387,,
Uganda,Maize,1994,563000.0,850000.0,1509.8,1.5097690941385435,,
Uganda,Maize,1995,571000.0,913000.0,1598.9,1.5989492119089317,,
Uganda,Maize,1996,584000.0,759000.0,1299.7,1.2996575342465753,,
Uganda,Maize,1997,598000.0,740000.0,1237.5,1.2374581939799332,,
Uganda,Maize,1998,616000.0,924000.0,1500.0,1.5,,
Uganda,Maize,1999,608000.0,1053000.0,1731.9,1.731907894736842,,
Uganda,Maize,2000,629000.0,1096000.0,1742.4,1.7424483306836247,,
Uganda,Maize,2001,652000.0,1174000.0,1800.6,1.8006134969325154,,
Uganda,Maize,2002,676000.0,1217000.0,1800.3,1.8002958579881656,,
Uganda,Maize,2003,710000.0,1300000.0,1831.0,1.8309859154929577,,
Uganda,Maize,2004,750000.0,1080000.0,1440.0,1.44,,
Uganda,Maize,2005,780000.0,1237000.0,1585.9,1.5858974358974358,,
Uganda,Maize,2006,819000.0,1258029.0,1536.1,1.536054945054945,,
Uganda,Maize,2007,844000.0,1261803.0,1495.0,1.4950272511848341,,
Uganda,Maize,2008,1052000.0,2314909.0,2200.5,2.2004838403041824,,
Uganda,Maize,2009,942000.0,2354664.0,2499.6,2.499643312101911,,
Uganda,Maize,2010,1032000.0,2373501.0,2299.9,2.2999040697674418,,
Uganda,Maize,2011,1062960.0,2551000.0,2399.9,2.399902160006021,,
Uganda,Maize,2012,1093786.0,2734000.0,2499.6,2.4995748711356702,,
Uganda,Maize,2013,1101453.0,2748000.0,2494.9,2.4948863001871167,,
Uganda,Maize,2014,1103185.0,2868000.0,2599.7,2.59974528297611,,
Uganda,Maize,2015,1125168.0,2812919.0,2500.0,2.4999991112438322,,
Uganda,Maize,2016,1156035.0,2482795.0,2147.7,2.1476815148330286,,
Uganda,Maize,2017,1545635.0,2814490.0,1820.9,1.8209279681166641,,
Uganda,Maize,2018,2480000.0,3442430.0,1388.1,1.3880766129032258,,
Uganda,Maize,2019,1887000.0,2760000.0,1462.6,1.4626391096979332,,
Uganda,Maize,2020,2036000.0,3500000.0,1719.1,1.719056974459725,,
Uganda,Maize,2021,1591000.0,3500000.0,2199.9,2.1998742928975488,,
Uganda,Maize,2022,2154000.0,4738000.0,2199.6,2.1996285979572887,,
Uganda,Maize,2023,2266000.0,4945000.0,2182.3,2.182259488084731,,
Uganda,Maize,2024,2300000.0,5000000.0,2173.9,2.1739130434782608,,
Uganda,Millet,1961,519000.0,420000.0,809.2,0.8092485549132948,,
Uganda,Millet,1962,530000.0,430000.0,811.3,0.8113207547169812,,
Uganda,Millet,1963,528000.0,430000.0,814.4,0.8143939393939394,,
Uganda,Millet,1964,529000.0,430000.0,812.9,0.8128544423440454,,
Uganda,Millet,1965,567700.0,511000.0,900.1,0.9001233045622689,,
Uganda,Millet,1966,573100.0,520000.0,907.3,0.9073460129122317,,
Uganda,Millet,1967,613600.0,575000.0,937.1,0.9370925684485006,,
Uganda,Millet,1968,690000.0,688890.0,998.4,0.9983913043478261,,
Uganda,Millet,1969,730000.0,836733.0,1146.2,1.146209589041096,,
Uganda,Millet,1970,582000.0,783000.0,1345.4,1.3453608247422681,,
Uganda,Millet,1971,716000.0,650000.0,907.8,0.9078212290502793,,
Uganda,Millet,1972,497000.0,594000.0,1195.2,1.1951710261569417,,
Uganda,Millet,1973,636000.0,643000.0,1011.0,1.0110062893081762,,
Uganda,Millet,1974,510000.0,591000.0,1158.8,1.1588235294117648,,
Uganda,Millet,1975,484200.0,682000.0,1408.5,1.4085088806278396,,
Uganda,Millet,1976,498300.0,576000.0,1155.9,1.1559301625526792,,
Uganda,Millet,1977,527428.0,578000.0,1095.9,1.0958841775559887,,
Uganda,Millet,1978,510000.0,561000.0,1100.0,1.1,,
Uganda,Millet,1979,313000.0,481000.0,1536.7,1.536741214057508,,
Uganda,Millet,1980,279000.0,459000.0,1645.2,1.6451612903225807,,
Uganda,Millet,1981,300000.0,480000.0,1600.0,1.6,,
Uganda,Millet,1982,330000.0,401000.0,1215.2,1.215151515151515,,
Uganda,Millet,1983,341000.0,545000.0,1598.2,1.598240469208211,,
Uganda,Millet,1984,332000.0,332000.0,1000.0,1.0,,
Uganda,Millet,1985,299830.0,479640.0,1599.7,1.5997065003501985,,
Uganda,Millet,1986,341699.0,427000.0,1249.6,1.2496378391508316,,
Uganda,Millet,1987,324000.0,518000.0,1598.8,1.5987654320987654,,
Uganda,Millet,1988,371000.0,578000.0,1558.0,1.5579514824797844,,
Uganda,Millet,1989,381240.0,609578.0,1598.9,1.5989350540342042,,
Uganda,Millet,1990,373000.0,560000.0,1501.3,1.5013404825737264,,
Uganda,Millet,1991,384000.0,576000.0,1500.0,1.5,,
Uganda,Millet,1992,396000.0,634000.0,1601.0,1.601010101010101,,
Uganda,Millet,1993,404000.0,610000.0,1509.9,1.50990099009901,,
Uganda,Millet,1994,412000.0,610000.0,1480.6,1.4805825242718447,,
Uganda,Millet,1995,395000.0,632000.0,1600.0,1.6,,
Uganda,Millet,1996,400000.0,440000.0,1100.0,1.1,,
Uganda,Millet,1997,395000.0,502000.0,1270.9,1.270886075949367,,
Uganda,Millet,1998,401000.0,642000.0,1601.0,1.600997506234414,,
Uganda,Millet,1999,376000.0,606000.0,1611.7,1.6117021276595744,,
Uganda,Millet,2000,384000.0,534000.0,1390.6,1.390625,,
Uganda,Millet,2001,389000.0,584000.0,1501.3,1.5012853470437018,,
Uganda,Millet,2002,396000.0,590000.0,1489.9,1.4898989898989898,,
Uganda,Millet,2003,400000.0,640000.0,1600.0,1.6,,
Uganda,Millet,2004,412000.0,659000.0,1599.5,1.5995145631067962,,
Uganda,Millet,2005,420000.0,672000.0,1600.0,1.6,,
Uganda,Millet,2006,429000.0,687000.0,1601.4,1.6013986013986015,,
Uganda,Millet,2007,437000.0,732000.0,1675.1,1.6750572082379862,,
Uganda,Millet,2008,200000.0,275000.0,1375.0,1.375,,
Uganda,Millet,2009,192000.0,250000.0,1302.1,1.3020833333333333,,
Uganda,Millet,2010,167000.0,268000.0,1604.8,1.6047904191616766,,
Uganda,Millet,2011,172000.0,256763.0,1492.8,1.4928081395348838,,
Uganda,Millet,2012,175000.0,244438.0,1396.8,1.3967885714285715,,
Uganda,Millet,2013,175000.0,227500.0,1300.0,1.3,,
Uganda,Millet,2014,175000.0,236486.0,1351.3,1.3513485714285713,,
Uganda,Millet,2015,175173.0,236484.0,1350.0,1.3500025688890411,,
Uganda,Millet,2016,138122.0,193461.0,1400.7,1.4006530458580095,,
Uganda,Millet,2017,130061.0,185517.0,1426.4,1.4263845426376853,,
Uganda,Millet,2018,99311.0,141982.0,1429.7,1.4296704292575848,,
Uganda,Millet,2019,51305.0,72000.0,1403.4,1.4033719910340123,,
Uganda,Millet,2020,50243.0,70000.0,1393.2,1.393228907509504,,
Uganda,Millet,2021,50613.0,70000.0,1383.1,1.3830438820065991,,
Uganda,Millet,2022,93981.0,129000.0,1372.6,1.3726178695693811,,
Uganda,Millet,2023,90000.0,119000.0,1322.2,1.3222222222222222,,
Uganda,Millet,2024,88368.0,120000.0,1358.0,1.3579576317218902,,
Uganda,Rice,1961,2630.0,3200.0,1216.7,1.2167300380228137,,
Uganda,Rice,1962,3197.0,4000.0,1251.2,1.2511729746637472,,
Uganda,Rice,1963,1376.0,1650.0,1199.1,1.1991279069767442,,
Uganda,Rice,1964,1983.0,2300.0,1159.9,1.1598587997982854,,
Uganda,Rice,1965,4000.0,4750.0,1187.5,1.1875,,
Uganda,Rice,1966,3000.0,6198.0,2066.0,2.066,,
Uganda,Rice,1967,6000.0,7824.0,1304.0,1.304,,
Uganda,Rice,1968,5000.0,2868.0,573.6,0.5736,,
Uganda,Rice,1969,7000.0,4767.0,681.0,0.681,,
Uganda,Rice,1970,15621.0,11440.0,732.3,0.7323474809551245,,
Uganda,Rice,1971,24000.0,22000.0,916.7,0.9166666666666666,,
Uganda,Rice,1972,17900.0,15700.0,877.1,0.8770949720670391,,
Uganda,Rice,1973,9800.0,8700.0,887.8,0.8877551020408163,,
Uganda,Rice,1974,17300.0,15000.0,867.1,0.8670520231213873,,
Uganda,Rice,1975,17900.0,16000.0,893.9,0.8938547486033519,,
Uganda,Rice,1976,24409.0,29000.0,1188.1,1.188086361587939,,
Uganda,Rice,1977,19600.0,21000.0,1071.4,1.0714285714285714,,
Uganda,Rice,1978,24400.0,25700.0,1053.3,1.0532786885245902,,
Uganda,Rice,1979,12000.0,15000.0,1250.0,1.25,,
Uganda,Rice,1980,11000.0,17000.0,1545.5,1.5454545454545454,,
Uganda,Rice,1981,12000.0,15000.0,1250.0,1.25,,
Uganda,Rice,1982,15000.0,19000.0,1266.7,1.2666666666666666,,
Uganda,Rice,1983,17000.0,22000.0,1294.1,1.2941176470588236,,
Uganda,Rice,1984,17000.0,20000.0,1176.5,1.1764705882352942,,
Uganda,Rice,1985,14000.0,19000.0,1357.1,1.3571428571428572,,
Uganda,Rice,1986,19000.0,21000.0,1105.3,1.105263157894737,,
Uganda,Rice,1987,16000.0,20000.0,1250.0,1.25,,
Uganda,Rice,1988,17000.0,23000.0,1352.9,1.3529411764705883,,
Uganda,Rice,1989,32000.0,45000.0,1406.3,1.40625,,
Uganda,Rice,1990,39000.0,54000.0,1384.6,1.3846153846153846,,
Uganda,Rice,1991,45000.0,61000.0,1355.6,1.3555555555555556,,
Uganda,Rice,1992,50000.0,68000.0,1360.0,1.36,,
Uganda,Rice,1993,53000.0,74000.0,1396.2,1.3962264150943395,,
Uganda,Rice,1994,55000.0,77000.0,1400.0,1.4,,
Uganda,Rice,1995,55000.0,77000.0,1400.0,1.4,,
Uganda,Rice,1996,58000.0,82000.0,1413.8,1.4137931034482758,,
Uganda,Rice,1997,60000.0,80000.0,1333.3,1.3333333333333333,,
Uganda,Rice,1998,64000.0,90000.0,1406.3,1.40625,,
Uganda,Rice,1999,68000.0,95000.0,1397.1,1.3970588235294117,,
Uganda,Rice,2000,72000.0,109000.0,1513.9,1.5138888888888888,,
Uganda,Rice,2001,76000.0,114000.0,1500.0,1.5,,
Uganda,Rice,2002,80000.0,120000.0,1500.0,1.5,,
Uganda,Rice,2003,86000.0,132000.0,1534.9,1.5348837209302326,,
Uganda,Rice,2004,93000.0,121000.0,1301.1,1.3010752688172043,,
Uganda,Rice,2005,102000.0,153000.0,1500.0,1.5,,
Uganda,Rice,2006,113000.0,154000.0,1362.8,1.3628318584070795,,
Uganda,Rice,2007,119000.0,162000.0,1361.3,1.361344537815126,,
Uganda,Rice,2008,128000.0,177857.0,1389.5,1.3895078125,,
Uganda,Rice,2009,86000.0,205765.0,2392.6,2.3926162790697676,,
Uganda,Rice,2010,87000.0,218111.0,2507.0,2.507022988505747,,
Uganda,Rice,2011,90000.0,233000.0,2588.9,2.588888888888889,,
Uganda,Rice,2012,92000.0,212000.0,2304.3,2.3043478260869565,,
Uganda,Rice,2013,93000.0,214000.0,2301.1,2.3010752688172045,,
Uganda,Rice,2014,95000.0,237008.0,2494.8,2.494821052631579,,
Uganda,Rice,2015,95277.0,238193.0,2500.0,2.500005247856251,,
Uganda,Rice,2016,106929.0,214910.0,2009.8,2.0098383039212937,,
Uganda,Rice,2017,119352.0,188674.0,1580.8,1.580819760037536,,
Uganda,Rice,2018,200000.0,199266.0,996.3,0.99633,,
Uganda,Rice,2019,177000.0,167000.0,943.5,0.943502824858757,,
Uganda,Rice,2020,221000.0,275000.0,1244.3,1.244343891402715,,
Uganda,Rice,2021,219000.0,327900.0,1497.3,1.4972602739726026,,
Uganda,Rice,2022,231000.0,347000.0,1502.2,1.5021645021645023,,
Uganda,Rice,2023,230000.0,365000.0,1587.0,1.5869565217391304,,
Uganda,Rice,2024,230000.0,300000.0,1304.3,1.3043478260869565,,
Uganda,Sorghum,1961,292000.0,276000.0,945.2,0.9452054794520548,,
Uganda,Sorghum,1962,294000.0,278000.0,945.6,0.9455782312925171,,
Uganda,Sorghum,1963,296000.0,281000.0,949.3,0.9493243243243243,,
Uganda,Sorghum,1964,320000.0,271000.0,846.9,0.846875,,
Uganda,Sorghum,1965,306000.0,272000.0,888.9,0.8888888888888888,,
Uganda,Sorghum,1966,296000.0,271000.0,915.5,0.9155405405405406,,
Uganda,Sorghum,1967,290000.0,268000.0,924.1,0.9241379310344827,,
Uganda,Sorghum,1968,230000.0,254000.0,1104.3,1.1043478260869566,,
Uganda,Sorghum,1969,280000.0,331640.0,1184.4,1.1844285714285714,,
Uganda,Sorghum,1970,311000.0,462000.0,1485.5,1.4855305466237942,,
Uganda,Sorghum,1971,307000.0,348000.0,1133.6,1.1335504885993486,,
Uganda,Sorghum,1972,318000.0,419000.0,1317.6,1.3176100628930818,,
Uganda,Sorghum,1973,287000.0,389000.0,1355.4,1.3554006968641115,,
Uganda,Sorghum,1974,367000.0,345000.0,940.1,0.9400544959128065,,
Uganda,Sorghum,1975,311300.0,467000.0,1500.2,1.5001606167683905,,
Uganda,Sorghum,1976,326840.0,390000.0,1193.2,1.1932444009301186,,
Uganda,Sorghum,1977,280057.0,344000.0,1228.3,1.2283213774338795,,
Uganda,Sorghum,1978,286200.0,351000.0,1226.4,1.2264150943396226,,
Uganda,Sorghum,1979,187000.0,316000.0,1689.8,1.6898395721925135,,
Uganda,Sorghum,1980,167000.0,299000.0,1790.4,1.7904191616766467,,
Uganda,Sorghum,1981,170000.0,320000.0,1882.4,1.8823529411764706,,
Uganda,Sorghum,1982,200000.0,270000.0,1350.0,1.35,,
Uganda,Sorghum,1983,207000.0,407000.0,1966.2,1.9661835748792271,,
Uganda,Sorghum,1984,206000.0,247000.0,1199.0,1.1990291262135921,,
Uganda,Sorghum,1985,190409.0,310334.0,1629.8,1.6298284219758519,,
Uganda,Sorghum,1986,207610.0,279652.0,1347.0,1.3470064062424738,,
Uganda,Sorghum,1987,203000.0,315000.0,1551.7,1.5517241379310345,,
Uganda,Sorghum,1988,233000.0,344000.0,1476.4,1.4763948497854078,,
Uganda,Sorghum,1989,230888.0,346802.0,1502.0,1.5020356190014206,,
Uganda,Sorghum,1990,240000.0,360000.0,1500.0,1.5,,
Uganda,Sorghum,1991,244949.0,363000.0,1481.9,1.4819411387676618,,
Uganda,Sorghum,1992,250000.0,375000.0,1500.0,1.5,,
Uganda,Sorghum,1993,255000.0,383000.0,1502.0,1.5019607843137255,,
Uganda,Sorghum,1994,260000.0,390000.0,1500.0,1.5,,
Uganda,Sorghum,1995,266000.0,399000.0,1500.0,1.5,,
Uganda,Sorghum,1996,271000.0,298000.0,1099.6,1.099630996309963,,
Uganda,Sorghum,1997,276000.0,294000.0,1065.2,1.065217391304348,,
Uganda,Sorghum,1998,280000.0,420000.0,1500.0,1.5,,
Uganda,Sorghum,1999,275000.0,413000.0,1501.8,1.5018181818181817,,
Uganda,Sorghum,2000,280000.0,361000.0,1289.3,1.2892857142857144,,
Uganda,Sorghum,2001,282000.0,423000.0,1500.0,1.5,,
Uganda,Sorghum,2002,285000.0,427000.0,1498.2,1.4982456140350877,,
Uganda,Sorghum,2003,290000.0,421000.0,1451.7,1.4517241379310344,,
Uganda,Sorghum,2004,285000.0,399000.0,1400.0,1.4,,
Uganda,Sorghum,2005,294000.0,449000.0,1527.2,1.5272108843537415,,
Uganda,Sorghum,2006,308000.0,440000.0,1428.6,1.4285714285714286,,
Uganda,Sorghum,2007,314000.0,457578.0,1457.3,1.4572547770700637,,
Uganda,Sorghum,2008,321000.0,342286.0,1066.3,1.0663115264797507,,
Uganda,Sorghum,2009,340000.0,374309.0,1100.9,1.1009088235294118,,
Uganda,Sorghum,2010,355000.0,390779.0,1100.8,1.1007859154929578,,
Uganda,Sorghum,2011,364000.0,437000.0,1200.5,1.2005494505494505,,
Uganda,Sorghum,2012,373000.0,336000.0,900.8,0.900804289544236,,
Uganda,Sorghum,2013,373000.0,299000.0,801.6,0.8016085790884718,,
Uganda,Sorghum,2014,373000.0,298676.0,800.7,0.800739946380697,,
Uganda,Sorghum,2015,373382.0,410720.0,1100.0,1.0999994643555393,,
Uganda,Sorghum,2016,328571.0,365622.0,1112.8,1.112764060127035,,
Uganda,Sorghum,2017,193724.0,202135.0,1043.4,1.0434174392434599,,
Uganda,Sorghum,2018,252147.0,268493.0,1064.8,1.0648272634613936,,
Uganda,Sorghum,2019,96704.0,97000.0,1003.1,1.003060886829914,,
Uganda,Sorghum,2020,171440.0,162000.0,944.9,0.94493700419972,,
Uganda,Sorghum,2021,341000.0,306700.0,899.4,0.8994134897360704,,
Uganda,Sorghum,2022,318000.0,286000.0,899.4,0.89937106918239,,
Uganda,Sorghum,2023,320000.0,266000.0,831.3,0.83125,,
Uganda,Sorghum,2024,320000.0,225000.0,703.1,0.703125,,
United Republic of Tanzania,Cassava,1961,570000.0,2800000.0,4912.3,4.912280701754386,,
United Republic of Tanzania,Cassava,1962,580000.0,2900000.0,5000.0,5.0,,
United Republic of Tanzania,Cassava,1963,590000.0,3000000.0,5084.7,5.084745762711864,,
United Republic of Tanzania,Cassava,1964,600000.0,3100000.0,5166.7,5.166666666666667,,
United Republic of Tanzania,Cassava,1965,610000.0,3200000.0,5245.9,5.245901639344262,,
United Republic of Tanzania,Cassava,1966,620000.0,3300000.0,5322.6,5.32258064516129,,
United Republic of Tanzania,Cassava,1967,625000.0,3500000.0,5600.0,5.6,,
United Republic of Tanzania,Cassava,1968,660000.0,3600000.0,5454.5,5.454545454545454,,
United Republic of Tanzania,Cassava,1969,715000.0,3500000.0,4895.1,4.895104895104895,,
United Republic of Tanzania,Cassava,1970,700000.0,3427992.0,4897.1,4.897131428571429,,
United Republic of Tanzania,Cassava,1971,670000.0,3192172.0,4764.4,4.764435820895522,,
United Republic of Tanzania,Cassava,1972,720000.0,3475004.0,4826.4,4.826394444444444,,
United Republic of Tanzania,Cassava,1973,780000.0,3770444.0,4833.9,4.833902564102564,,
United Republic of Tanzania,Cassava,1974,870000.0,4179276.0,4803.8,4.803765517241379,,
United Republic of Tanzania,Cassava,1975,700000.0,5480036.0,7828.6,7.828622857142857,,
United Republic of Tanzania,Cassava,1976,550000.0,4728000.0,8596.4,8.596363636363636,,
United Republic of Tanzania,Cassava,1977,450000.0,5392000.0,11982.2,11.982222222222223,,
United Republic of Tanzania,Cassava,1978,450000.0,5008000.0,11128.9,11.12888888888889,,
United Republic of Tanzania,Cassava,1979,450000.0,5644000.0,12542.2,12.542222222222222,,
United Republic of Tanzania,Cassava,1980,450000.0,4828000.0,10728.9,10.72888888888889,,
United Republic of Tanzania,Cassava,1981,450000.0,5824000.0,12942.2,12.942222222222222,,
United Republic of Tanzania,Cassava,1982,589450.0,6632000.0,11251.2,11.251166341504792,,
United Republic of Tanzania,Cassava,1983,671810.0,7868000.0,11711.6,11.711644661437013,,
United Republic of Tanzania,Cassava,1984,689730.0,7576000.0,10984.0,10.984008235106492,,
United Republic of Tanzania,Cassava,1985,749000.0,8208000.0,10958.6,10.958611481975968,,
United Republic of Tanzania,Cassava,1986,716000.0,8124000.0,11346.4,11.346368715083798,,
United Republic of Tanzania,Cassava,1987,668200.0,6837600.0,10232.9,10.232864411852738,,
United Republic of Tanzania,Cassava,1988,677300.0,6944000.0,10252.5,10.252473054776317,,
United Republic of Tanzania,Cassava,1989,746900.0,6896000.0,9232.8,9.23282902664346,,
United Republic of Tanzania,Cassava,1990,590210.0,7792000.0,13202.1,13.20208061537419,,
United Republic of Tanzania,Cassava,1991,604200.0,7460000.0,12346.9,12.346904998344918,,
United Republic of Tanzania,Cassava,1992,683710.0,7112000.0,10402.1,10.402071053516842,,
United Republic of Tanzania,Cassava,1993,657000.0,6832800.0,10400.0,10.4,,
United Republic of Tanzania,Cassava,1994,693200.0,7209200.0,10399.9,10.399884593190999,,
United Republic of Tanzania,Cassava,1995,584800.0,5968800.0,10206.6,10.20656634746922,,
United Republic of Tanzania,Cassava,1996,588200.0,5993600.0,10189.7,10.189731383883032,,
United Republic of Tanzania,Cassava,1997,663500.0,5704000.0,8596.8,8.596834966088922,,
United Republic of Tanzania,Cassava,1998,745400.0,5274990.0,7076.7,7.076723906627314,,
United Republic of Tanzania,Cassava,1999,655700.0,5386130.0,8214.3,8.214320573432973,,
United Republic of Tanzania,Cassava,2000,809700.0,5342110.0,6597.6,6.5976411016425835,,
United Republic of Tanzania,Cassava,2001,660900.0,4336370.0,6561.3,6.561310334392495,,
United Republic of Tanzania,Cassava,2002,660260.0,5176140.0,7839.5,7.839548056826099,,
United Republic of Tanzania,Cassava,2003,866282.0,3962090.0,4573.7,4.573672314558077,,
United Republic of Tanzania,Cassava,2004,953749.0,4440590.0,4655.9,4.65593148721519,,
United Republic of Tanzania,Cassava,2005,906387.0,5539160.0,6111.3,6.111252698902345,,
United Republic of Tanzania,Cassava,2006,993171.0,6158300.0,6200.6,6.200644199236587,,
United Republic of Tanzania,Cassava,2007,779067.0,5198934.0,6673.3,6.67328227225643,,
United Republic of Tanzania,Cassava,2008,837744.0,5392358.0,6436.8,6.436761110792796,,
United Republic of Tanzania,Cassava,2009,1081384.0,5916440.0,5471.2,5.47117397705163,,
United Republic of Tanzania,Cassava,2010,873000.0,4547940.0,5209.6,5.209553264604811,,
United Republic of Tanzania,Cassava,2011,739794.0,4646523.0,6280.8,6.280833583402948,,
United Republic of Tanzania,Cassava,2012,954509.0,5462454.0,5722.8,5.7227894131956845,193.0,1054253622.0
United Republic of Tanzania,Cassava,2013,863678.0,4755160.0,5505.7,5.505709303698832,216.9,1031394204.0
United Republic of Tanzania,Cassava,2014,800454.0,4992759.0,6237.4,6.237409020380934,211.3,1054969976.7
United Republic of Tanzania,Cassava,2015,1094900.0,5886440.0,5376.2,5.376235272627637,175.9,1035424796.0
United Republic of Tanzania,Cassava,2016,995073.0,5201451.35,5227.2,5.227205792941824,166.7,867081940.0449998
United Republic of Tanzania,Cassava,2017,1202216.0,4025265.0,3348.2,3.348204482389188,,
United Republic of Tanzania,Cassava,2018,983505.0,8372217.0,8512.6,8.512632879344793,,
United Republic of Tanzania,Cassava,2019,990835.0,8184093.0,8259.8,8.25979401212109,,
United Republic of Tanzania,Cassava,2020,1225878.0,8504295.79,6937.3,6.937310066743998,,
United Republic of Tanzania,Cassava,2021,1480350.0,9188487.09,6207.0,6.206969358597629,,
United Republic of Tanzania,Cassava,2022,1690841.0,10800000.0,6387.4,6.387353985383605,,
United Republic of Tanzania,Cassava,2023,1827558.0,11700000.0,6402.0,6.401985600457003,,
United Republic of Tanzania,Cassava,2024,1641363.0,10532000.0,6416.6,6.416618383623854,,
United Republic of Tanzania,Cowpea,1961,53000.0,16000.0,301.9,0.3018867924528302,,
United Republic of Tanzania,Cowpea,1962,60000.0,18000.0,300.0,0.3,,
United Republic of Tanzania,Cowpea,1963,68000.0,20248.0,297.8,0.29776470588235293,,
United Republic of Tanzania,Cowpea,1964,35000.0,9746.0,278.5,0.27845714285714285,,
United Republic of Tanzania,Cowpea,1965,26000.0,7390.0,284.2,0.28423076923076923,,
United Republic of Tanzania,Cowpea,1966,45000.0,12821.0,284.9,0.2849111111111111,,
United Republic of Tanzania,Cowpea,1967,30000.0,8347.0,278.2,0.27823333333333333,,
United Republic of Tanzania,Cowpea,1968,45000.0,12267.0,272.6,0.2726,,
United Republic of Tanzania,Cowpea,1969,62000.0,17996.0,290.3,0.290258064516129,,
United Republic of Tanzania,Cowpea,1970,45000.0,12098.0,268.8,0.26884444444444444,,
United Republic of Tanzania,Cowpea,1971,30000.0,8560.0,285.3,0.2853333333333333,,
United Republic of Tanzania,Cowpea,1972,35000.0,10256.0,293.0,0.2930285714285714,,
United Republic of Tanzania,Cowpea,1973,35000.0,10000.0,285.7,0.2857142857142857,,
United Republic of Tanzania,Cowpea,1974,40000.0,11000.0,275.0,0.275,,
United Republic of Tanzania,Cowpea,1975,46000.0,13000.0,282.6,0.2826086956521739,,
United Republic of Tanzania,Cowpea,1976,95000.0,25000.0,263.2,0.2631578947368421,,
United Republic of Tanzania,Cowpea,1977,97286.0,28521.0,293.2,0.29316653989268754,,
United Republic of Tanzania,Cowpea,1978,99571.0,32043.0,321.8,0.32181056733386226,,
United Republic of Tanzania,Cowpea,1979,101857.0,35564.0,349.2,0.349156169924502,,
United Republic of Tanzania,Cowpea,1980,104143.0,39086.0,375.3,0.3753108706298071,,
United Republic of Tanzania,Cowpea,1981,106429.0,42607.0,400.3,0.4003326161102707,,
United Republic of Tanzania,Cowpea,1982,108714.0,46129.0,424.3,0.424315175598359,,
United Republic of Tanzania,Cowpea,1983,111000.0,49650.0,447.3,0.4472972972972973,,
United Republic of Tanzania,Cowpea,1984,113286.0,53171.0,469.4,0.4693519057959501,,
United Republic of Tanzania,Cowpea,1985,115571.0,56693.0,490.5,0.49054693651521575,,
United Republic of Tanzania,Cowpea,1986,117857.0,60214.0,510.9,0.5109072859482254,,
United Republic of Tanzania,Cowpea,1987,120143.0,63736.0,530.5,0.5305011527929218,,
United Republic of Tanzania,Cowpea,1988,122429.0,67257.0,549.4,0.5493551364464302,,
United Republic of Tanzania,Cowpea,1989,124714.0,70779.0,567.5,0.5675305098064372,,
United Republic of Tanzania,Cowpea,1990,127000.0,74300.0,585.0,0.5850393700787402,,
United Republic of Tanzania,Cowpea,1991,129286.0,77821.0,601.9,0.6019290565103723,,
United Republic of Tanzania,Cowpea,1992,131571.0,81343.0,618.2,0.6182441419461735,,
United Republic of Tanzania,Cowpea,1993,133857.0,84864.0,634.0,0.6339900042582757,,
United Republic of Tanzania,Cowpea,1994,136143.0,88386.0,649.2,0.6492144289460346,,
United Republic of Tanzania,Cowpea,1995,138429.0,91907.0,663.9,0.6639288010460236,,
United Republic of Tanzania,Cowpea,1996,140714.0,95429.0,678.2,0.678177011526927,,
United Republic of Tanzania,Cowpea,1997,143000.0,98950.0,692.0,0.691958041958042,,
United Republic of Tanzania,Cowpea,1998,145286.0,102471.0,705.3,0.7053053976295032,,
United Republic of Tanzania,Cowpea,1999,147571.0,105993.0,718.3,0.718250875849591,,
United Republic of Tanzania,Cowpea,2000,149857.0,109514.0,730.8,0.730790019818894,,
United Republic of Tanzania,Cowpea,2001,152143.0,113036.0,743.0,0.7429589267991298,,
United Republic of Tanzania,Cowpea,2002,154429.0,116557.0,754.8,0.7547610876195533,,
United Republic of Tanzania,Cowpea,2003,73170.0,120079.0,1641.1,1.641096077627443,,
United Republic of Tanzania,Cowpea,2004,159000.0,123600.0,777.4,0.7773584905660378,,
United Republic of Tanzania,Cowpea,2005,150400.0,80500.0,535.2,0.5352393617021277,,
United Republic of Tanzania,Cowpea,2006,155930.0,115000.0,737.5,0.7375104213429102,,
United Republic of Tanzania,Cowpea,2007,177610.0,150000.0,844.5,0.8445470412701988,,
United Republic of Tanzania,Cowpea,2008,88440.0,175000.0,1978.7,1.9787426503844414,,
United Republic of Tanzania,Cowpea,2009,128290.0,224960.0,1753.5,1.753527165016759,,
United Republic of Tanzania,Cowpea,2010,258160.0,151730.0,587.7,0.5877362875735977,,
United Republic of Tanzania,Cowpea,2011,218081.0,172740.0,792.1,0.7920910120551539,,
United Republic of Tanzania,Cowpea,2012,233803.0,179570.0,768.0,0.7680397599688626,580.3,104204470.99999999
United Republic of Tanzania,Cowpea,2013,234233.0,188717.0,805.7,0.8056806683942912,568.2,107228999.4
United Republic of Tanzania,Cowpea,2014,197323.0,190500.0,965.4,0.9654221758233962,572.5,109061250.0
United Republic of Tanzania,Cowpea,2015,216931.0,180776.0,833.3,0.8333341016267846,486.2,87893291.2
United Republic of Tanzania,Cowpea,2016,172352.0,175654.72,1019.2,1.0191626438915709,455.5,80010724.96
United Republic of Tanzania,Cowpea,2017,148483.0,177631.0,1196.3,1.1963053009435423,,
United Republic of Tanzania,Cowpea,2018,108045.0,121772.0,1127.0,1.1270489148040168,,
United Republic of Tanzania,Cowpea,2019,112657.0,127884.0,1135.2,1.1351624843551666,,
United Republic of Tanzania,Cowpea,2020,209643.0,225961.59,1077.8,1.0778398992573088,,
United Republic of Tanzania,Cowpea,2021,482748.0,485210.0,1005.1,1.0050999693421827,,
United Republic of Tanzania,Cowpea,2022,208316.0,204995.0,984.1,0.9840578736150848,,
United Republic of Tanzania,Cowpea,2023,210965.0,210866.3,999.5,0.9995321498826819,,
United Republic of Tanzania,Cowpea,2024,218150.0,221423.48,1015.0,1.0150056383222554,,
United Republic of Tanzania,Groundnut,1961,40000.0,40000.0,1000.0,1.0,,
United Republic of Tanzania,Groundnut,1962,45000.0,45000.0,1000.0,1.0,,
United Republic of Tanzania,Groundnut,1963,45000.0,45000.0,1000.0,1.0,,
United Republic of Tanzania,Groundnut,1964,45000.0,45656.0,1014.6,1.0145777777777778,,
United Republic of Tanzania,Groundnut,1965,49000.0,48837.0,996.7,0.9966734693877551,,
United Republic of Tanzania,Groundnut,1966,50000.0,50106.0,1002.1,1.00212,,
United Republic of Tanzania,Groundnut,1967,44000.0,44796.0,1018.1,1.0180909090909092,,
United Republic of Tanzania,Groundnut,1968,60000.0,54889.0,914.8,0.9148166666666666,,
United Republic of Tanzania,Groundnut,1969,46000.0,28128.0,611.5,0.6114782608695652,,
United Republic of Tanzania,Groundnut,1970,56000.0,33817.0,603.9,0.603875,,
United Republic of Tanzania,Groundnut,1971,44000.0,34756.0,789.9,0.7899090909090909,,
United Republic of Tanzania,Groundnut,1972,40000.0,29131.0,728.3,0.728275,,
United Republic of Tanzania,Groundnut,1973,60000.0,53559.0,892.6,0.89265,,
United Republic of Tanzania,Groundnut,1974,50000.0,44000.0,880.0,0.88,,
United Republic of Tanzania,Groundnut,1975,77000.0,46000.0,597.4,0.5974025974025974,,
United Republic of Tanzania,Groundnut,1976,124000.0,74000.0,596.8,0.5967741935483871,,
United Republic of Tanzania,Groundnut,1977,80000.0,47546.0,594.3,0.594325,,
United Republic of Tanzania,Groundnut,1978,80000.0,45000.0,562.5,0.5625,,
United Republic of Tanzania,Groundnut,1979,88000.0,52000.0,590.9,0.5909090909090909,,
United Republic of Tanzania,Groundnut,1980,92000.0,54000.0,587.0,0.5869565217391305,,
United Republic of Tanzania,Groundnut,1981,94000.0,56000.0,595.7,0.5957446808510638,,
United Republic of Tanzania,Groundnut,1982,96000.0,58000.0,604.2,0.6041666666666666,,
United Republic of Tanzania,Groundnut,1983,96000.0,58000.0,604.2,0.6041666666666666,,
United Republic of Tanzania,Groundnut,1984,98000.0,59000.0,602.0,0.6020408163265306,,
United Republic of Tanzania,Groundnut,1985,98000.0,59000.0,602.0,0.6020408163265306,,
United Republic of Tanzania,Groundnut,1986,98000.0,58701.0,599.0,0.5989897959183673,,
United Republic of Tanzania,Groundnut,1987,100000.0,60000.0,600.0,0.6,,
United Republic of Tanzania,Groundnut,1988,100000.0,53900.0,539.0,0.539,,
United Republic of Tanzania,Groundnut,1989,110000.0,55000.0,500.0,0.5,,
United Republic of Tanzania,Groundnut,1990,115465.0,60000.0,519.6,0.5196379855367428,,
United Republic of Tanzania,Groundnut,1991,99866.0,70000.0,700.9,0.7009392586065327,,
United Republic of Tanzania,Groundnut,1992,91972.0,65000.0,706.7,0.7067368329491585,,
United Republic of Tanzania,Groundnut,1993,101591.0,70000.0,689.0,0.68903741473162,,
United Republic of Tanzania,Groundnut,1994,104405.0,70835.66,678.5,0.6784699966476702,,
United Republic of Tanzania,Groundnut,1995,113000.0,72000.0,637.2,0.6371681415929203,,
United Republic of Tanzania,Groundnut,1996,116000.0,74000.0,637.9,0.6379310344827587,,
United Republic of Tanzania,Groundnut,1997,109866.0,72000.0,655.3,0.6553437824258642,843.0,60696000.0
United Republic of Tanzania,Groundnut,1998,113010.0,73000.0,646.0,0.6459605344659765,868.1,63371300.0
United Republic of Tanzania,Groundnut,1999,127671.0,74000.0,579.6,0.5796147911428594,676.7,50075800.0
United Republic of Tanzania,Groundnut,2000,117000.0,52000.0,444.4,0.4444444444444444,604.7,31444400.000000004
United Republic of Tanzania,Groundnut,2001,247300.0,206800.0,836.2,0.8362312980186009,382.2,79038960.0
United Republic of Tanzania,Groundnut,2002,366940.0,346790.0,945.1,0.9450863901455279,418.0,144958220.0
United Republic of Tanzania,Groundnut,2003,370745.0,339225.0,915.0,0.914981995711338,479.6,162692310.0
United Republic of Tanzania,Groundnut,2004,374550.0,331660.0,885.5,0.8854892537711921,477.4,158334484.0
United Republic of Tanzania,Groundnut,2005,409320.0,293870.0,717.9,0.7179468386592397,,
United Republic of Tanzania,Groundnut,2006,480000.0,350000.0,729.2,0.7291666666666666,,
United Republic of Tanzania,Groundnut,2007,560000.0,408058.0,728.7,0.728675,,
United Republic of Tanzania,Groundnut,2008,470670.0,340770.0,724.0,0.7240104531837593,,
United Republic of Tanzania,Groundnut,2009,428550.0,347970.0,812.0,0.8119705985299265,,
United Republic of Tanzania,Groundnut,2010,482310.0,465290.0,964.7,0.9647114926084883,,
United Republic of Tanzania,Groundnut,2011,675226.0,651397.0,964.7,0.9647095935286852,,
United Republic of Tanzania,Groundnut,2012,839631.0,810000.0,964.7,0.9647094973863518,335.6,271836000.0
United Republic of Tanzania,Groundnut,2013,943676.0,1425000.0,1510.1,1.5100521789258177,426.2,607335000.0
United Republic of Tanzania,Groundnut,2014,1619500.0,1635335.0,1009.8,1.0097777091694968,425.2,695344442.0
United Republic of Tanzania,Groundnut,2015,1624683.0,1835933.0,1130.0,1.130025364948116,356.4,654326521.1999999
United Republic of Tanzania,Groundnut,2016,950000.0,640000.0,673.7,0.6736842105263158,348.6,223104000.0
United Republic of Tanzania,Groundnut,2017,960000.0,650000.0,677.1,0.6770833333333334,,
United Republic of Tanzania,Groundnut,2018,980000.0,670000.0,683.7,0.6836734693877551,,
United Republic of Tanzania,Groundnut,2019,990000.0,680000.0,686.9,0.6868686868686869,,
United Republic of Tanzania,Groundnut,2020,1000000.0,690000.0,690.0,0.69,,
United Republic of Tanzania,Groundnut,2021,1020000.0,895219.0,877.7,0.8776656862745098,,
United Republic of Tanzania,Groundnut,2022,1020000.0,936799.0,918.4,0.9184303921568627,,
United Republic of Tanzania,Groundnut,2023,687416.0,586216.0,852.8,0.8527820126386351,,
United Republic of Tanzania,Groundnut,2024,950000.0,760000.0,800.0,0.8,,
United Republic of Tanzania,Maize,1961,790000.0,590000.0,746.8,0.7468354430379747,,
United Republic of Tanzania,Maize,1962,800000.0,600000.0,750.0,0.75,,
United Republic of Tanzania,Maize,1963,960000.0,850000.0,885.4,0.8854166666666666,,
United Republic of Tanzania,Maize,1964,930000.0,720000.0,774.2,0.7741935483870968,,
United Republic of Tanzania,Maize,1965,950000.0,751000.0,790.5,0.7905263157894736,,
United Republic of Tanzania,Maize,1966,1100000.0,880000.0,800.0,0.8,,
United Republic of Tanzania,Maize,1967,1000000.0,750000.0,750.0,0.75,,
United Republic of Tanzania,Maize,1968,1014000.0,551000.0,543.4,0.5433925049309665,,
United Republic of Tanzania,Maize,1969,1014000.0,638000.0,629.2,0.6291913214990138,,
United Republic of Tanzania,Maize,1970,1015000.0,488000.0,480.8,0.4807881773399015,,
United Republic of Tanzania,Maize,1971,984900.0,719000.0,730.0,0.7300233526246319,,
United Republic of Tanzania,Maize,1972,1000000.0,621000.0,621.0,0.621,,
United Republic of Tanzania,Maize,1973,1000000.0,887000.0,887.0,0.887,,
United Republic of Tanzania,Maize,1974,1100000.0,761000.0,691.8,0.6918181818181818,,
United Republic of Tanzania,Maize,1975,1100000.0,1367000.0,1242.7,1.2427272727272727,,
United Republic of Tanzania,Maize,1976,1300000.0,1449000.0,1114.6,1.1146153846153846,,
United Republic of Tanzania,Maize,1977,1300000.0,1664000.0,1280.0,1.28,,
United Republic of Tanzania,Maize,1978,1300000.0,1465000.0,1126.9,1.126923076923077,,
United Republic of Tanzania,Maize,1979,1300000.0,1720000.0,1323.1,1.323076923076923,,
United Republic of Tanzania,Maize,1980,1400000.0,1726000.0,1232.9,1.2328571428571429,,
United Republic of Tanzania,Maize,1981,1350000.0,1839000.0,1362.2,1.3622222222222222,,
United Republic of Tanzania,Maize,1982,1231550.0,1654000.0,1343.0,1.3430230197718322,,
United Republic of Tanzania,Maize,1983,1229620.0,1651000.0,1342.7,1.3426912379434297,,
United Republic of Tanzania,Maize,1984,1411830.0,1939000.0,1373.4,1.373394813823194,,
United Republic of Tanzania,Maize,1985,1576280.0,2093000.0,1327.8,1.327809779988327,,
United Republic of Tanzania,Maize,1986,1905000.0,2211000.0,1160.6,1.1606299212598425,,
United Republic of Tanzania,Maize,1987,1724000.0,2359000.0,1368.3,1.3683294663573087,,
United Republic of Tanzania,Maize,1988,1850000.0,2339000.0,1264.3,1.2643243243243243,,
United Republic of Tanzania,Maize,1989,1980000.0,3128000.0,1579.8,1.5797979797979798,,
United Republic of Tanzania,Maize,1990,1631260.0,2445000.0,1498.8,1.4988413864129568,,
United Republic of Tanzania,Maize,1991,1848300.0,2331800.0,1261.6,1.2615917329437862,,
United Republic of Tanzania,Maize,1992,1908163.0,2226424.0,1166.8,1.1667892103557191,162.1,360903330.4
United Republic of Tanzania,Maize,1993,1824000.0,2282200.0,1251.2,1.2512061403508772,213.3,486793260.0
United Republic of Tanzania,Maize,1994,1203000.0,1485800.0,1235.1,1.2350789692435578,201.9,299983020.0
United Republic of Tanzania,Maize,1995,1368000.0,2874400.0,2101.2,2.101169590643275,230.9,663698960.0
United Republic of Tanzania,Maize,1996,1580000.0,2822000.0,1786.1,1.7860759493670886,275.5,777461000.0
United Republic of Tanzania,Maize,1997,1564000.0,1831200.0,1170.8,1.170843989769821,200.9,367888080.0
United Republic of Tanzania,Maize,1998,2088000.0,2684600.0,1285.7,1.285727969348659,194.1,521080860.0
United Republic of Tanzania,Maize,1999,957550.0,2420940.0,2528.3,2.528264842566968,182.6,442063644.0
United Republic of Tanzania,Maize,2000,1017600.0,1965400.0,1931.4,1.9314072327044025,119.9,235651460.0
United Republic of Tanzania,Maize,2001,845950.0,2652810.0,3135.9,3.135894556415864,119.8,317806638.0
United Republic of Tanzania,Maize,2002,1718200.0,4408420.0,2565.7,2.56571993947154,123.1,542676502.0
United Republic of Tanzania,Maize,2003,3462540.0,2613970.0,754.9,0.7549284629202839,150.2,392618294.0
United Republic of Tanzania,Maize,2004,3173070.0,4651370.0,1465.9,1.4658895013346696,165.2,768406324.0
United Republic of Tanzania,Maize,2005,3109590.0,3131610.0,1007.1,1.0070813194022363,,
United Republic of Tanzania,Maize,2006,2570147.0,3423020.0,1331.8,1.3318382178140005,214.1,732868582.0
United Republic of Tanzania,Maize,2007,2600341.0,3659000.0,1407.1,1.4071231426955157,144.6,529091400.0
United Republic of Tanzania,Maize,2008,3980970.0,5440710.0,1366.7,1.3666794776147522,265.0,1441788150.0
United Republic of Tanzania,Maize,2009,2961334.0,3326200.0,1123.2,1.1232100127847788,282.5,939651500.0
United Republic of Tanzania,Maize,2010,3050710.0,4733070.0,1551.5,1.551465068787266,298.7,1413768009.0
United Republic of Tanzania,Maize,2011,3287850.0,4340823.0,1320.3,1.3202618732606415,,
United Republic of Tanzania,Maize,2012,4118117.0,5104248.0,1239.5,1.2394616277293724,163.0,831992424.0
United Republic of Tanzania,Maize,2013,4120269.0,5356350.0,1300.0,1.3000000728107801,183.5,982890225.0
United Republic of Tanzania,Maize,2014,4146000.0,6737197.0,1625.0,1.6249872165943078,177.9,1198547346.3
United Republic of Tanzania,Maize,2015,3787751.0,5902776.0,1558.4,1.558385437691126,197.0,1162846872.0
United Republic of Tanzania,Maize,2016,3878099.0,6149000.0,1585.6,1.5855706623270835,197.8,1216272200.0
United Republic of Tanzania,Maize,2017,3817879.0,6680758.0,1749.9,1.7498611139850162,,
United Republic of Tanzania,Maize,2018,3546448.0,6273151.0,1768.9,1.7688546399101297,,
United Republic of Tanzania,Maize,2019,3428630.0,5652005.0,1648.5,1.648473296914511,,
United Republic of Tanzania,Maize,2020,4200000.0,6711000.0,1597.9,1.5978571428571429,,
United Republic of Tanzania,Maize,2021,4400000.0,7039000.0,1599.8,1.5997727272727273,,
United Republic of Tanzania,Maize,2022,4000000.0,6537000.0,1634.3,1.63425,,
United Republic of Tanzania,Maize,2023,4200000.0,8010949.0,1907.4,1.9073688095238095,,
United Republic of Tanzania,Maize,2024,5741681.0,10084000.0,1756.3,1.7562800859190888,,
United Republic of Tanzania,Millet,1961,180000.0,145000.0,805.6,0.8055555555555556,,
United Republic of Tanzania,Millet,1962,165000.0,135000.0,818.2,0.8181818181818182,,
United Republic of Tanzania,Millet,1963,178000.0,142000.0,797.8,0.797752808988764,,
United Republic of Tanzania,Millet,1964,170000.0,102849.0,605.0,0.6049941176470588,,
United Republic of Tanzania,Millet,1965,170000.0,116595.0,685.9,0.6858529411764706,,
United Republic of Tanzania,Millet,1966,200000.0,133803.0,669.0,0.669015,,
United Republic of Tanzania,Millet,1967,200000.0,121226.0,606.1,0.60613,,
United Republic of Tanzania,Millet,1968,200000.0,122380.0,611.9,0.6119,,
United Republic of Tanzania,Millet,1969,210000.0,135938.0,647.3,0.6473238095238095,,
United Republic of Tanzania,Millet,1970,212000.0,154042.0,726.6,0.7266132075471698,,
United Republic of Tanzania,Millet,1971,210000.0,128846.0,613.6,0.613552380952381,,
United Republic of Tanzania,Millet,1972,200000.0,128382.0,641.9,0.64191,,
United Republic of Tanzania,Millet,1973,200000.0,105464.0,527.3,0.52732,,
United Republic of Tanzania,Millet,1974,180000.0,114389.0,635.5,0.6354944444444445,,
United Republic of Tanzania,Millet,1975,220000.0,185000.0,840.9,0.8409090909090909,,
United Republic of Tanzania,Millet,1976,200000.0,225000.0,1125.0,1.125,,
United Republic of Tanzania,Millet,1977,350000.0,254000.0,725.7,0.7257142857142858,,
United Republic of Tanzania,Millet,1978,440000.0,376000.0,854.5,0.8545454545454545,,
United Republic of Tanzania,Millet,1979,450000.0,460000.0,1022.2,1.0222222222222221,,
United Republic of Tanzania,Millet,1980,450000.0,340000.0,755.6,0.7555555555555555,,
United Republic of Tanzania,Millet,1981,450000.0,280000.0,622.2,0.6222222222222222,,
United Republic of Tanzania,Millet,1982,199930.0,390000.0,1950.7,1.9506827389586354,,
United Republic of Tanzania,Millet,1983,228090.0,320000.0,1403.0,1.4029549739138059,,
United Republic of Tanzania,Millet,1984,274430.0,305000.0,1111.4,1.111394526837445,,
United Republic of Tanzania,Millet,1985,345610.0,410000.0,1186.3,1.1863082665432134,,
United Republic of Tanzania,Millet,1986,332000.0,293000.0,882.5,0.8825301204819277,,
United Republic of Tanzania,Millet,1987,290000.0,291000.0,1003.4,1.0034482758620689,,
United Republic of Tanzania,Millet,1988,274370.0,219120.0,798.6,0.7986295877829209,,
United Republic of Tanzania,Millet,1989,300000.0,300000.0,1000.0,1.0,,
United Republic of Tanzania,Millet,1990,178000.0,200000.0,1123.6,1.1235955056179776,,
United Republic of Tanzania,Millet,1991,256000.0,200000.0,781.3,0.78125,,
United Republic of Tanzania,Millet,1992,308557.0,262778.0,851.6,0.8516351922011168,,
United Republic of Tanzania,Millet,1993,324590.0,210250.0,647.7,0.6477402261314273,,
United Republic of Tanzania,Millet,1994,275000.0,295000.0,1072.7,1.0727272727272728,,
United Republic of Tanzania,Millet,1995,208000.0,222000.0,1067.3,1.0673076923076923,,
United Republic of Tanzania,Millet,1996,231000.0,269000.0,1164.5,1.1645021645021645,,
United Republic of Tanzania,Millet,1997,353600.0,347000.0,981.3,0.9813348416289592,406.8,141159600.0
United Republic of Tanzania,Millet,1998,268100.0,235900.0,879.9,0.8798955613577023,445.3,105046270.0
United Republic of Tanzania,Millet,1999,195805.0,194400.0,992.8,0.9928244937565435,492.8,95800320.0
United Republic of Tanzania,Millet,2000,251900.0,219000.0,869.4,0.869392616117507,397.3,87008700.0
United Republic of Tanzania,Millet,2001,201100.0,206500.0,1026.9,1.0268523122824464,343.4,70912100.0
United Republic of Tanzania,Millet,2002,358830.0,233410.0,650.5,0.6504751553660508,334.2,78005622.0
United Republic of Tanzania,Millet,2003,201850.0,91280.0,452.2,0.45221699281644784,320.7,29273496.0
United Republic of Tanzania,Millet,2004,347910.0,246250.0,707.8,0.7077979937340116,309.4,76189750.0
United Republic of Tanzania,Millet,2005,283180.0,218760.0,772.5,0.7725121830637757,,
United Republic of Tanzania,Millet,2006,325000.0,246665.0,759.0,0.7589692307692307,308.3,76046819.5
United Republic of Tanzania,Millet,2007,400000.0,307906.0,769.8,0.769765,281.9,86798701.39999999
United Republic of Tanzania,Millet,2008,213972.0,149520.0,698.8,0.698783018338848,483.2,72248064.0
United Republic of Tanzania,Millet,2009,398506.0,312420.0,784.0,0.783978158421705,465.8,145525236.0
United Republic of Tanzania,Millet,2010,345855.0,350870.0,1014.5,1.0145002963669747,515.2,180768224.00000003
United Republic of Tanzania,Millet,2011,352307.0,397069.0,1127.1,1.1270539614597497,,
United Republic of Tanzania,Millet,2012,260417.0,213746.0,820.8,0.8207835893970056,497.9,106424133.39999999
United Republic of Tanzania,Millet,2013,334575.0,322731.0,964.6,0.9645998655010087,552.4,178276604.4
United Republic of Tanzania,Millet,2014,365300.0,362750.0,993.0,0.9930194360799343,543.4,197118350.0
United Republic of Tanzania,Millet,2015,352590.0,330060.0,936.1,0.9361014209138092,458.3,151266498.0
United Republic of Tanzania,Millet,2016,317768.0,314968.96,991.2,0.9911915611389442,426.7,134397255.232
United Republic of Tanzania,Millet,2017,316767.0,308897.0,975.2,0.9751552402870248,,
United Republic of Tanzania,Millet,2018,260536.0,316194.0,1213.6,1.2136288267264408,,
United Republic of Tanzania,Millet,2019,269970.0,385962.0,1429.6,1.4296477386376265,,
United Republic of Tanzania,Millet,2020,270000.0,325000.0,1203.7,1.2037037037037037,,
United Republic of Tanzania,Millet,2021,300000.0,335000.0,1116.7,1.1166666666666667,,
United Republic of Tanzania,Millet,2022,300000.0,335000.0,1116.7,1.1166666666666667,,
United Republic of Tanzania,Millet,2023,300000.0,282000.0,940.0,0.94,,
United Republic of Tanzania,Millet,2024,300000.0,325000.0,1083.3,1.0833333333333333,,
United Republic of Tanzania,Rice,1961,82000.0,94000.0,1146.3,1.146341463414634,,
United Republic of Tanzania,Rice,1962,83000.0,104000.0,1253.0,1.2530120481927711,,
United Republic of Tanzania,Rice,1963,115000.0,183000.0,1591.3,1.5913043478260869,,
United Republic of Tanzania,Rice,1964,110000.0,147322.0,1339.3,1.339290909090909,,
United Republic of Tanzania,Rice,1965,56000.0,72954.0,1302.8,1.30275,,
United Republic of Tanzania,Rice,1966,127000.0,133082.0,1047.9,1.0478897637795275,,
United Republic of Tanzania,Rice,1967,110000.0,109687.0,997.2,0.9971545454545454,,
United Republic of Tanzania,Rice,1968,128000.0,104000.0,812.5,0.8125,,
United Republic of Tanzania,Rice,1969,129000.0,126000.0,976.7,0.9767441860465116,,
United Republic of Tanzania,Rice,1970,151000.0,132000.0,874.2,0.8741721854304636,,
United Republic of Tanzania,Rice,1971,153000.0,171000.0,1117.6,1.1176470588235294,,
United Republic of Tanzania,Rice,1972,155000.0,187000.0,1206.5,1.206451612903226,,
United Republic of Tanzania,Rice,1973,130824.0,301000.0,2300.8,2.300801076255121,,
United Republic of Tanzania,Rice,1974,163000.0,223000.0,1368.1,1.3680981595092025,,
United Republic of Tanzania,Rice,1975,204000.0,265000.0,1299.0,1.2990196078431373,,
United Republic of Tanzania,Rice,1976,267000.0,346000.0,1295.9,1.2958801498127341,,
United Republic of Tanzania,Rice,1977,243000.0,314000.0,1292.2,1.2921810699588476,,
United Republic of Tanzania,Rice,1978,258000.0,387000.0,1500.0,1.5,,
United Republic of Tanzania,Rice,1979,260000.0,262000.0,1007.7,1.0076923076923077,,
United Republic of Tanzania,Rice,1980,245000.0,291000.0,1187.8,1.1877551020408164,,
United Republic of Tanzania,Rice,1981,280000.0,200000.0,714.3,0.7142857142857143,,
United Republic of Tanzania,Rice,1982,300000.0,320000.0,1066.7,1.0666666666666667,,
United Republic of Tanzania,Rice,1983,224110.0,349231.0,1558.3,1.5583017268305743,,
United Republic of Tanzania,Rice,1984,271210.0,355385.0,1310.4,1.310368349249659,,
United Republic of Tanzania,Rice,1985,236540.0,427692.0,1808.1,1.8081170203771033,,
United Republic of Tanzania,Rice,1986,273760.0,547692.0,2000.6,2.0006282875511396,,
United Republic of Tanzania,Rice,1987,351190.0,644615.0,1835.5,1.835516387140864,,
United Republic of Tanzania,Rice,1988,345000.0,615385.0,1783.7,1.7837246376811595,,
United Republic of Tanzania,Rice,1989,385310.0,718461.0,1864.6,1.864631076276245,,
United Republic of Tanzania,Rice,1990,384500.0,740000.0,1924.6,1.9245773732119635,,
United Republic of Tanzania,Rice,1991,368700.0,624615.0,1694.1,1.6941008950366152,,
United Republic of Tanzania,Rice,1992,306570.0,392220.0,1279.4,1.2793815441824052,,
United Republic of Tanzania,Rice,1993,353700.0,641000.0,1812.3,1.8122702855527284,,
United Republic of Tanzania,Rice,1994,352600.0,614300.0,1742.2,1.7422007941009643,,
United Republic of Tanzania,Rice,1995,394000.0,622600.0,1580.2,1.5802030456852791,,
United Republic of Tanzania,Rice,1996,513400.0,806800.0,1571.5,1.5714842228282042,,
United Republic of Tanzania,Rice,1997,439300.0,549700.0,1251.3,1.2513089005235603,,
United Republic of Tanzania,Rice,1998,654500.0,849100.0,1297.3,1.2973262032085562,,
United Republic of Tanzania,Rice,1999,379100.0,728600.0,1921.9,1.9219203376417833,,
United Republic of Tanzania,Rice,2000,415600.0,781538.0,1880.5,1.8805052935514919,,
United Republic of Tanzania,Rice,2001,405860.0,867692.0,2137.9,2.137909624008279,,
United Republic of Tanzania,Rice,2002,565600.0,984615.0,1740.8,1.7408327439886846,,
United Republic of Tanzania,Rice,2003,620800.0,1096923.0,1767.0,1.7669507087628866,,
United Republic of Tanzania,Rice,2004,613130.0,1058462.0,1726.3,1.726325575326603,,
United Republic of Tanzania,Rice,2005,701990.0,1167692.0,1663.4,1.6634026125728287,,
United Republic of Tanzania,Rice,2006,633770.0,1206154.0,1903.1,1.9031415182163876,,
United Republic of Tanzania,Rice,2007,557981.0,1341846.0,2404.8,2.4048238201659196,,
United Republic of Tanzania,Rice,2008,887660.0,1420570.0,1600.4,1.6003537390442286,,
United Republic of Tanzania,Rice,2009,805630.0,1334800.0,1656.8,1.6568399885803657,,
United Republic of Tanzania,Rice,2010,1136290.0,2650120.0,2332.3,2.3322567302361192,,
United Republic of Tanzania,Rice,2011,1119324.0,2248320.0,2008.6,2.0086409297039998,,
United Republic of Tanzania,Rice,2012,799361.0,1800551.0,2252.5,2.252487924729878,404.1,727602659.1
United Republic of Tanzania,Rice,2013,928273.0,2194750.0,2364.3,2.364336784545064,401.4,880972650.0
United Republic of Tanzania,Rice,2014,957218.0,2621000.0,2738.1,2.7381432442766434,397.4,1041585400.0
United Republic of Tanzania,Rice,2015,1154467.0,2979900.0,2581.2,2.581191147083459,333.7,994392630.0
United Republic of Tanzania,Rice,2016,1238000.0,3429000.0,2769.8,2.769789983844911,311.0,1066419000.0
United Republic of Tanzania,Rice,2017,1097283.0,2451707.0,2234.3,2.234343373587306,,
United Republic of Tanzania,Rice,2018,1032902.0,3414815.0,3306.0,3.306039682370641,,
United Republic of Tanzania,Rice,2019,1052547.0,3474766.0,3301.3,3.301292958889247,,
United Republic of Tanzania,Rice,2020,1370000.0,4527500.0,3304.7,3.3047445255474455,,
United Republic of Tanzania,Rice,2021,1351200.0,4045400.0,2993.9,2.9939313203078743,,
United Republic of Tanzania,Rice,2022,1420000.0,4135400.0,2912.3,2.9122535211267606,,
United Republic of Tanzania,Rice,2023,1200000.0,3588000.0,2990.0,2.99,,
United Republic of Tanzania,Rice,2024,1304785.0,4052140.8,3105.6,3.105600386270535,,
United Republic of Tanzania,Sorghum,1961,200000.0,180000.0,900.0,0.9,,
United Republic of Tanzania,Sorghum,1962,175000.0,175000.0,1000.0,1.0,,
United Republic of Tanzania,Sorghum,1963,162000.0,178000.0,1098.8,1.0987654320987654,,
United Republic of Tanzania,Sorghum,1964,173000.0,135258.0,781.8,0.7818381502890174,,
United Republic of Tanzania,Sorghum,1965,192000.0,149124.0,776.7,0.7766875,,
United Republic of Tanzania,Sorghum,1966,310000.0,161072.0,519.6,0.5195870967741936,,
United Republic of Tanzania,Sorghum,1967,310000.0,143627.0,463.3,0.4633129032258064,,
United Republic of Tanzania,Sorghum,1968,315000.0,163314.0,518.5,0.5184571428571428,,
United Republic of Tanzania,Sorghum,1969,310000.0,145179.0,468.3,0.4683193548387097,,
United Republic of Tanzania,Sorghum,1970,310000.0,171912.0,554.6,0.5545548387096774,,
United Republic of Tanzania,Sorghum,1971,310000.0,150335.0,485.0,0.4849516129032258,,
United Republic of Tanzania,Sorghum,1972,350000.0,175247.0,500.7,0.5007057142857143,,
United Republic of Tanzania,Sorghum,1973,353749.0,192406.0,543.9,0.543905424467631,,
United Republic of Tanzania,Sorghum,1974,310000.0,195024.0,629.1,0.6291096774193549,,
United Republic of Tanzania,Sorghum,1975,450000.0,250000.0,555.6,0.5555555555555556,,
United Republic of Tanzania,Sorghum,1976,550000.0,300000.0,545.5,0.5454545454545454,,
United Republic of Tanzania,Sorghum,1977,700000.0,350000.0,500.0,0.5,,
United Republic of Tanzania,Sorghum,1978,700000.0,450909.0,644.2,0.6441557142857143,,
United Republic of Tanzania,Sorghum,1979,700000.0,695000.0,992.9,0.9928571428571429,,
United Republic of Tanzania,Sorghum,1980,740000.0,510000.0,689.2,0.6891891891891891,,
United Republic of Tanzania,Sorghum,1981,700000.0,425000.0,607.1,0.6071428571428571,,
United Republic of Tanzania,Sorghum,1982,322890.0,580000.0,1796.3,1.796277370002168,,
United Republic of Tanzania,Sorghum,1983,476220.0,475000.0,997.4,0.9974381588341523,,
United Republic of Tanzania,Sorghum,1984,459800.0,455000.0,989.6,0.9895606785558939,,
United Republic of Tanzania,Sorghum,1985,445880.0,615000.0,1379.3,1.379294877545528,,
United Republic of Tanzania,Sorghum,1986,800000.0,650000.0,812.5,0.8125,,
United Republic of Tanzania,Sorghum,1987,758000.0,663000.0,874.7,0.8746701846965699,,
United Republic of Tanzania,Sorghum,1988,476700.0,409660.0,859.4,0.8593664778686805,,
United Republic of Tanzania,Sorghum,1989,486960.0,537150.0,1103.1,1.1030680137999014,,
United Republic of Tanzania,Sorghum,1990,380000.0,464000.0,1221.1,1.2210526315789474,,
United Republic of Tanzania,Sorghum,1991,600000.0,612000.0,1020.0,1.02,,
United Republic of Tanzania,Sorghum,1992,683071.0,587128.0,859.5,0.8595416874673351,,
United Republic of Tanzania,Sorghum,1993,641610.0,719140.0,1120.8,1.1208366453141316,,
United Republic of Tanzania,Sorghum,1994,663700.0,478300.0,720.7,0.7206569233087238,,
United Republic of Tanzania,Sorghum,1995,689500.0,839000.0,1216.8,1.216823785351704,,
United Republic of Tanzania,Sorghum,1996,665500.0,872000.0,1310.3,1.3102930127723516,,
United Republic of Tanzania,Sorghum,1997,622400.0,538200.0,864.7,0.8647172236503856,374.1,201340620.0
United Republic of Tanzania,Sorghum,1998,596200.0,563380.0,945.0,0.9449513586044951,312.9,176281602.0
United Republic of Tanzania,Sorghum,1999,659868.0,561031.0,850.2,0.8502170130995896,363.9,204159180.89999998
United Republic of Tanzania,Sorghum,2000,736200.0,598200.0,812.6,0.8125509372453138,261.1,156190020.0
United Republic of Tanzania,Sorghum,2001,691690.0,691690.0,1000.0,1.0,235.0,162547150.0
United Republic of Tanzania,Sorghum,2002,655380.0,635740.0,970.0,0.970032652812109,218.3,138782042.0
United Republic of Tanzania,Sorghum,2003,449590.0,198870.0,442.3,0.44233635089748435,243.6,48444732.0
United Republic of Tanzania,Sorghum,2004,697220.0,648540.0,930.2,0.9301798571469551,238.7,154806498.0
United Republic of Tanzania,Sorghum,2005,737080.0,729740.0,990.0,0.9900417865089272,,
United Republic of Tanzania,Sorghum,2006,715884.0,711631.0,994.1,0.9940590933726693,443.3,315466022.3
United Republic of Tanzania,Sorghum,2007,817946.0,971198.0,1187.4,1.1873620018925455,191.2,185693057.6
United Republic of Tanzania,Sorghum,2008,566760.0,551270.0,972.7,0.9726692074246595,382.0,210585140.0
United Republic of Tanzania,Sorghum,2009,874219.0,709310.0,811.4,0.8113642005035352,352.9,250315498.99999997
United Republic of Tanzania,Sorghum,2010,618370.0,798540.0,1291.4,1.2913627763313227,413.7,330355998.0
United Republic of Tanzania,Sorghum,2011,811164.0,806575.0,994.3,0.9943426976542351,,
United Republic of Tanzania,Sorghum,2012,839423.0,838717.0,999.2,0.999158946085585,224.7,188459709.89999998
United Republic of Tanzania,Sorghum,2013,711388.0,832084.0,1169.7,1.1696626875910192,241.8,201197911.20000002
United Republic of Tanzania,Sorghum,2014,851478.0,883195.0,1037.2,1.037249347604988,242.1,213821509.5
United Republic of Tanzania,Sorghum,2015,755836.0,676772.0,895.4,0.8953952973925561,211.6,143204955.2
United Republic of Tanzania,Sorghum,2016,729995.0,739807.99,1013.4,1.0134425441270145,195.0,144262558.05
United Republic of Tanzania,Sorghum,2017,753708.0,755041.0,1001.8,1.0017685894272053,,
United Republic of Tanzania,Sorghum,2018,609567.0,672235.0,1102.8,1.102807402631704,,
United Republic of Tanzania,Sorghum,2019,646868.0,731877.0,1131.4,1.1314163013164973,,
United Republic of Tanzania,Sorghum,2020,695088.0,750000.0,1079.0,1.0790000690560044,,
United Republic of Tanzania,Sorghum,2021,747915.0,807000.0,1079.0,1.078999618940655,,
United Republic of Tanzania,Sorghum,2022,711770.0,768000.0,1079.0,1.0790002388411988,,
United Republic of Tanzania,Sorghum,2023,683967.0,737819.0,1078.7,1.0787347927604694,,
United Republic of Tanzania,Sorghum,2024,750000.0,800000.0,1066.7,1.0666666666666667,,
United Republic of Tanzania,Yam,1961,700.0,5000.0,7142.9,7.142857142857143,,
United Republic of Tanzania,Yam,1962,700.0,5000.0,7142.9,7.142857142857143,,
United Republic of Tanzania,Yam,1963,700.0,5000.0,7142.9,7.142857142857143,,
United Republic of Tanzania,Yam,1964,700.0,5000.0,7142.9,7.142857142857143,,
United Republic of Tanzania,Yam,1965,800.0,5500.0,6875.0,6.875,,
United Republic of Tanzania,Yam,1966,900.0,6000.0,6666.7,6.666666666666667,,
United Republic of Tanzania,Yam,1967,900.0,6000.0,6666.7,6.666666666666667,,
United Republic of Tanzania,Yam,1968,900.0,6000.0,6666.7,6.666666666666667,,
United Republic of Tanzania,Yam,1969,1000.0,7000.0,7000.0,7.0,,
United Republic of Tanzania,Yam,1970,1000.0,7000.0,7000.0,7.0,,
United Republic of Tanzania,Yam,1971,1000.0,7000.0,7000.0,7.0,,
United Republic of Tanzania,Yam,1972,1000.0,7000.0,7000.0,7.0,,
United Republic of Tanzania,Yam,1973,1000.0,7000.0,7000.0,7.0,,
United Republic of Tanzania,Yam,1974,1000.0,7200.0,7200.0,7.2,,
United Republic of Tanzania,Yam,1975,1100.0,7500.0,6818.2,6.818181818181818,,
United Republic of Tanzania,Yam,1976,1200.0,7800.0,6500.0,6.5,,
United Republic of Tanzania,Yam,1977,1300.0,8000.0,6153.8,6.153846153846154,,
United Republic of Tanzania,Yam,1978,1300.0,8000.0,6153.8,6.153846153846154,,
United Republic of Tanzania,Yam,1979,1200.0,7800.0,6500.0,6.5,,
United Republic of Tanzania,Yam,1980,1300.0,8000.0,6153.8,6.153846153846154,,
United Republic of Tanzania,Yam,1981,1400.0,8200.0,5857.1,5.857142857142857,,
United Republic of Tanzania,Yam,1982,1500.0,8500.0,5666.7,5.666666666666667,,
United Republic of Tanzania,Yam,1983,1600.0,8800.0,5500.0,5.5,,
United Republic of Tanzania,Yam,1984,1600.0,8800.0,5500.0,5.5,,
United Republic of Tanzania,Yam,1985,1600.0,8800.0,5500.0,5.5,,
United Republic of Tanzania,Yam,1986,1600.0,8800.0,5500.0,5.5,,
United Republic of Tanzania,Yam,1987,1650.0,9000.0,5454.5,5.454545454545454,,
United Republic of Tanzania,Yam,1988,1700.0,9500.0,5588.2,5.588235294117647,,
United Republic of Tanzania,Yam,1989,1700.0,10000.0,5882.4,5.882352941176471,,
United Republic of Tanzania,Yam,1990,1612.0,11299.0,7009.3,7.009305210918114,,
United Republic of Tanzania,Yam,1991,1679.0,9148.36,5448.2,5.448695652173914,,
United Republic of Tanzania,Yam,1992,1736.0,9500.0,5471.2,5.472350230414746,,
United Republic of Tanzania,Yam,1993,1820.0,10000.0,5494.2,5.4945054945054945,,
United Republic of Tanzania,Yam,1994,1833.0,10115.4,5517.2,5.518494271685761,,
United Republic of Tanzania,Yam,1995,1835.0,10168.96,5540.2,5.541667574931879,,
United Republic of Tanzania,Yam,1996,1821.0,10128.48,5563.2,5.562042833607907,,
United Republic of Tanzania,Yam,1997,1833.0,10172.3,5550.0,5.549536279323513,,
United Republic of Tanzania,Yam,1998,1737.0,9861.82,5675.9,5.677501439263097,,
United Republic of Tanzania,Yam,1999,1650.0,9500.0,5757.6,5.757575757575758,,
United Republic of Tanzania,Yam,2000,1600.0,9000.0,5625.0,5.625,,
United Republic of Tanzania,Yam,2001,1500.0,8500.0,5666.7,5.666666666666667,,
United Republic of Tanzania,Yam,2002,1400.0,7900.0,5642.9,5.642857142857143,,
United Republic of Tanzania,Yam,2003,1350.0,7623.0,5646.7,5.6466666666666665,,
United Republic of Tanzania,Yam,2004,1400.0,7900.0,5642.9,5.642857142857143,,
United Republic of Tanzania,Yam,2005,1395.0,7950.0,5698.1,5.698924731182796,,
United Republic of Tanzania,Yam,2006,1450.0,8200.0,5655.2,5.655172413793103,,
United Republic of Tanzania,Yam,2007,1500.0,8500.0,5666.7,5.666666666666667,,
United Republic of Tanzania,Yam,2008,1568.0,8944.05,5702.9,5.704113520408163,,
United Republic of Tanzania,Yam,2009,1656.0,9386.1,5668.7,5.667934782608696,,
United Republic of Tanzania,Yam,2010,1800.0,9750.0,5416.7,5.416666666666667,,
United Republic of Tanzania,Yam,2011,1630.0,9800.0,6013.2,6.012269938650307,,
United Republic of Tanzania,Yam,2012,1500.0,10000.0,6666.7,6.666666666666667,,
United Republic of Tanzania,Yam,2013,1500.0,10000.0,6666.7,6.666666666666667,,
United Republic of Tanzania,Yam,2014,1534.0,10014.21,6526.2,6.528168187744458,,
United Republic of Tanzania,Yam,2015,1425.0,9141.22,6414.7,6.414891228070175,,
United Republic of Tanzania,Yam,2016,1487.0,9718.48,6537.8,6.535628782784129,,
United Republic of Tanzania,Yam,2017,1485.0,9837.21,6624.9,6.624383838383838,,
United Republic of Tanzania,Yam,2018,1502.0,9565.64,6368.9,6.368601864181091,,
United Republic of Tanzania,Yam,2019,1526.0,9419.05,6172.4,6.17237876802097,,
United Republic of Tanzania,Yam,2020,1508.0,9258.72,6137.7,6.13973474801061,,
United Republic of Tanzania,Yam,2021,1512.0,9414.47,6225.9,6.226501322751322,,
United Republic of Tanzania,Yam,2022,1516.0,9364.08,6178.7,6.176833773087071,,
United Republic of Tanzania,Yam,2023,1512.0,9345.76,6180.8,6.181058201058201,,
United Republic of Tanzania,Yam,2024,1513.0,9374.77,6195.1,6.196146728354264,,
